,Unnamed: 0_level_0,Unnamed: 1_level_0,Unnamed: 2_level_0,Unnamed: 3_level_0,Unnamed: 4_level_0,Unnamed: 5_level_0,Unnamed: 6_level_0,Unnamed: 7_level_0,Unnamed: 8_level_0,Unnamed: 9_level_0,Unnamed: 10_level_0,Passing,Passing,Passing,Passing,Passing,Passing,Passing,Passing,Passing,Passing,Passing,Rushing,Rushing,Rushing,Rushing,Receiving,Receiving,Receiving,Receiving,Receiving,Receiving,Receiving,Scoring,Scoring,Scoring,Fumbles,Fumbles,Fumbles,Fumbles,Fumbles,Fumbles,Off. Snaps,Off. Snaps,Def. Snaps,Def. Snaps,ST Snaps,ST Snaps,Unnamed: 48_level_0,qb,qb_tag
,Rk,Year,Date,G#,Week,Age,Tm,Unnamed: 7_level_1,Opp,Result,GS,Cmp,Att,Cmp%,Yds,TD,Int,Rate,Sk,Yds.1,Y/A,AY/A,Att,Yds,Y/A,TD,Tgt,Rec,Yds,Y/R,TD,Ctch%,Y/Tgt,2PM,TD,Pts,Fmb,FL,FF,FR,Yds,TD,Num,Pct,Num,Pct,Num,Pct,Status,,
0,1,2017,2017-09-10,1,1,21.361,HOU,,JAX,L 7-29,,12,23,52.17,102,1,1,60.4,4,21,4.43,3.35,2,16,8.00,0,0,0,0,,0,0.0%,,,0,0,1,1,0,0,0,0,48,61%,0,0%,0,0%,,Deshaun Watson,WatsDe00
1,2,2017,2017-09-14,2,2,22.000,HOU,@,CIN,W 13-9,*,15,24,62.50,125,0,0,75.9,3,27,5.21,5.21,5,67,13.40,1,0,0,0,,0,0.0%,,,1,6,0,0,0,0,0,0,66,100%,0,0%,0,0%,,Deshaun Watson,WatsDe00
2,3,2017,2017-09-24,3,3,22.010,HOU,@,NWE,L 33-36,*,22,33,66.67,301,2,2,90.6,2,9,9.12,7.61,8,41,5.13,0,0,0,0,,0,0.0%,,,0,0,2,0,0,0,0,0,71,100%,0,0%,0,0%,,Deshaun Watson,WatsDe00
3,4,2017,2017-10-01,4,4,22.017,HOU,,TEN,W 57-14,*,25,34,73.53,283,4,1,125.0,1,3,8.32,9.35,4,24,6.00,1,0,0,0,,0,0.0%,,,1,6,0,0,0,0,0,0,78,93%,0,0%,0,0%,,Deshaun Watson,WatsDe00
4,5,2017,2017-10-08,5,5,22.024,HOU,,KAN,L 34-42,*,16,31,51.61,261,5,0,119.8,3,13,8.42,11.65,3,31,10.33,0,0,0,0,,0,0.0%,,1,0,2,0,0,0,0,0,0,64,100%,0,0%,0,0%,,Deshaun Watson,WatsDe00
5,6,2017,2017-10-15,6,6,22.031,HOU,,CLE,W 33-17,*,17,29,58.62,225,3,1,103.4,1,8,7.76,8.28,6,23,3.83,0,0,0,0,,0,0.0%,,,0,0,0,0,0,0,0,0,66,100%,0,0%,0,0%,,Deshaun Watson,WatsDe00
6,7,2017,2017-10-29,7,8,22.045,HOU,@,SEA,L 38-41,*,19,30,63.33,402,4,3,106.9,5,35,13.40,11.57,8,67,8.38,0,0,0,0,,0,0.0%,,,0,0,0,0,0,0,0,0,71,100%,0,0%,0,0%,,Deshaun Watson,WatsDe00
7,8,2017,2017-11-05,8,9,,HOU,,IND,L 14-20,Injured Reserve,Injured Reserve,Injured Reserve,Injured Reserve,Injured Reserve,Injured Reserve,Injured Reserve,Injured Reserve,Injured Reserve,Injured Reserve,Injured Reserve,Injured Reserve,Injured Reserve,Injured Reserve,Injured Reserve,Injured Reserve,Injured Reserve,Injured Reserve,Injured Reserve,Injured Reserve,Injured Reserve,Injured Reserve,Injured Reserve,Injured Reserve,Injured Reserve,Injured Reserve,Injured Reserve,Injured Reserve,Injured Reserve,Injured Reserve,Injured Reserve,Injured Reserve,Injured Reserve,Injured Reserve,Injured Reserve,Injured Reserve,Injured Reserve,Injured Reserve,Injured Reserve,Deshaun Watson,WatsDe00
8,9,2017,2017-11-12,9,10,,HOU,@,LAR,L 7-33,Injured Reserve,Injured Reserve,Injured Reserve,Injured Reserve,Injured Reserve,Injured Reserve,Injured Reserve,Injured Reserve,Injured Reserve,Injured Reserve,Injured Reserve,Injured Reserve,Injured Reserve,Injured Reserve,Injured Reserve,Injured Reserve,Injured Reserve,Injured Reserve,Injured Reserve,Injured Reserve,Injured Reserve,Injured Reserve,Injured Reserve,Injured Reserve,Injured Reserve,Injured Reserve,Injured Reserve,Injured Reserve,Injured Reserve,Injured Reserve,Injured Reserve,Injured Reserve,Injured Reserve,Injured Reserve,Injured Reserve,Injured Reserve,Injured Reserve,Injured Reserve,Injured Reserve,Deshaun Watson,WatsDe00
9,10,2017,2017-11-19,10,11,,HOU,,ARI,W 31-21,Injured Reserve,Injured Reserve,Injured Reserve,Injured Reserve,Injured Reserve,Injured Reserve,Injured Reserve,Injured Reserve,Injured Reserve,Injured Reserve,Injured Reserve,Injured Reserve,Injured Reserve,Injured Reserve,Injured Reserve,Injured Reserve,Injured Reserve,Injured Reserve,Injured Reserve,Injured Reserve,Injured Reserve,Injured Reserve,Injured Reserve,Injured Reserve,Injured Reserve,Injured Reserve,Injured Reserve,Injured Reserve,Injured Reserve,Injured Reserve,Injured Reserve,Injured Reserve,Injured Reserve,Injured Reserve,Injured Reserve,Injured Reserve,Injured Reserve,Injured Reserve,Injured Reserve,Deshaun Watson,WatsDe00
10,11,2017,2017-11-27,11,12,,HOU,@,BAL,L 16-23,Injured Reserve,Injured Reserve,Injured Reserve,Injured Reserve,Injured Reserve,Injured Reserve,Injured Reserve,Injured Reserve,Injured Reserve,Injured Reserve,Injured Reserve,Injured Reserve,Injured Reserve,Injured Reserve,Injured Reserve,Injured Reserve,Injured Reserve,Injured Reserve,Injured Reserve,Injured Reserve,Injured Reserve,Injured Reserve,Injured Reserve,Injured Reserve,Injured Reserve,Injured Reserve,Injured Reserve,Injured Reserve,Injured Reserve,Injured Reserve,Injured Reserve,Injured Reserve,Injured Reserve,Injured Reserve,Injured Reserve,Injured Reserve,Injured Reserve,Injured Reserve,Injured Reserve,Deshaun Watson,WatsDe00
11,12,2017,2017-12-03,12,13,,HOU,@,TEN,L 13-24,Injured Reserve,Injured Reserve,Injured Reserve,Injured Reserve,Injured Reserve,Injured Reserve,Injured Reserve,Injured Reserve,Injured Reserve,Injured Reserve,Injured Reserve,Injured Reserve,Injured Reserve,Injured Reserve,Injured Reserve,Injured Reserve,Injured Reserve,Injured Reserve,Injured Reserve,Injured Reserve,Injured Reserve,Injured Reserve,Injured Reserve,Injured Reserve,Injured Reserve,Injured Reserve,Injured Reserve,Injured Reserve,Injured Reserve,Injured Reserve,Injured Reserve,Injured Reserve,Injured Reserve,Injured Reserve,Injured Reserve,Injured Reserve,Injured Reserve,Injured Reserve,Injured Reserve,Deshaun Watson,WatsDe00
12,13,2017,2017-12-10,13,14,,HOU,,SFO,L 16-26,Injured Reserve,Injured Reserve,Injured Reserve,Injured Reserve,Injured Reserve,Injured Reserve,Injured Reserve,Injured Reserve,Injured Reserve,Injured Reserve,Injured Reserve,Injured Reserve,Injured Reserve,Injured Reserve,Injured Reserve,Injured Reserve,Injured Reserve,Injured Reserve,Injured Reserve,Injured Reserve,Injured Reserve,Injured Reserve,Injured Reserve,Injured Reserve,Injured Reserve,Injured Reserve,Injured Reserve,Injured Reserve,Injured Reserve,Injured Reserve,Injured Reserve,Injured Reserve,Injured Reserve,Injured Reserve,Injured Reserve,Injured Reserve,Injured Reserve,Injured Reserve,Injured Reserve,Deshaun Watson,WatsDe00
13,14,2017,2017-12-17,14,15,,HOU,@,JAX,L 7-45,Injured Reserve,Injured Reserve,Injured Reserve,Injured Reserve,Injured Reserve,Injured Reserve,Injured Reserve,Injured Reserve,Injured Reserve,Injured Reserve,Injured Reserve,Injured Reserve,Injured Reserve,Injured Reserve,Injured Reserve,Injured Reserve,Injured Reserve,Injured Reserve,Injured Reserve,Injured Reserve,Injured Reserve,Injured Reserve,Injured Reserve,Injured Reserve,Injured Reserve,Injured Reserve,Injured Reserve,Injured Reserve,Injured Reserve,Injured Reserve,Injured Reserve,Injured Reserve,Injured Reserve,Injured Reserve,Injured Reserve,Injured Reserve,Injured Reserve,Injured Reserve,Injured Reserve,Deshaun Watson,WatsDe00
14,15,2017,2017-12-25,15,16,,HOU,,PIT,L 6-34,Injured Reserve,Injured Reserve,Injured Reserve,Injured Reserve,Injured Reserve,Injured Reserve,Injured Reserve,Injured Reserve,Injured Reserve,Injured Reserve,Injured Reserve,Injured Reserve,Injured Reserve,Injured Reserve,Injured Reserve,Injured Reserve,Injured Reserve,Injured Reserve,Injured Reserve,Injured Reserve,Injured Reserve,Injured Reserve,Injured Reserve,Injured Reserve,Injured Reserve,Injured Reserve,Injured Reserve,Injured Reserve,Injured Reserve,Injured Reserve,Injured Reserve,Injured Reserve,Injured Reserve,Injured Reserve,Injured Reserve,Injured Reserve,Injured Reserve,Injured Reserve,Injured Reserve,Deshaun Watson,WatsDe00
15,16,2017,2017-12-31,16,17,,HOU,@,IND,L 13-22,Injured Reserve,Injured Reserve,Injured Reserve,Injured Reserve,Injured Reserve,Injured Reserve,Injured Reserve,Injured Reserve,Injured Reserve,Injured Reserve,Injured Reserve,Injured Reserve,Injured Reserve,Injured Reserve,Injured Reserve,Injured Reserve,Injured Reserve,Injured Reserve,Injured Reserve,Injured Reserve,Injured Reserve,Injured Reserve,Injured Reserve,Injured Reserve,Injured Reserve,Injured Reserve,Injured Reserve,Injured Reserve,Injured Reserve,Injured Reserve,Injured Reserve,Injured Reserve,Injured Reserve,Injured Reserve,Injured Reserve,Injured Reserve,Injured Reserve,Injured Reserve,Injured Reserve,Deshaun Watson,WatsDe00
16,Rk,Year,Date,G#,Week,Age,Tm,,Opp,Result,GS,Cmp,Att,Cmp%,Yds,TD,Int,Rate,Sk,Yds,Y/A,AY/A,Att,Yds,Y/A,TD,Tgt,Rec,Yds,Y/R,TD,Ctch%,Y/Tgt,2PM,TD,Pts,Fmb,FL,FF,FR,Yds,TD,Num,Pct,Num,Pct,Num,Pct,Status,Deshaun Watson,WatsDe00
17,17,2018,2018-09-09,1,1,22.360,HOU,@,NWE,L 20-27,*,17,34,50.00,176,1,1,62.9,3,18,5.18,4.44,8,40,5.00,0,0,0,0,,0,0.0%,,,0,0,1,1,0,0,-3,0,74,100%,0,0%,0,0%,,Deshaun Watson,WatsDe00
18,18,2018,2018-09-16,2,2,23.002,HOU,@,TEN,L 17-20,*,22,32,68.75,310,2,1,107.6,4,21,9.69,9.53,5,44,8.80,0,0,0,0,,0,0.0%,,,0,0,2,0,0,2,-10,0,67,100%,0,0%,0,0%,,Deshaun Watson,WatsDe00
19,19,2018,2018-09-23,3,3,23.009,HOU,,NYG,L 22-27,*,24,40,60.00,385,2,1,98.4,3,17,9.63,9.50,5,36,7.20,0,0,0,0,,0,0.0%,,,0,0,0,0,0,0,0,0,68,100%,0,0%,0,0%,,Deshaun Watson,WatsDe00
20,20,2018,2018-09-30,4,4,23.016,HOU,@,IND,W 37-34,*,29,42,69.05,375,2,1,102.8,7,28,8.93,8.81,6,41,6.83,1,0,0,0,,0,0.0%,,,1,6,0,0,0,0,0,0,86,100%,0,0%,0,0%,,Deshaun Watson,WatsDe00
21,21,2018,2018-10-07,5,5,23.023,HOU,,DAL,W 19-16,*,33,44,75.00,375,1,1,98.2,1,1,8.52,7.95,10,40,4.00,0,0,0,0,,0,0.0%,,,0,0,1,0,0,0,-12,0,80,100%,0,0%,0,0%,,Deshaun Watson,WatsDe00
22,22,2018,2018-10-14,6,6,23.030,HOU,,BUF,W 20-13,*,15,25,60.00,177,1,2,61.6,7,35,7.08,4.28,2,2,1.00,0,0,0,0,,0,0.0%,,,0,0,3,1,0,0,0,0,61,100%,0,0%,0,0%,,Deshaun Watson,WatsDe00
23,23,2018,2018-10-21,7,7,23.037,HOU,@,JAX,W 20-7,*,12,24,50.00,139,1,0,81.8,1,8,5.79,6.63,7,13,1.86,0,0,0,0,,0,0.0%,,,0,0,0,0,0,1,0,0,64,100%,0,0%,0,0%,,Deshaun Watson,WatsDe00
24,24,2018,2018-10-25,8,8,23.041,HOU,,MIA,W 42-23,*,16,20,80.00,239,5,0,156.0,0,0,11.95,16.95,1,14,14.00,0,0,0,0,,0,0.0%,,,0,0,0,0,0,0,0,0,60,98%,0,0%,0,0%,,Deshaun Watson,WatsDe00
25,25,2018,2018-11-04,9,9,23.051,HOU,@,DEN,W 19-17,*,17,24,70.83,213,2,0,125.9,4,21,8.88,10.54,6,38,6.33,0,0,0,0,,0,0.0%,,,0,0,0,0,0,0,0,0,62,100%,0,0%,0,0%,,Deshaun Watson,WatsDe00
26,26,2018,2018-11-18,10,11,23.065,HOU,@,WAS,W 23-21,*,16,24,66.67,208,1,2,72.9,3,27,8.67,5.75,3,7,2.33,0,0,0,0,,0,0.0%,,,0,0,1,0,0,0,0,0,63,100%,0,0%,0,0%,,Deshaun Watson,WatsDe00
27,27,2018,2018-11-26,11,12,23.073,HOU,,TEN,W 34-17,*,19,24,79.17,210,2,0,130.9,4,29,8.75,10.42,9,70,7.78,1,0,0,0,,0,0.0%,,,1,6,0,0,0,0,0,0,65,100%,0,0%,0,0%,,Deshaun Watson,WatsDe00
28,28,2018,2018-12-02,12,13,23.079,HOU,,CLE,W 29-13,*,22,31,70.97,224,1,0,102.1,4,27,7.23,7.87,7,30,4.29,0,0,0,0,,0,0.0%,,,0,0,0,0,0,0,0,0,76,100%,0,0%,0,0%,,Deshaun Watson,WatsDe00
29,29,2018,2018-12-09,13,14,23.086,HOU,,IND,L 21-24,*,27,38,71.05,267,1,0,99.3,5,41,7.03,7.55,5,35,7.00,0,0,0,0,,0,0.0%,,,0,0,0,0,0,0,0,0,72,100%,0,0%,0,0%,,Deshaun Watson,WatsDe00
30,30,2018,2018-12-15,14,15,23.092,HOU,@,NYJ,W 29-22,*,22,28,78.57,294,2,0,134.2,6,55,10.50,11.93,4,26,6.50,0,0,0,0,,0,0.0%,,,0,0,0,0,0,0,0,0,53,100%,0,0%,0,0%,,Deshaun Watson,WatsDe00
31,31,2018,2018-12-23,15,16,23.100,HOU,@,PHI,L 30-32,*,29,40,72.50,339,2,0,114.5,4,30,8.48,9.48,8,49,6.13,2,0,0,0,,0,0.0%,,,2,12,1,1,0,0,0,0,65,100%,0,0%,0,0%,,Deshaun Watson,WatsDe00
32,32,2018,2018-12-30,16,17,23.107,HOU,,JAX,W 20-3,*,25,35,71.43,234,0,0,89.5,6,26,6.69,6.69,13,66,5.08,1,0,0,0,,0,0.0%,,,1,6,0,0,0,0,0,0,77,100%,0,0%,0,0%,,Deshaun Watson,WatsDe00
33,Rk,Year,Date,G#,Week,Age,Tm,,Opp,Result,GS,Cmp,Att,Cmp%,Yds,TD,Int,Rate,Sk,Yds,Y/A,AY/A,Att,Yds,Y/A,TD,Tgt,Rec,Yds,Y/R,TD,Ctch%,Y/Tgt,2PM,TD,Pts,Fmb,FL,FF,FR,Yds,TD,Num,Pct,Num,Pct,Num,Pct,Status,Deshaun Watson,WatsDe00
34,33,2019,2019-09-09,1,1,23.360,HOU,@,NOR,L 28-30,*,20,30,66.67,268,3,1,114.3,6,34,8.93,9.43,4,40,10.00,1,0,0,0,,0,0.0%,,,1,6,0,0,0,0,0,0,64,100%,0,0%,0,0%,,Deshaun Watson,WatsDe00
35,34,2019,2019-09-15,2,2,24.001,HOU,,JAX,W 13-12,*,16,29,55.17,159,0,0,70.9,4,22,5.48,5.48,4,5,1.25,1,0,0,0,,0,0.0%,,,1,6,2,0,0,1,-3,0,64,100%,0,0%,0,0%,,Deshaun Watson,WatsDe00
36,35,2019,2019-09-22,3,3,24.008,HOU,@,LAC,W 27-20,*,25,34,73.53,351,3,0,135.8,2,14,10.32,12.09,7,18,2.57,0,0,0,0,,0,0.0%,,,0,0,1,1,0,1,0,0,59,100%,0,0%,0,0%,,Deshaun Watson,WatsDe00
37,36,2019,2019-09-29,4,4,24.015,HOU,,CAR,L 10-16,*,21,33,63.64,160,0,0,75.3,6,32,4.85,4.85,3,12,4.00,1,0,0,0,,0,0.0%,,,1,6,1,1,0,0,0,0,67,100%,0,0%,0,0%,,Deshaun Watson,WatsDe00
38,37,2019,2019-10-06,5,5,24.022,HOU,,ATL,W 53-32,*,28,33,84.85,426,5,0,158.3,0,0,12.91,15.94,4,47,11.75,0,0,0,0,,0,0.0%,,,0,0,2,0,0,2,0,0,70,100%,0,0%,0,0%,,Deshaun Watson,WatsDe00
39,38,2019,2019-10-13,6,6,24.029,HOU,@,KAN,W 31-24,*,30,42,71.43,280,1,2,77.5,0,0,6.67,5.00,10,42,4.20,2,0,0,0,,0,0.0%,,,2,12,0,0,0,0,0,0,89,100%,0,0%,0,0%,,Deshaun Watson,WatsDe00
40,39,2019,2019-10-20,7,7,24.036,HOU,@,IND,L 23-30,*,23,34,67.65,308,1,2,81.5,3,17,9.06,7.00,3,32,10.67,0,0,0,0,,0,0.0%,,,0,0,0,0,0,0,0,0,63,100%,0,0%,0,0%,,Deshaun Watson,WatsDe00
41,40,2019,2019-10-27,8,8,24.043,HOU,,OAK,W 27-24,*,27,39,69.23,279,3,0,115.2,3,21,7.15,8.69,10,46,4.60,0,0,0,0,,0,0.0%,,,0,0,0,0,0,0,0,0,79,100%,0,0%,0,0%,,Deshaun Watson,WatsDe00
42,41,2019,2019-11-03,9,9,24.050,HOU,@,JAX,W 26-3,*,22,28,78.57,201,2,0,120.4,1,7,7.18,8.61,7,37,5.29,0,0,0,0,,0,0.0%,,,0,0,0,0,0,0,0,0,68,100%,0,0%,0,0%,,Deshaun Watson,WatsDe00
43,42,2019,2019-11-17,10,11,24.064,HOU,@,BAL,L 7-41,*,18,29,62.07,169,0,1,63.7,6,49,5.83,4.28,3,12,4.00,0,0,0,0,,0,0.0%,,,0,0,1,1,0,0,0,0,56,93%,0,0%,0,0%,,Deshaun Watson,WatsDe00
44,43,2019,2019-11-21,11,12,24.068,HOU,,IND,W 20-17,*,19,30,63.33,298,2,1,104.6,1,1,9.93,9.77,3,10,3.33,0,0,0,0,,0,0.0%,,,0,0,1,0,0,1,0,0,58,100%,0,0%,0,0%,,Deshaun Watson,WatsDe00
45,44,2019,2019-12-01,12,13,24.078,HOU,,NWE,W 28-22,*,18,25,72.00,234,3,0,140.7,3,16,9.36,11.76,4,-1,-0.25,0,1,1,6,6.00,1,100.0%,6.00,,1,6,0,0,0,0,0,0,55,100%,0,0%,0,0%,,Deshaun Watson,WatsDe00
46,45,2019,2019-12-08,13,14,24.085,HOU,,DEN,L 24-38,*,28,50,56.00,292,1,2,63.1,3,12,5.84,4.44,6,44,7.33,2,0,0,0,,0,0.0%,,,2,12,0,0,0,0,0,0,76,100%,0,0%,0,0%,,Deshaun Watson,WatsDe00
47,46,2019,2019-12-15,14,15,24.092,HOU,@,TEN,W 24-21,*,19,27,70.37,243,2,2,92.1,1,9,9.00,7.15,7,32,4.57,0,0,0,0,,0,0.0%,,,0,0,1,0,0,0,0,0,63,100%,0,0%,0,0%,,Deshaun Watson,WatsDe00
48,47,2019,2019-12-21,15,16,24.098,HOU,@,TAM,W 23-20,*,19,32,59.38,184,0,1,62.5,5,23,5.75,4.34,7,37,5.29,0,0,0,0,,0,0.0%,,,0,0,1,0,0,0,0,0,66,100%,0,0%,0,0%,,Deshaun Watson,WatsDe00
49,48,2019,2019-12-29,16,17,,HOU,,TEN,L 14-35,Did Not Play,Did Not Play,Did Not Play,Did Not Play,Did Not Play,Did Not Play,Did Not Play,Did Not Play,Did Not Play,Did Not Play,Did Not Play,Did Not Play,Did Not Play,Did Not Play,Did Not Play,Did Not Play,Did Not Play,Did Not Play,Did Not Play,Did Not Play,Did Not Play,Did Not Play,Did Not Play,Did Not Play,Did Not Play,Did Not Play,Did Not Play,Did Not Play,Did Not Play,Did Not Play,Did Not Play,Did Not Play,Did Not Play,Did Not Play,Did Not Play,Did Not Play,Did Not Play,Did Not Play,Did Not Play,Deshaun Watson,WatsDe00
50,Rk,Year,Date,G#,Week,Age,Tm,,Opp,Result,GS,Cmp,Att,Cmp%,Yds,TD,Int,Rate,Sk,Yds,Y/A,AY/A,Att,Yds,Y/A,TD,Tgt,Rec,Yds,Y/R,TD,Ctch%,Y/Tgt,2PM,TD,Pts,Fmb,FL,FF,FR,Yds,TD,Num,Pct,Num,Pct,Num,Pct,Status,Deshaun Watson,WatsDe00
51,49,2020,2020-09-10,1,1,24.362,HOU,@,KAN,L 20-34,*,20,32,62.50,253,1,1,84.5,4,11,7.91,7.13,6,27,4.50,1,0,0,0,,0,0.0%,,,1,6,0,0,0,0,0,0,59,100%,0,0%,0,0%,,Deshaun Watson,WatsDe00
52,50,2020,2020-09-20,2,2,25.006,HOU,,BAL,L 16-33,*,25,36,69.44,275,1,1,89.5,4,22,7.64,6.94,5,17,3.40,0,0,0,0,,0,0.0%,,,0,0,0,0,0,0,0,0,59,100%,0,0%,0,0%,,Deshaun Watson,WatsDe00
53,51,2020,2020-09-27,3,3,25.013,HOU,@,PIT,L 21-28,*,19,27,70.37,264,2,1,110.7,5,33,9.78,9.59,1,5,5.00,0,0,0,0,,0,0.0%,,,0,0,0,0,0,0,0,0,47,100%,0,0%,0,0%,,Deshaun Watson,WatsDe00
54,52,2020,2020-10-04,4,4,25.020,HOU,,MIN,L 23-31,*,20,33,60.61,300,2,0,110.7,3,10,9.09,10.30,5,9,1.80,0,0,0,0,,0,0.0%,,,0,0,2,0,0,1,-4,0,65,100%,0,0%,0,0%,,Deshaun Watson,WatsDe00
55,53,2020,2020-10-11,5,5,25.027,HOU,,JAX,W 30-14,*,25,35,71.43,359,3,2,109.1,1,2,10.26,9.40,2,25,12.50,0,0,0,0,,0,0.0%,,,0,0,0,0,0,0,0,0,58,100%,0,0%,0,0%,,Deshaun Watson,WatsDe00
56,54,2020,2020-10-18,6,6,25.034,HOU,@,TEN,L 36-42,*,28,37,75.68,335,4,0,138.9,2,15,9.05,11.22,4,26,6.50,0,0,0,0,,0,0.0%,,,0,0,0,0,0,0,0,0,71,100%,0,0%,0,0%,,Deshaun Watson,WatsDe00
57,55,2020,2020-10-25,7,7,25.041,HOU,,GNB,L 20-35,*,29,39,74.36,309,2,0,114.2,3,23,7.92,8.95,7,38,5.43,0,0,0,0,,0,0.0%,,,0,0,0,0,0,0,0,0,68,100%,0,0%,0,0%,,Deshaun Watson,WatsDe00
58,56,2020,2020-11-08,8,9,25.055,HOU,@,JAX,W 27-25,*,19,32,59.38,281,2,0,109.0,2,14,8.78,10.03,10,50,5.00,0,0,0,0,,0,0.0%,,,0,0,1,0,0,1,-4,0,64,100%,0,0%,0,0%,,Deshaun Watson,WatsDe00
59,57,2020,2020-11-15,9,10,25.062,HOU,@,CLE,L 7-10,*,20,30,66.67,163,1,0,91.4,2,10,5.43,6.10,8,36,4.50,0,0,0,0,,0,0.0%,,,0,0,0,0,0,0,0,0,57,100%,0,0%,0,0%,,Deshaun Watson,WatsDe00
60,58,2020,2020-11-22,10,11,25.069,HOU,,NWE,W 27-20,*,28,37,75.68,344,2,0,121.9,0,0,9.30,10.38,6,36,6.00,1,0,0,0,,0,0.0%,,,1,6,0,0,0,0,0,0,61,100%,0,0%,0,0%,,Deshaun Watson,WatsDe00
61,59,2020,2020-11-26,11,12,25.073,HOU,@,DET,W 41-25,*,17,25,68.00,318,4,0,150.4,2,11,12.72,15.92,8,24,3.00,0,0,0,0,,0,0.0%,,,0,0,0,0,0,0,0,0,56,98%,0,0%,0,0%,,Deshaun Watson,WatsDe00
62,60,2020,2020-12-06,12,13,25.083,HOU,,IND,L 20-26,*,26,38,68.42,341,0,1,85.5,5,33,8.97,7.79,7,38,5.43,1,0,0,0,,0,0.0%,,,1,6,2,1,0,0,-5,0,64,100%,0,0%,0,0%,,Deshaun Watson,WatsDe00
63,61,2020,2020-12-13,13,14,25.090,HOU,@,CHI,L 7-36,*,21,30,70.00,219,1,0,101.9,6,52,7.30,7.97,7,38,5.43,0,0,0,0,,0,0.0%,,,0,0,0,0,0,0,0,0,65,98%,0,0%,0,0%,,Deshaun Watson,WatsDe00
64,62,2020,2020-12-20,14,15,25.097,HOU,@,IND,L 20-27,*,33,41,80.49,373,2,0,120.8,5,31,9.10,10.07,6,25,4.17,0,0,0,0,,0,0.0%,,,0,0,1,1,0,0,0,0,69,100%,0,0%,0,0%,,Deshaun Watson,WatsDe00
65,63,2020,2020-12-27,15,16,25.104,HOU,,CIN,L 31-37,*,24,33,72.73,324,3,0,133.9,1,2,9.82,11.64,5,38,7.60,0,0,0,0,,0,0.0%,,,0,0,2,1,0,0,0,0,52,100%,0,0%,0,0%,,Deshaun Watson,WatsDe00
66,64,2020,2021-01-03,16,17,25.111,HOU,,TEN,L 38-41,*,28,39,71.79,365,3,1,115.9,4,24,9.36,9.74,3,12,4.00,0,0,0,0,,0,0.0%,,,0,0,0,0,0,0,0,0,63,100%,0,0%,0,0%,,Deshaun Watson,WatsDe00
67,Rk,Year,Date,G#,Week,Age,Tm,,Opp,Result,GS,Cmp,Att,Cmp%,Yds,TD,Int,Rate,Sk,Yds,Y/A,AY/A,Att,Yds,Y/A,TD,Tgt,Rec,Yds,Y/R,TD,Ctch%,Y/Tgt,2PM,TD,Pts,Fmb,FL,FF,FR,Yds,TD,Num,Pct,Num,Pct,Num,Pct,Status,Deshaun Watson,WatsDe00
68,65,2021,2021-09-12,1,1,,HOU,,JAX,W 37-21,Inactive,Inactive,Inactive,Inactive,Inactive,Inactive,Inactive,Inactive,Inactive,Inactive,Inactive,Inactive,Inactive,Inactive,Inactive,Inactive,Inactive,Inactive,Inactive,Inactive,Inactive,Inactive,Inactive,Inactive,Inactive,Inactive,Inactive,Inactive,Inactive,Inactive,Inactive,Inactive,Inactive,Inactive,Inactive,Inactive,Inactive,Inactive,Inactive,Deshaun Watson,WatsDe00
69,66,2021,2021-09-19,2,2,,HOU,@,CLE,L 21-31,Inactive,Inactive,Inactive,Inactive,Inactive,Inactive,Inactive,Inactive,Inactive,Inactive,Inactive,Inactive,Inactive,Inactive,Inactive,Inactive,Inactive,Inactive,Inactive,Inactive,Inactive,Inactive,Inactive,Inactive,Inactive,Inactive,Inactive,Inactive,Inactive,Inactive,Inactive,Inactive,Inactive,Inactive,Inactive,Inactive,Inactive,Inactive,Inactive,Deshaun Watson,WatsDe00
70,67,2021,2021-09-23,3,3,,HOU,,CAR,L 9-24,Inactive,Inactive,Inactive,Inactive,Inactive,Inactive,Inactive,Inactive,Inactive,Inactive,Inactive,Inactive,Inactive,Inactive,Inactive,Inactive,Inactive,Inactive,Inactive,Inactive,Inactive,Inactive,Inactive,Inactive,Inactive,Inactive,Inactive,Inactive,Inactive,Inactive,Inactive,Inactive,Inactive,Inactive,Inactive,Inactive,Inactive,Inactive,Inactive,Deshaun Watson,WatsDe00
71,68,2021,2021-10-03,4,4,,HOU,@,BUF,L 0-40,Inactive,Inactive,Inactive,Inactive,Inactive,Inactive,Inactive,Inactive,Inactive,Inactive,Inactive,Inactive,Inactive,Inactive,Inactive,Inactive,Inactive,Inactive,Inactive,Inactive,Inactive,Inactive,Inactive,Inactive,Inactive,Inactive,Inactive,Inactive,Inactive,Inactive,Inactive,Inactive,Inactive,Inactive,Inactive,Inactive,Inactive,Inactive,Inactive,Deshaun Watson,WatsDe00
72,69,2021,2021-10-10,5,5,,HOU,,NWE,L 22-25,Inactive,Inactive,Inactive,Inactive,Inactive,Inactive,Inactive,Inactive,Inactive,Inactive,Inactive,Inactive,Inactive,Inactive,Inactive,Inactive,Inactive,Inactive,Inactive,Inactive,Inactive,Inactive,Inactive,Inactive,Inactive,Inactive,Inactive,Inactive,Inactive,Inactive,Inactive,Inactive,Inactive,Inactive,Inactive,Inactive,Inactive,Inactive,Inactive,Deshaun Watson,WatsDe00
73,70,2021,2021-10-17,6,6,,HOU,@,IND,L 3-31,Inactive,Inactive,Inactive,Inactive,Inactive,Inactive,Inactive,Inactive,Inactive,Inactive,Inactive,Inactive,Inactive,Inactive,Inactive,Inactive,Inactive,Inactive,Inactive,Inactive,Inactive,Inactive,Inactive,Inactive,Inactive,Inactive,Inactive,Inactive,Inactive,Inactive,Inactive,Inactive,Inactive,Inactive,Inactive,Inactive,Inactive,Inactive,Inactive,Deshaun Watson,WatsDe00
74,71,2021,2021-10-24,7,7,,HOU,@,ARI,L 5-31,Inactive,Inactive,Inactive,Inactive,Inactive,Inactive,Inactive,Inactive,Inactive,Inactive,Inactive,Inactive,Inactive,Inactive,Inactive,Inactive,Inactive,Inactive,Inactive,Inactive,Inactive,Inactive,Inactive,Inactive,Inactive,Inactive,Inactive,Inactive,Inactive,Inactive,Inactive,Inactive,Inactive,Inactive,Inactive,Inactive,Inactive,Inactive,Inactive,Deshaun Watson,WatsDe00
75,72,2021,2021-10-31,8,8,,HOU,,LAR,L 22-38,Inactive,Inactive,Inactive,Inactive,Inactive,Inactive,Inactive,Inactive,Inactive,Inactive,Inactive,Inactive,Inactive,Inactive,Inactive,Inactive,Inactive,Inactive,Inactive,Inactive,Inactive,Inactive,Inactive,Inactive,Inactive,Inactive,Inactive,Inactive,Inactive,Inactive,Inactive,Inactive,Inactive,Inactive,Inactive,Inactive,Inactive,Inactive,Inactive,Deshaun Watson,WatsDe00
76,73,2021,2021-11-07,9,9,,HOU,@,MIA,L 9-17,Inactive,Inactive,Inactive,Inactive,Inactive,Inactive,Inactive,Inactive,Inactive,Inactive,Inactive,Inactive,Inactive,Inactive,Inactive,Inactive,Inactive,Inactive,Inactive,Inactive,Inactive,Inactive,Inactive,Inactive,Inactive,Inactive,Inactive,Inactive,Inactive,Inactive,Inactive,Inactive,Inactive,Inactive,Inactive,Inactive,Inactive,Inactive,Inactive,Deshaun Watson,WatsDe00
77,74,2021,2021-11-21,10,11,,HOU,@,TEN,W 22-13,Inactive,Inactive,Inactive,Inactive,Inactive,Inactive,Inactive,Inactive,Inactive,Inactive,Inactive,Inactive,Inactive,Inactive,Inactive,Inactive,Inactive,Inactive,Inactive,Inactive,Inactive,Inactive,Inactive,Inactive,Inactive,Inactive,Inactive,Inactive,Inactive,Inactive,Inactive,Inactive,Inactive,Inactive,Inactive,Inactive,Inactive,Inactive,Inactive,Deshaun Watson,WatsDe00
78,75,2021,2021-11-28,11,12,,HOU,,NYJ,L 14-21,Inactive,Inactive,Inactive,Inactive,Inactive,Inactive,Inactive,Inactive,Inactive,Inactive,Inactive,Inactive,Inactive,Inactive,Inactive,Inactive,Inactive,Inactive,Inactive,Inactive,Inactive,Inactive,Inactive,Inactive,Inactive,Inactive,Inactive,Inactive,Inactive,Inactive,Inactive,Inactive,Inactive,Inactive,Inactive,Inactive,Inactive,Inactive,Inactive,Deshaun Watson,WatsDe00
79,76,2021,2021-12-05,12,13,,HOU,,IND,L 0-31,Inactive,Inactive,Inactive,Inactive,Inactive,Inactive,Inactive,Inactive,Inactive,Inactive,Inactive,Inactive,Inactive,Inactive,Inactive,Inactive,Inactive,Inactive,Inactive,Inactive,Inactive,Inactive,Inactive,Inactive,Inactive,Inactive,Inactive,Inactive,Inactive,Inactive,Inactive,Inactive,Inactive,Inactive,Inactive,Inactive,Inactive,Inactive,Inactive,Deshaun Watson,WatsDe00
80,77,2021,2021-12-12,13,14,,HOU,,SEA,L 13-33,Inactive,Inactive,Inactive,Inactive,Inactive,Inactive,Inactive,Inactive,Inactive,Inactive,Inactive,Inactive,Inactive,Inactive,Inactive,Inactive,Inactive,Inactive,Inactive,Inactive,Inactive,Inactive,Inactive,Inactive,Inactive,Inactive,Inactive,Inactive,Inactive,Inactive,Inactive,Inactive,Inactive,Inactive,Inactive,Inactive,Inactive,Inactive,Inactive,Deshaun Watson,WatsDe00
81,78,2021,2021-12-19,14,15,,HOU,@,JAX,W 30-16,Inactive,Inactive,Inactive,Inactive,Inactive,Inactive,Inactive,Inactive,Inactive,Inactive,Inactive,Inactive,Inactive,Inactive,Inactive,Inactive,Inactive,Inactive,Inactive,Inactive,Inactive,Inactive,Inactive,Inactive,Inactive,Inactive,Inactive,Inactive,Inactive,Inactive,Inactive,Inactive,Inactive,Inactive,Inactive,Inactive,Inactive,Inactive,Inactive,Deshaun Watson,WatsDe00
82,79,2021,2021-12-26,15,16,,HOU,,LAC,W 41-29,Inactive,Inactive,Inactive,Inactive,Inactive,Inactive,Inactive,Inactive,Inactive,Inactive,Inactive,Inactive,Inactive,Inactive,Inactive,Inactive,Inactive,Inactive,Inactive,Inactive,Inactive,Inactive,Inactive,Inactive,Inactive,Inactive,Inactive,Inactive,Inactive,Inactive,Inactive,Inactive,Inactive,Inactive,Inactive,Inactive,Inactive,Inactive,Inactive,Deshaun Watson,WatsDe00
83,80,2021,2022-01-02,16,17,,HOU,@,SFO,L 7-23,Inactive,Inactive,Inactive,Inactive,Inactive,Inactive,Inactive,Inactive,Inactive,Inactive,Inactive,Inactive,Inactive,Inactive,Inactive,Inactive,Inactive,Inactive,Inactive,Inactive,Inactive,Inactive,Inactive,Inactive,Inactive,Inactive,Inactive,Inactive,Inactive,Inactive,Inactive,Inactive,Inactive,Inactive,Inactive,Inactive,Inactive,Inactive,Inactive,Deshaun Watson,WatsDe00
84,81,2021,2022-01-09,17,18,,HOU,,TEN,L 25-28,Inactive,Inactive,Inactive,Inactive,Inactive,Inactive,Inactive,Inactive,Inactive,Inactive,Inactive,Inactive,Inactive,Inactive,Inactive,Inactive,Inactive,Inactive,Inactive,Inactive,Inactive,Inactive,Inactive,Inactive,Inactive,Inactive,Inactive,Inactive,Inactive,Inactive,Inactive,Inactive,Inactive,Inactive,Inactive,Inactive,Inactive,Inactive,Inactive,Deshaun Watson,WatsDe00
85,,,54 Games,,,,,,,28-26-0,,1186,1748,67.85,14539,104,36,104.5,174,1050,8.32,8.58,307,1677,5.46,17,1,1,6,6.00,1,100.0%,6.00,1,18,110,30,10,0,10,-41,0,,,,,,,,Deshaun Watson,WatsDe00
