,Unnamed: 0_level_0,Unnamed: 1_level_0,Unnamed: 2_level_0,Unnamed: 3_level_0,Unnamed: 4_level_0,Unnamed: 5_level_0,Unnamed: 6_level_0,Unnamed: 7_level_0,Unnamed: 8_level_0,Unnamed: 9_level_0,Unnamed: 10_level_0,Passing,Passing,Passing,Passing,Passing,Passing,Passing,Passing,Passing,Passing,Passing,Rushing,Rushing,Rushing,Rushing,Scoring,Scoring,Fumbles,Fumbles,Fumbles,Fumbles,Fumbles,Fumbles,Off. Snaps,Off. Snaps,Def. Snaps,Def. Snaps,ST Snaps,ST Snaps,Unnamed: 40_level_0,qb,qb_tag
,Rk,Year,Date,G#,Week,Age,Tm,Unnamed: 7_level_1,Opp,Result,GS,Cmp,Att,Cmp%,Yds,TD,Int,Rate,Sk,Yds.1,Y/A,AY/A,Att,Yds,Y/A,TD,TD,Pts,Fmb,FL,FF,FR,Yds,TD,Num,Pct,Num,Pct,Num,Pct,Status,,
0,1,2009,2009-09-14,1,1,,NWE,,BUF,W 25-24,Did Not Play,Did Not Play,Did Not Play,Did Not Play,Did Not Play,Did Not Play,Did Not Play,Did Not Play,Did Not Play,Did Not Play,Did Not Play,Did Not Play,Did Not Play,Did Not Play,Did Not Play,Did Not Play,Did Not Play,Did Not Play,Did Not Play,Did Not Play,Did Not Play,Did Not Play,Did Not Play,Did Not Play,Did Not Play,Did Not Play,Did Not Play,Did Not Play,Did Not Play,Did Not Play,Did Not Play,Brian Hoyer,HoyeBr00
1,2,2009,2009-09-20,2,2,,NWE,@,NYJ,L 9-16,Did Not Play,Did Not Play,Did Not Play,Did Not Play,Did Not Play,Did Not Play,Did Not Play,Did Not Play,Did Not Play,Did Not Play,Did Not Play,Did Not Play,Did Not Play,Did Not Play,Did Not Play,Did Not Play,Did Not Play,Did Not Play,Did Not Play,Did Not Play,Did Not Play,Did Not Play,Did Not Play,Did Not Play,Did Not Play,Did Not Play,Did Not Play,Did Not Play,Did Not Play,Did Not Play,Did Not Play,Brian Hoyer,HoyeBr00
2,3,2009,2009-09-27,3,3,,NWE,,ATL,W 26-10,Did Not Play,Did Not Play,Did Not Play,Did Not Play,Did Not Play,Did Not Play,Did Not Play,Did Not Play,Did Not Play,Did Not Play,Did Not Play,Did Not Play,Did Not Play,Did Not Play,Did Not Play,Did Not Play,Did Not Play,Did Not Play,Did Not Play,Did Not Play,Did Not Play,Did Not Play,Did Not Play,Did Not Play,Did Not Play,Did Not Play,Did Not Play,Did Not Play,Did Not Play,Did Not Play,Did Not Play,Brian Hoyer,HoyeBr00
3,4,2009,2009-10-04,4,4,,NWE,,BAL,W 27-21,Did Not Play,Did Not Play,Did Not Play,Did Not Play,Did Not Play,Did Not Play,Did Not Play,Did Not Play,Did Not Play,Did Not Play,Did Not Play,Did Not Play,Did Not Play,Did Not Play,Did Not Play,Did Not Play,Did Not Play,Did Not Play,Did Not Play,Did Not Play,Did Not Play,Did Not Play,Did Not Play,Did Not Play,Did Not Play,Did Not Play,Did Not Play,Did Not Play,Did Not Play,Did Not Play,Did Not Play,Brian Hoyer,HoyeBr00
4,5,2009,2009-10-11,5,5,,NWE,@,DEN,L 17-20,Did Not Play,Did Not Play,Did Not Play,Did Not Play,Did Not Play,Did Not Play,Did Not Play,Did Not Play,Did Not Play,Did Not Play,Did Not Play,Did Not Play,Did Not Play,Did Not Play,Did Not Play,Did Not Play,Did Not Play,Did Not Play,Did Not Play,Did Not Play,Did Not Play,Did Not Play,Did Not Play,Did Not Play,Did Not Play,Did Not Play,Did Not Play,Did Not Play,Did Not Play,Did Not Play,Did Not Play,Brian Hoyer,HoyeBr00
5,6,2009,2009-10-18,6,6,24.005,NWE,,TEN,W 59-0,,9,11,81.82,52,0,0,86.4,0,0,4.73,4.73,6,-2,-0.33,1,1,6,0,,0,0,0,0,,,,,,,,Brian Hoyer,HoyeBr00
6,7,2009,2009-10-25,7,7,24.012,NWE,@,TAM,W 35-7,,0,0,,0,0,0,,0,,,,3,17,5.67,0,0,0,0,,0,0,0,0,,,,,,,,Brian Hoyer,HoyeBr00
7,8,2009,2009-11-08,8,9,,NWE,,MIA,W 27-17,Did Not Play,Did Not Play,Did Not Play,Did Not Play,Did Not Play,Did Not Play,Did Not Play,Did Not Play,Did Not Play,Did Not Play,Did Not Play,Did Not Play,Did Not Play,Did Not Play,Did Not Play,Did Not Play,Did Not Play,Did Not Play,Did Not Play,Did Not Play,Did Not Play,Did Not Play,Did Not Play,Did Not Play,Did Not Play,Did Not Play,Did Not Play,Did Not Play,Did Not Play,Did Not Play,Did Not Play,Brian Hoyer,HoyeBr00
8,9,2009,2009-11-15,9,10,,NWE,@,IND,L 34-35,Did Not Play,Did Not Play,Did Not Play,Did Not Play,Did Not Play,Did Not Play,Did Not Play,Did Not Play,Did Not Play,Did Not Play,Did Not Play,Did Not Play,Did Not Play,Did Not Play,Did Not Play,Did Not Play,Did Not Play,Did Not Play,Did Not Play,Did Not Play,Did Not Play,Did Not Play,Did Not Play,Did Not Play,Did Not Play,Did Not Play,Did Not Play,Did Not Play,Did Not Play,Did Not Play,Did Not Play,Brian Hoyer,HoyeBr00
9,10,2009,2009-11-22,10,11,,NWE,,NYJ,W 31-14,Did Not Play,Did Not Play,Did Not Play,Did Not Play,Did Not Play,Did Not Play,Did Not Play,Did Not Play,Did Not Play,Did Not Play,Did Not Play,Did Not Play,Did Not Play,Did Not Play,Did Not Play,Did Not Play,Did Not Play,Did Not Play,Did Not Play,Did Not Play,Did Not Play,Did Not Play,Did Not Play,Did Not Play,Did Not Play,Did Not Play,Did Not Play,Did Not Play,Did Not Play,Did Not Play,Did Not Play,Brian Hoyer,HoyeBr00
10,11,2009,2009-11-30,11,12,24.048,NWE,@,NOR,L 17-38,,2,4,50.00,19,0,0,63.5,1,8,4.75,4.75,0,0,,0,0,0,0,,0,0,0,0,,,,,,,,Brian Hoyer,HoyeBr00
11,12,2009,2009-12-06,12,13,,NWE,@,MIA,L 21-22,Did Not Play,Did Not Play,Did Not Play,Did Not Play,Did Not Play,Did Not Play,Did Not Play,Did Not Play,Did Not Play,Did Not Play,Did Not Play,Did Not Play,Did Not Play,Did Not Play,Did Not Play,Did Not Play,Did Not Play,Did Not Play,Did Not Play,Did Not Play,Did Not Play,Did Not Play,Did Not Play,Did Not Play,Did Not Play,Did Not Play,Did Not Play,Did Not Play,Did Not Play,Did Not Play,Did Not Play,Brian Hoyer,HoyeBr00
12,13,2009,2009-12-13,13,14,,NWE,,CAR,W 20-10,Did Not Play,Did Not Play,Did Not Play,Did Not Play,Did Not Play,Did Not Play,Did Not Play,Did Not Play,Did Not Play,Did Not Play,Did Not Play,Did Not Play,Did Not Play,Did Not Play,Did Not Play,Did Not Play,Did Not Play,Did Not Play,Did Not Play,Did Not Play,Did Not Play,Did Not Play,Did Not Play,Did Not Play,Did Not Play,Did Not Play,Did Not Play,Did Not Play,Did Not Play,Did Not Play,Did Not Play,Brian Hoyer,HoyeBr00
13,14,2009,2009-12-20,14,15,,NWE,@,BUF,W 17-10,Did Not Play,Did Not Play,Did Not Play,Did Not Play,Did Not Play,Did Not Play,Did Not Play,Did Not Play,Did Not Play,Did Not Play,Did Not Play,Did Not Play,Did Not Play,Did Not Play,Did Not Play,Did Not Play,Did Not Play,Did Not Play,Did Not Play,Did Not Play,Did Not Play,Did Not Play,Did Not Play,Did Not Play,Did Not Play,Did Not Play,Did Not Play,Did Not Play,Did Not Play,Did Not Play,Did Not Play,Brian Hoyer,HoyeBr00
14,15,2009,2009-12-27,15,16,24.075,NWE,,JAX,W 35-7,,,,,,,,,0,,,,,,,,0,0,0,,,0,0,0,,,,,,,,Brian Hoyer,HoyeBr00
15,16,2009,2010-01-03,16,17,24.082,NWE,@,HOU,L 27-34,,8,12,66.67,71,0,0,82.3,1,10,5.92,5.92,1,10,10.00,0,0,0,0,,0,0,0,0,,,,,,,,Brian Hoyer,HoyeBr00
16,Rk,Year,Date,G#,Week,Age,Tm,,Opp,Result,GS,Cmp,Att,Cmp%,Yds,TD,Int,Rate,Sk,Yds,Y/A,AY/A,Att,Yds,Y/A,TD,TD,Pts,Fmb,FL,FF,FR,Yds,TD,Num,Pct,Num,Pct,Num,Pct,Status,Brian Hoyer,HoyeBr00
17,17,2010,2010-09-12,1,1,,NWE,,CIN,W 38-24,Did Not Play,Did Not Play,Did Not Play,Did Not Play,Did Not Play,Did Not Play,Did Not Play,Did Not Play,Did Not Play,Did Not Play,Did Not Play,Did Not Play,Did Not Play,Did Not Play,Did Not Play,Did Not Play,Did Not Play,Did Not Play,Did Not Play,Did Not Play,Did Not Play,Did Not Play,Did Not Play,Did Not Play,Did Not Play,Did Not Play,Did Not Play,Did Not Play,Did Not Play,Did Not Play,Did Not Play,Brian Hoyer,HoyeBr00
18,18,2010,2010-09-19,2,2,,NWE,@,NYJ,L 14-28,Did Not Play,Did Not Play,Did Not Play,Did Not Play,Did Not Play,Did Not Play,Did Not Play,Did Not Play,Did Not Play,Did Not Play,Did Not Play,Did Not Play,Did Not Play,Did Not Play,Did Not Play,Did Not Play,Did Not Play,Did Not Play,Did Not Play,Did Not Play,Did Not Play,Did Not Play,Did Not Play,Did Not Play,Did Not Play,Did Not Play,Did Not Play,Did Not Play,Did Not Play,Did Not Play,Did Not Play,Brian Hoyer,HoyeBr00
19,19,2010,2010-09-26,3,3,,NWE,,BUF,W 38-30,Did Not Play,Did Not Play,Did Not Play,Did Not Play,Did Not Play,Did Not Play,Did Not Play,Did Not Play,Did Not Play,Did Not Play,Did Not Play,Did Not Play,Did Not Play,Did Not Play,Did Not Play,Did Not Play,Did Not Play,Did Not Play,Did Not Play,Did Not Play,Did Not Play,Did Not Play,Did Not Play,Did Not Play,Did Not Play,Did Not Play,Did Not Play,Did Not Play,Did Not Play,Did Not Play,Did Not Play,Brian Hoyer,HoyeBr00
20,20,2010,2010-10-04,4,4,24.356,NWE,@,MIA,W 41-14,,0,0,,0,0,0,,0,,,,1,-2,-2.00,0,0,0,0,,0,0,0,0,,,,,,,,Brian Hoyer,HoyeBr00
21,21,2010,2010-10-17,5,6,,NWE,,BAL,W 23-20,Did Not Play,Did Not Play,Did Not Play,Did Not Play,Did Not Play,Did Not Play,Did Not Play,Did Not Play,Did Not Play,Did Not Play,Did Not Play,Did Not Play,Did Not Play,Did Not Play,Did Not Play,Did Not Play,Did Not Play,Did Not Play,Did Not Play,Did Not Play,Did Not Play,Did Not Play,Did Not Play,Did Not Play,Did Not Play,Did Not Play,Did Not Play,Did Not Play,Did Not Play,Did Not Play,Did Not Play,Brian Hoyer,HoyeBr00
22,22,2010,2010-10-24,6,7,,NWE,@,SDG,W 23-20,Did Not Play,Did Not Play,Did Not Play,Did Not Play,Did Not Play,Did Not Play,Did Not Play,Did Not Play,Did Not Play,Did Not Play,Did Not Play,Did Not Play,Did Not Play,Did Not Play,Did Not Play,Did Not Play,Did Not Play,Did Not Play,Did Not Play,Did Not Play,Did Not Play,Did Not Play,Did Not Play,Did Not Play,Did Not Play,Did Not Play,Did Not Play,Did Not Play,Did Not Play,Did Not Play,Did Not Play,Brian Hoyer,HoyeBr00
23,23,2010,2010-10-31,7,8,,NWE,,MIN,W 28-18,Did Not Play,Did Not Play,Did Not Play,Did Not Play,Did Not Play,Did Not Play,Did Not Play,Did Not Play,Did Not Play,Did Not Play,Did Not Play,Did Not Play,Did Not Play,Did Not Play,Did Not Play,Did Not Play,Did Not Play,Did Not Play,Did Not Play,Did Not Play,Did Not Play,Did Not Play,Did Not Play,Did Not Play,Did Not Play,Did Not Play,Did Not Play,Did Not Play,Did Not Play,Did Not Play,Did Not Play,Brian Hoyer,HoyeBr00
24,24,2010,2010-11-07,8,9,25.025,NWE,@,CLE,L 14-34,,0,2,0.00,0,0,1,0.0,0,0,0.00,-22.50,1,-1,-1.00,0,0,0,0,,0,0,0,0,,,,,,,,Brian Hoyer,HoyeBr00
25,25,2010,2010-11-14,9,10,,NWE,@,PIT,W 39-26,Did Not Play,Did Not Play,Did Not Play,Did Not Play,Did Not Play,Did Not Play,Did Not Play,Did Not Play,Did Not Play,Did Not Play,Did Not Play,Did Not Play,Did Not Play,Did Not Play,Did Not Play,Did Not Play,Did Not Play,Did Not Play,Did Not Play,Did Not Play,Did Not Play,Did Not Play,Did Not Play,Did Not Play,Did Not Play,Did Not Play,Did Not Play,Did Not Play,Did Not Play,Did Not Play,Did Not Play,Brian Hoyer,HoyeBr00
26,26,2010,2010-11-21,10,11,,NWE,,IND,W 31-28,Did Not Play,Did Not Play,Did Not Play,Did Not Play,Did Not Play,Did Not Play,Did Not Play,Did Not Play,Did Not Play,Did Not Play,Did Not Play,Did Not Play,Did Not Play,Did Not Play,Did Not Play,Did Not Play,Did Not Play,Did Not Play,Did Not Play,Did Not Play,Did Not Play,Did Not Play,Did Not Play,Did Not Play,Did Not Play,Did Not Play,Did Not Play,Did Not Play,Did Not Play,Did Not Play,Did Not Play,Brian Hoyer,HoyeBr00
27,27,2010,2010-11-25,11,12,,NWE,@,DET,W 45-24,Did Not Play,Did Not Play,Did Not Play,Did Not Play,Did Not Play,Did Not Play,Did Not Play,Did Not Play,Did Not Play,Did Not Play,Did Not Play,Did Not Play,Did Not Play,Did Not Play,Did Not Play,Did Not Play,Did Not Play,Did Not Play,Did Not Play,Did Not Play,Did Not Play,Did Not Play,Did Not Play,Did Not Play,Did Not Play,Did Not Play,Did Not Play,Did Not Play,Did Not Play,Did Not Play,Did Not Play,Brian Hoyer,HoyeBr00
28,28,2010,2010-12-06,12,13,,NWE,,NYJ,W 45-3,Did Not Play,Did Not Play,Did Not Play,Did Not Play,Did Not Play,Did Not Play,Did Not Play,Did Not Play,Did Not Play,Did Not Play,Did Not Play,Did Not Play,Did Not Play,Did Not Play,Did Not Play,Did Not Play,Did Not Play,Did Not Play,Did Not Play,Did Not Play,Did Not Play,Did Not Play,Did Not Play,Did Not Play,Did Not Play,Did Not Play,Did Not Play,Did Not Play,Did Not Play,Did Not Play,Did Not Play,Brian Hoyer,HoyeBr00
29,29,2010,2010-12-12,13,14,25.060,NWE,@,CHI,W 36-7,,0,0,,0,0,0,,0,,,,3,-2,-0.67,0,0,0,0,,0,0,0,0,,,,,,,,Brian Hoyer,HoyeBr00
30,30,2010,2010-12-19,14,15,,NWE,,GNB,W 31-27,Did Not Play,Did Not Play,Did Not Play,Did Not Play,Did Not Play,Did Not Play,Did Not Play,Did Not Play,Did Not Play,Did Not Play,Did Not Play,Did Not Play,Did Not Play,Did Not Play,Did Not Play,Did Not Play,Did Not Play,Did Not Play,Did Not Play,Did Not Play,Did Not Play,Did Not Play,Did Not Play,Did Not Play,Did Not Play,Did Not Play,Did Not Play,Did Not Play,Did Not Play,Did Not Play,Did Not Play,Brian Hoyer,HoyeBr00
31,31,2010,2010-12-26,15,16,25.074,NWE,@,BUF,W 34-3,,0,0,,0,0,0,,0,,,,4,-2,-0.50,0,0,0,0,,0,0,0,0,,,,,,,,Brian Hoyer,HoyeBr00
32,32,2010,2011-01-02,16,17,25.081,NWE,,MIA,W 38-7,,7,13,53.85,122,1,0,111.7,0,0,9.38,10.92,1,-1,-1.00,0,0,0,0,,0,0,0,0,,,,,,,,Brian Hoyer,HoyeBr00
33,Rk,Year,Date,G#,Week,Age,Tm,,Opp,Result,GS,Cmp,Att,Cmp%,Yds,TD,Int,Rate,Sk,Yds,Y/A,AY/A,Att,Yds,Y/A,TD,TD,Pts,Fmb,FL,FF,FR,Yds,TD,Num,Pct,Num,Pct,Num,Pct,Status,Brian Hoyer,HoyeBr00
34,33,2011,2011-09-12,1,1,,NWE,@,MIA,W 38-24,Did Not Play,Did Not Play,Did Not Play,Did Not Play,Did Not Play,Did Not Play,Did Not Play,Did Not Play,Did Not Play,Did Not Play,Did Not Play,Did Not Play,Did Not Play,Did Not Play,Did Not Play,Did Not Play,Did Not Play,Did Not Play,Did Not Play,Did Not Play,Did Not Play,Did Not Play,Did Not Play,Did Not Play,Did Not Play,Did Not Play,Did Not Play,Did Not Play,Did Not Play,Did Not Play,Did Not Play,Brian Hoyer,HoyeBr00
35,34,2011,2011-09-18,2,2,,NWE,,SDG,W 35-21,Did Not Play,Did Not Play,Did Not Play,Did Not Play,Did Not Play,Did Not Play,Did Not Play,Did Not Play,Did Not Play,Did Not Play,Did Not Play,Did Not Play,Did Not Play,Did Not Play,Did Not Play,Did Not Play,Did Not Play,Did Not Play,Did Not Play,Did Not Play,Did Not Play,Did Not Play,Did Not Play,Did Not Play,Did Not Play,Did Not Play,Did Not Play,Did Not Play,Did Not Play,Did Not Play,Did Not Play,Brian Hoyer,HoyeBr00
36,35,2011,2011-09-25,3,3,,NWE,@,BUF,L 31-34,Did Not Play,Did Not Play,Did Not Play,Did Not Play,Did Not Play,Did Not Play,Did Not Play,Did Not Play,Did Not Play,Did Not Play,Did Not Play,Did Not Play,Did Not Play,Did Not Play,Did Not Play,Did Not Play,Did Not Play,Did Not Play,Did Not Play,Did Not Play,Did Not Play,Did Not Play,Did Not Play,Did Not Play,Did Not Play,Did Not Play,Did Not Play,Did Not Play,Did Not Play,Did Not Play,Did Not Play,Brian Hoyer,HoyeBr00
37,36,2011,2011-10-02,4,4,,NWE,@,OAK,W 31-19,Did Not Play,Did Not Play,Did Not Play,Did Not Play,Did Not Play,Did Not Play,Did Not Play,Did Not Play,Did Not Play,Did Not Play,Did Not Play,Did Not Play,Did Not Play,Did Not Play,Did Not Play,Did Not Play,Did Not Play,Did Not Play,Did Not Play,Did Not Play,Did Not Play,Did Not Play,Did Not Play,Did Not Play,Did Not Play,Did Not Play,Did Not Play,Did Not Play,Did Not Play,Did Not Play,Did Not Play,Brian Hoyer,HoyeBr00
38,37,2011,2011-10-09,5,5,,NWE,,NYJ,W 30-21,Did Not Play,Did Not Play,Did Not Play,Did Not Play,Did Not Play,Did Not Play,Did Not Play,Did Not Play,Did Not Play,Did Not Play,Did Not Play,Did Not Play,Did Not Play,Did Not Play,Did Not Play,Did Not Play,Did Not Play,Did Not Play,Did Not Play,Did Not Play,Did Not Play,Did Not Play,Did Not Play,Did Not Play,Did Not Play,Did Not Play,Did Not Play,Did Not Play,Did Not Play,Did Not Play,Did Not Play,Brian Hoyer,HoyeBr00
39,38,2011,2011-10-16,6,6,,NWE,,DAL,W 20-16,Did Not Play,Did Not Play,Did Not Play,Did Not Play,Did Not Play,Did Not Play,Did Not Play,Did Not Play,Did Not Play,Did Not Play,Did Not Play,Did Not Play,Did Not Play,Did Not Play,Did Not Play,Did Not Play,Did Not Play,Did Not Play,Did Not Play,Did Not Play,Did Not Play,Did Not Play,Did Not Play,Did Not Play,Did Not Play,Did Not Play,Did Not Play,Did Not Play,Did Not Play,Did Not Play,Did Not Play,Brian Hoyer,HoyeBr00
40,39,2011,2011-10-30,7,8,,NWE,@,PIT,L 17-25,Did Not Play,Did Not Play,Did Not Play,Did Not Play,Did Not Play,Did Not Play,Did Not Play,Did Not Play,Did Not Play,Did Not Play,Did Not Play,Did Not Play,Did Not Play,Did Not Play,Did Not Play,Did Not Play,Did Not Play,Did Not Play,Did Not Play,Did Not Play,Did Not Play,Did Not Play,Did Not Play,Did Not Play,Did Not Play,Did Not Play,Did Not Play,Did Not Play,Did Not Play,Did Not Play,Did Not Play,Brian Hoyer,HoyeBr00
41,40,2011,2011-11-06,8,9,,NWE,,NYG,L 20-24,Did Not Play,Did Not Play,Did Not Play,Did Not Play,Did Not Play,Did Not Play,Did Not Play,Did Not Play,Did Not Play,Did Not Play,Did Not Play,Did Not Play,Did Not Play,Did Not Play,Did Not Play,Did Not Play,Did Not Play,Did Not Play,Did Not Play,Did Not Play,Did Not Play,Did Not Play,Did Not Play,Did Not Play,Did Not Play,Did Not Play,Did Not Play,Did Not Play,Did Not Play,Did Not Play,Did Not Play,Brian Hoyer,HoyeBr00
42,41,2011,2011-11-13,9,10,,NWE,@,NYJ,W 37-16,Did Not Play,Did Not Play,Did Not Play,Did Not Play,Did Not Play,Did Not Play,Did Not Play,Did Not Play,Did Not Play,Did Not Play,Did Not Play,Did Not Play,Did Not Play,Did Not Play,Did Not Play,Did Not Play,Did Not Play,Did Not Play,Did Not Play,Did Not Play,Did Not Play,Did Not Play,Did Not Play,Did Not Play,Did Not Play,Did Not Play,Did Not Play,Did Not Play,Did Not Play,Did Not Play,Did Not Play,Brian Hoyer,HoyeBr00
43,42,2011,2011-11-21,10,11,,NWE,,KAN,W 34-3,Did Not Play,Did Not Play,Did Not Play,Did Not Play,Did Not Play,Did Not Play,Did Not Play,Did Not Play,Did Not Play,Did Not Play,Did Not Play,Did Not Play,Did Not Play,Did Not Play,Did Not Play,Did Not Play,Did Not Play,Did Not Play,Did Not Play,Did Not Play,Did Not Play,Did Not Play,Did Not Play,Did Not Play,Did Not Play,Did Not Play,Did Not Play,Did Not Play,Did Not Play,Did Not Play,Did Not Play,Brian Hoyer,HoyeBr00
44,43,2011,2011-11-27,11,12,26.045,NWE,@,PHI,W 38-20,,0,0,,0,0,0,,0,0,,,1,-1,-1.00,0,0,0,0,,0,0,0,0,,,,,,,,Brian Hoyer,HoyeBr00
45,44,2011,2011-12-04,12,13,26.052,NWE,,IND,W 31-24,,,,,,,,,,,,,,,,,0,0,0,,,0,0,0,,,,,,,,Brian Hoyer,HoyeBr00
46,45,2011,2011-12-11,13,14,,NWE,@,WAS,W 34-27,Did Not Play,Did Not Play,Did Not Play,Did Not Play,Did Not Play,Did Not Play,Did Not Play,Did Not Play,Did Not Play,Did Not Play,Did Not Play,Did Not Play,Did Not Play,Did Not Play,Did Not Play,Did Not Play,Did Not Play,Did Not Play,Did Not Play,Did Not Play,Did Not Play,Did Not Play,Did Not Play,Did Not Play,Did Not Play,Did Not Play,Did Not Play,Did Not Play,Did Not Play,Did Not Play,Did Not Play,Brian Hoyer,HoyeBr00
47,46,2011,2011-12-18,14,15,,NWE,@,DEN,W 41-23,Did Not Play,Did Not Play,Did Not Play,Did Not Play,Did Not Play,Did Not Play,Did Not Play,Did Not Play,Did Not Play,Did Not Play,Did Not Play,Did Not Play,Did Not Play,Did Not Play,Did Not Play,Did Not Play,Did Not Play,Did Not Play,Did Not Play,Did Not Play,Did Not Play,Did Not Play,Did Not Play,Did Not Play,Did Not Play,Did Not Play,Did Not Play,Did Not Play,Did Not Play,Did Not Play,Did Not Play,Brian Hoyer,HoyeBr00
48,47,2011,2011-12-24,15,16,,NWE,,MIA,W 27-24,Did Not Play,Did Not Play,Did Not Play,Did Not Play,Did Not Play,Did Not Play,Did Not Play,Did Not Play,Did Not Play,Did Not Play,Did Not Play,Did Not Play,Did Not Play,Did Not Play,Did Not Play,Did Not Play,Did Not Play,Did Not Play,Did Not Play,Did Not Play,Did Not Play,Did Not Play,Did Not Play,Did Not Play,Did Not Play,Did Not Play,Did Not Play,Did Not Play,Did Not Play,Did Not Play,Did Not Play,Brian Hoyer,HoyeBr00
49,48,2011,2012-01-01,16,17,26.080,NWE,,BUF,W 49-21,,1,1,100.00,22,0,0,118.7,0,0,22.00,22.00,3,-2,-0.67,0,0,0,0,,0,0,0,0,,,,,,,,Brian Hoyer,HoyeBr00
50,Rk,Year,Date,G#,Week,Age,Tm,,Opp,Result,GS,Cmp,Att,Cmp%,Yds,TD,Int,Rate,Sk,Yds,Y/A,AY/A,Att,Yds,Y/A,TD,TD,Pts,Fmb,FL,FF,FR,Yds,TD,Num,Pct,Num,Pct,Num,Pct,Status,Brian Hoyer,HoyeBr00
51,49,2012,2012-11-25,11,12,,PIT,@,CLE,L 14-20,Did Not Play,Did Not Play,Did Not Play,Did Not Play,Did Not Play,Did Not Play,Did Not Play,Did Not Play,Did Not Play,Did Not Play,Did Not Play,Did Not Play,Did Not Play,Did Not Play,Did Not Play,Did Not Play,Did Not Play,Did Not Play,Did Not Play,Did Not Play,Did Not Play,Did Not Play,Did Not Play,Did Not Play,Did Not Play,Did Not Play,Did Not Play,Did Not Play,Did Not Play,Did Not Play,Did Not Play,Brian Hoyer,HoyeBr00
52,50,2012,2012-12-02,12,13,,PIT,@,BAL,W 23-20,Did Not Play,Did Not Play,Did Not Play,Did Not Play,Did Not Play,Did Not Play,Did Not Play,Did Not Play,Did Not Play,Did Not Play,Did Not Play,Did Not Play,Did Not Play,Did Not Play,Did Not Play,Did Not Play,Did Not Play,Did Not Play,Did Not Play,Did Not Play,Did Not Play,Did Not Play,Did Not Play,Did Not Play,Did Not Play,Did Not Play,Did Not Play,Did Not Play,Did Not Play,Did Not Play,Did Not Play,Brian Hoyer,HoyeBr00
53,51,2012,2012-12-16,14,15,,ARI,,DET,W 38-10,Inactive,Inactive,Inactive,Inactive,Inactive,Inactive,Inactive,Inactive,Inactive,Inactive,Inactive,Inactive,Inactive,Inactive,Inactive,Inactive,Inactive,Inactive,Inactive,Inactive,Inactive,Inactive,Inactive,Inactive,Inactive,Inactive,Inactive,Inactive,Inactive,Inactive,Inactive,Brian Hoyer,HoyeBr00
54,52,2012,2012-12-23,15,16,27.071,ARI,,CHI,L 13-28,,11,19,57.89,105,0,1,51.4,2,12,5.53,3.16,0,0,,0,0,0,1,0,0,1,0,0,26,35%,0,0%,0,0%,,Brian Hoyer,HoyeBr00
55,53,2012,2012-12-30,16,17,27.078,ARI,@,SFO,L 13-27,*,19,34,55.88,225,1,1,73.8,2,18,6.62,5.88,1,6,6.00,0,0,0,0,0,0,0,0,0,55,100%,0,0%,0,0%,,Brian Hoyer,HoyeBr00
56,Rk,Year,Date,G#,Week,Age,Tm,,Opp,Result,GS,Cmp,Att,Cmp%,Yds,TD,Int,Rate,Sk,Yds,Y/A,AY/A,Att,Yds,Y/A,TD,TD,Pts,Fmb,FL,FF,FR,Yds,TD,Num,Pct,Num,Pct,Num,Pct,Status,Brian Hoyer,HoyeBr00
57,54,2013,2013-09-08,1,1,,CLE,,MIA,L 10-23,Inactive,Inactive,Inactive,Inactive,Inactive,Inactive,Inactive,Inactive,Inactive,Inactive,Inactive,Inactive,Inactive,Inactive,Inactive,Inactive,Inactive,Inactive,Inactive,Inactive,Inactive,Inactive,Inactive,Inactive,Inactive,Inactive,Inactive,Inactive,Inactive,Inactive,Inactive,Brian Hoyer,HoyeBr00
58,55,2013,2013-09-15,2,2,,CLE,@,BAL,L 6-14,Inactive,Inactive,Inactive,Inactive,Inactive,Inactive,Inactive,Inactive,Inactive,Inactive,Inactive,Inactive,Inactive,Inactive,Inactive,Inactive,Inactive,Inactive,Inactive,Inactive,Inactive,Inactive,Inactive,Inactive,Inactive,Inactive,Inactive,Inactive,Inactive,Inactive,Inactive,Brian Hoyer,HoyeBr00
59,56,2013,2013-09-22,3,3,27.344,CLE,@,MIN,W 31-27,*,30,54,55.56,321,3,3,68.5,3,26,5.94,4.56,1,-2,-2.00,0,0,0,0,0,0,0,0,0,73,100%,0,0%,1,3%,,Brian Hoyer,HoyeBr00
60,57,2013,2013-09-29,4,4,27.351,CLE,,CIN,W 17-6,*,25,38,65.79,269,2,0,103.9,3,22,7.08,8.13,4,7,1.75,0,0,0,0,0,0,0,0,0,72,100%,0,0%,0,0%,,Brian Hoyer,HoyeBr00
61,58,2013,2013-10-03,5,5,27.355,CLE,,BUF,W 37-24,*,2,4,50.00,25,0,0,69.8,0,0,6.25,6.25,1,11,11.00,0,0,0,0,0,0,0,0,0,7,10%,0,0%,0,0%,,Brian Hoyer,HoyeBr00
62,59,2013,2013-10-13,6,6,,CLE,,DET,L 17-31,Injured Reserve,Injured Reserve,Injured Reserve,Injured Reserve,Injured Reserve,Injured Reserve,Injured Reserve,Injured Reserve,Injured Reserve,Injured Reserve,Injured Reserve,Injured Reserve,Injured Reserve,Injured Reserve,Injured Reserve,Injured Reserve,Injured Reserve,Injured Reserve,Injured Reserve,Injured Reserve,Injured Reserve,Injured Reserve,Injured Reserve,Injured Reserve,Injured Reserve,Injured Reserve,Injured Reserve,Injured Reserve,Injured Reserve,Injured Reserve,Injured Reserve,Brian Hoyer,HoyeBr00
63,60,2013,2013-10-20,7,7,,CLE,@,GNB,L 13-31,Injured Reserve,Injured Reserve,Injured Reserve,Injured Reserve,Injured Reserve,Injured Reserve,Injured Reserve,Injured Reserve,Injured Reserve,Injured Reserve,Injured Reserve,Injured Reserve,Injured Reserve,Injured Reserve,Injured Reserve,Injured Reserve,Injured Reserve,Injured Reserve,Injured Reserve,Injured Reserve,Injured Reserve,Injured Reserve,Injured Reserve,Injured Reserve,Injured Reserve,Injured Reserve,Injured Reserve,Injured Reserve,Injured Reserve,Injured Reserve,Injured Reserve,Brian Hoyer,HoyeBr00
64,61,2013,2013-10-27,8,8,,CLE,@,KAN,L 17-23,Injured Reserve,Injured Reserve,Injured Reserve,Injured Reserve,Injured Reserve,Injured Reserve,Injured Reserve,Injured Reserve,Injured Reserve,Injured Reserve,Injured Reserve,Injured Reserve,Injured Reserve,Injured Reserve,Injured Reserve,Injured Reserve,Injured Reserve,Injured Reserve,Injured Reserve,Injured Reserve,Injured Reserve,Injured Reserve,Injured Reserve,Injured Reserve,Injured Reserve,Injured Reserve,Injured Reserve,Injured Reserve,Injured Reserve,Injured Reserve,Injured Reserve,Brian Hoyer,HoyeBr00
65,62,2013,2013-11-03,9,9,,CLE,,BAL,W 24-18,Injured Reserve,Injured Reserve,Injured Reserve,Injured Reserve,Injured Reserve,Injured Reserve,Injured Reserve,Injured Reserve,Injured Reserve,Injured Reserve,Injured Reserve,Injured Reserve,Injured Reserve,Injured Reserve,Injured Reserve,Injured Reserve,Injured Reserve,Injured Reserve,Injured Reserve,Injured Reserve,Injured Reserve,Injured Reserve,Injured Reserve,Injured Reserve,Injured Reserve,Injured Reserve,Injured Reserve,Injured Reserve,Injured Reserve,Injured Reserve,Injured Reserve,Brian Hoyer,HoyeBr00
66,63,2013,2013-11-17,10,11,,CLE,@,CIN,L 20-41,Injured Reserve,Injured Reserve,Injured Reserve,Injured Reserve,Injured Reserve,Injured Reserve,Injured Reserve,Injured Reserve,Injured Reserve,Injured Reserve,Injured Reserve,Injured Reserve,Injured Reserve,Injured Reserve,Injured Reserve,Injured Reserve,Injured Reserve,Injured Reserve,Injured Reserve,Injured Reserve,Injured Reserve,Injured Reserve,Injured Reserve,Injured Reserve,Injured Reserve,Injured Reserve,Injured Reserve,Injured Reserve,Injured Reserve,Injured Reserve,Injured Reserve,Brian Hoyer,HoyeBr00
67,64,2013,2013-11-24,11,12,,CLE,,PIT,L 11-27,Injured Reserve,Injured Reserve,Injured Reserve,Injured Reserve,Injured Reserve,Injured Reserve,Injured Reserve,Injured Reserve,Injured Reserve,Injured Reserve,Injured Reserve,Injured Reserve,Injured Reserve,Injured Reserve,Injured Reserve,Injured Reserve,Injured Reserve,Injured Reserve,Injured Reserve,Injured Reserve,Injured Reserve,Injured Reserve,Injured Reserve,Injured Reserve,Injured Reserve,Injured Reserve,Injured Reserve,Injured Reserve,Injured Reserve,Injured Reserve,Injured Reserve,Brian Hoyer,HoyeBr00
68,65,2013,2013-12-01,12,13,,CLE,,JAX,L 28-32,Injured Reserve,Injured Reserve,Injured Reserve,Injured Reserve,Injured Reserve,Injured Reserve,Injured Reserve,Injured Reserve,Injured Reserve,Injured Reserve,Injured Reserve,Injured Reserve,Injured Reserve,Injured Reserve,Injured Reserve,Injured Reserve,Injured Reserve,Injured Reserve,Injured Reserve,Injured Reserve,Injured Reserve,Injured Reserve,Injured Reserve,Injured Reserve,Injured Reserve,Injured Reserve,Injured Reserve,Injured Reserve,Injured Reserve,Injured Reserve,Injured Reserve,Brian Hoyer,HoyeBr00
69,66,2013,2013-12-08,13,14,,CLE,@,NWE,L 26-27,Injured Reserve,Injured Reserve,Injured Reserve,Injured Reserve,Injured Reserve,Injured Reserve,Injured Reserve,Injured Reserve,Injured Reserve,Injured Reserve,Injured Reserve,Injured Reserve,Injured Reserve,Injured Reserve,Injured Reserve,Injured Reserve,Injured Reserve,Injured Reserve,Injured Reserve,Injured Reserve,Injured Reserve,Injured Reserve,Injured Reserve,Injured Reserve,Injured Reserve,Injured Reserve,Injured Reserve,Injured Reserve,Injured Reserve,Injured Reserve,Injured Reserve,Brian Hoyer,HoyeBr00
70,67,2013,2013-12-15,14,15,,CLE,,CHI,L 31-38,Injured Reserve,Injured Reserve,Injured Reserve,Injured Reserve,Injured Reserve,Injured Reserve,Injured Reserve,Injured Reserve,Injured Reserve,Injured Reserve,Injured Reserve,Injured Reserve,Injured Reserve,Injured Reserve,Injured Reserve,Injured Reserve,Injured Reserve,Injured Reserve,Injured Reserve,Injured Reserve,Injured Reserve,Injured Reserve,Injured Reserve,Injured Reserve,Injured Reserve,Injured Reserve,Injured Reserve,Injured Reserve,Injured Reserve,Injured Reserve,Injured Reserve,Brian Hoyer,HoyeBr00
71,68,2013,2013-12-22,15,16,,CLE,@,NYJ,L 13-24,Injured Reserve,Injured Reserve,Injured Reserve,Injured Reserve,Injured Reserve,Injured Reserve,Injured Reserve,Injured Reserve,Injured Reserve,Injured Reserve,Injured Reserve,Injured Reserve,Injured Reserve,Injured Reserve,Injured Reserve,Injured Reserve,Injured Reserve,Injured Reserve,Injured Reserve,Injured Reserve,Injured Reserve,Injured Reserve,Injured Reserve,Injured Reserve,Injured Reserve,Injured Reserve,Injured Reserve,Injured Reserve,Injured Reserve,Injured Reserve,Injured Reserve,Brian Hoyer,HoyeBr00
72,69,2013,2013-12-29,16,17,,CLE,@,PIT,L 7-20,Injured Reserve,Injured Reserve,Injured Reserve,Injured Reserve,Injured Reserve,Injured Reserve,Injured Reserve,Injured Reserve,Injured Reserve,Injured Reserve,Injured Reserve,Injured Reserve,Injured Reserve,Injured Reserve,Injured Reserve,Injured Reserve,Injured Reserve,Injured Reserve,Injured Reserve,Injured Reserve,Injured Reserve,Injured Reserve,Injured Reserve,Injured Reserve,Injured Reserve,Injured Reserve,Injured Reserve,Injured Reserve,Injured Reserve,Injured Reserve,Injured Reserve,Brian Hoyer,HoyeBr00
73,Rk,Year,Date,G#,Week,Age,Tm,,Opp,Result,GS,Cmp,Att,Cmp%,Yds,TD,Int,Rate,Sk,Yds,Y/A,AY/A,Att,Yds,Y/A,TD,TD,Pts,Fmb,FL,FF,FR,Yds,TD,Num,Pct,Num,Pct,Num,Pct,Status,Brian Hoyer,HoyeBr00
74,70,2014,2014-09-07,1,1,28.329,CLE,@,PIT,L 27-30,*,18,30,60.00,222,1,0,94.0,3,24,7.40,8.07,1,-2,-2.00,0,0,0,0,0,0,0,0,0,67,100%,0,0%,0,0%,,Brian Hoyer,HoyeBr00
75,71,2014,2014-09-14,2,2,28.336,CLE,,NOR,W 26-24,*,24,40,60.00,204,1,0,81.7,1,2,5.10,5.60,0,0,,0,0,0,0,0,0,0,0,0,72,96%,0,0%,0,0%,,Brian Hoyer,HoyeBr00
76,72,2014,2014-09-21,3,3,28.343,CLE,,BAL,L 21-23,*,19,25,76.00,290,1,0,127.1,0,0,11.60,12.40,3,-2,-0.67,0,0,0,0,0,0,0,0,0,59,98%,0,0%,0,0%,,Brian Hoyer,HoyeBr00
77,73,2014,2014-10-05,4,5,28.357,CLE,@,TEN,W 29-28,*,21,37,56.76,291,3,1,97.9,1,7,7.86,8.27,1,2,2.00,0,0,0,0,0,0,0,0,0,77,100%,0,0%,0,0%,,Brian Hoyer,HoyeBr00
78,74,2014,2014-10-12,5,6,28.364,CLE,,PIT,W 31-10,*,8,17,47.06,217,1,0,113.0,1,7,12.76,13.94,1,0,0.00,0,0,0,1,0,0,0,-6,0,59,100%,0,0%,0,0%,,Brian Hoyer,HoyeBr00
79,75,2014,2014-10-19,6,7,29.006,CLE,@,JAX,L 6-24,*,16,41,39.02,215,0,1,46.3,3,18,5.24,4.15,1,-1,-1.00,0,0,0,1,1,0,0,0,0,75,100%,0,0%,0,0%,,Brian Hoyer,HoyeBr00
80,76,2014,2014-10-26,7,8,29.013,CLE,,OAK,W 23-13,*,19,28,67.86,275,1,0,111.5,1,8,9.82,10.54,2,1,0.50,0,0,0,0,0,0,0,0,0,56,100%,0,0%,0,0%,,Brian Hoyer,HoyeBr00
81,77,2014,2014-11-02,8,9,29.020,CLE,,TAM,W 22-17,*,21,34,61.76,300,2,2,85.4,4,26,8.82,7.35,2,5,2.50,0,0,0,0,0,0,0,0,0,67,100%,0,0%,0,0%,,Brian Hoyer,HoyeBr00
82,78,2014,2014-11-06,9,10,29.024,CLE,@,CIN,W 24-3,*,15,23,65.22,198,0,0,92.3,0,0,8.61,8.61,4,1,0.25,0,0,0,0,0,0,0,0,0,76,100%,0,0%,0,0%,,Brian Hoyer,HoyeBr00
83,79,2014,2014-11-16,10,11,29.034,CLE,,HOU,L 7-23,*,20,50,40.00,330,1,1,61.2,3,20,6.60,6.10,2,1,0.50,0,0,0,1,0,0,1,0,0,77,100%,0,0%,0,0%,,Brian Hoyer,HoyeBr00
84,80,2014,2014-11-23,11,12,29.041,CLE,@,ATL,W 26-24,*,23,40,57.50,322,0,3,52.3,1,9,8.05,4.68,3,12,4.00,0,0,0,1,0,0,1,-4,0,75,100%,0,0%,0,0%,,Brian Hoyer,HoyeBr00
85,81,2014,2014-11-30,12,13,29.048,CLE,@,BUF,L 10-26,*,18,30,60.00,192,0,2,51.0,2,14,6.40,3.40,0,0,,0,0,0,0,0,0,0,0,0,56,81%,0,0%,0,0%,,Brian Hoyer,HoyeBr00
86,82,2014,2014-12-07,13,14,29.055,CLE,,IND,L 24-25,*,13,30,43.33,136,0,2,29.3,1,3,4.53,1.53,2,3,1.50,0,0,0,0,0,0,0,0,0,65,100%,0,0%,0,0%,,Brian Hoyer,HoyeBr00
87,83,2014,2014-12-14,14,15,,CLE,,CIN,L 0-30,Did Not Play,Did Not Play,Did Not Play,Did Not Play,Did Not Play,Did Not Play,Did Not Play,Did Not Play,Did Not Play,Did Not Play,Did Not Play,Did Not Play,Did Not Play,Did Not Play,Did Not Play,Did Not Play,Did Not Play,Did Not Play,Did Not Play,Did Not Play,Did Not Play,Did Not Play,Did Not Play,Did Not Play,Did Not Play,Did Not Play,Did Not Play,Did Not Play,Did Not Play,Did Not Play,Did Not Play,Brian Hoyer,HoyeBr00
88,84,2014,2014-12-21,15,16,29.069,CLE,@,CAR,L 13-17,,7,13,53.85,134,1,1,83.5,3,22,10.31,8.38,2,19,9.50,0,0,0,0,0,0,0,0,0,31,66%,0,0%,0,0%,,Brian Hoyer,HoyeBr00
89,85,2014,2014-12-28,16,17,,CLE,@,BAL,L 10-20,Inactive,Inactive,Inactive,Inactive,Inactive,Inactive,Inactive,Inactive,Inactive,Inactive,Inactive,Inactive,Inactive,Inactive,Inactive,Inactive,Inactive,Inactive,Inactive,Inactive,Inactive,Inactive,Inactive,Inactive,Inactive,Inactive,Inactive,Inactive,Inactive,Inactive,Inactive,Brian Hoyer,HoyeBr00
90,Rk,Year,Date,G#,Week,Age,Tm,,Opp,Result,GS,Cmp,Att,Cmp%,Yds,TD,Int,Rate,Sk,Yds,Y/A,AY/A,Att,Yds,Y/A,TD,TD,Pts,Fmb,FL,FF,FR,Yds,TD,Num,Pct,Num,Pct,Num,Pct,Status,Brian Hoyer,HoyeBr00
91,86,2015,2015-09-13,1,1,29.335,HOU,,KAN,L 20-27,*,18,34,52.94,236,1,1,72.7,4,29,6.94,6.21,0,0,,0,0,0,1,1,0,0,0,0,58,77%,0,0%,0,0%,,Brian Hoyer,HoyeBr00
92,87,2015,2015-09-20,2,2,,HOU,@,CAR,L 17-24,Did Not Play,Did Not Play,Did Not Play,Did Not Play,Did Not Play,Did Not Play,Did Not Play,Did Not Play,Did Not Play,Did Not Play,Did Not Play,Did Not Play,Did Not Play,Did Not Play,Did Not Play,Did Not Play,Did Not Play,Did Not Play,Did Not Play,Did Not Play,Did Not Play,Did Not Play,Did Not Play,Did Not Play,Did Not Play,Did Not Play,Did Not Play,Did Not Play,Did Not Play,Did Not Play,Did Not Play,Brian Hoyer,HoyeBr00
93,88,2015,2015-09-27,3,3,,HOU,,TAM,W 19-9,Did Not Play,Did Not Play,Did Not Play,Did Not Play,Did Not Play,Did Not Play,Did Not Play,Did Not Play,Did Not Play,Did Not Play,Did Not Play,Did Not Play,Did Not Play,Did Not Play,Did Not Play,Did Not Play,Did Not Play,Did Not Play,Did Not Play,Did Not Play,Did Not Play,Did Not Play,Did Not Play,Did Not Play,Did Not Play,Did Not Play,Did Not Play,Did Not Play,Did Not Play,Did Not Play,Did Not Play,Brian Hoyer,HoyeBr00
94,89,2015,2015-10-04,4,4,29.356,HOU,@,ATL,L 21-48,,17,30,56.67,232,2,0,103.7,1,8,7.73,9.07,0,0,,0,0,0,0,0,0,0,0,0,36,47%,0,0%,0,0%,,Brian Hoyer,HoyeBr00
95,90,2015,2015-10-08,5,5,29.360,HOU,,IND,L 20-27,,24,31,77.42,312,2,1,116.6,0,0,10.06,9.90,1,14,14.00,0,0,0,0,0,0,0,0,0,48,63%,0,0%,0,0%,,Brian Hoyer,HoyeBr00
96,91,2015,2015-10-18,6,6,30.005,HOU,@,JAX,W 31-20,*,24,36,66.67,293,3,0,119.3,1,6,8.14,9.81,5,5,1.00,0,0,0,0,0,0,0,0,0,71,99%,0,0%,0,0%,,Brian Hoyer,HoyeBr00
97,92,2015,2015-10-25,7,7,30.012,HOU,@,MIA,L 26-44,*,23,49,46.94,273,3,1,76.3,4,22,5.57,5.88,0,0,,0,0,0,2,0,0,1,0,0,81,100%,0,0%,0,0%,,Brian Hoyer,HoyeBr00
98,93,2015,2015-11-01,8,8,30.019,HOU,,TEN,W 20-6,*,23,35,65.71,235,2,0,103.9,3,21,6.71,7.86,1,-1,-1.00,0,0,0,0,0,0,0,0,0,64,100%,0,0%,0,0%,,Brian Hoyer,HoyeBr00
99,94,2015,2015-11-16,9,10,30.034,HOU,@,CIN,W 10-6,*,12,22,54.55,123,0,1,51.9,2,10,5.59,3.55,1,15,15.00,0,0,0,0,0,0,0,0,0,42,67%,0,0%,0,0%,,Brian Hoyer,HoyeBr00
100,95,2015,2015-11-22,10,11,,HOU,,NYJ,W 24-17,Inactive,Inactive,Inactive,Inactive,Inactive,Inactive,Inactive,Inactive,Inactive,Inactive,Inactive,Inactive,Inactive,Inactive,Inactive,Inactive,Inactive,Inactive,Inactive,Inactive,Inactive,Inactive,Inactive,Inactive,Inactive,Inactive,Inactive,Inactive,Inactive,Inactive,Inactive,Brian Hoyer,HoyeBr00
101,96,2015,2015-11-29,11,12,30.047,HOU,,NOR,W 24-6,*,21,27,77.78,205,2,1,107.6,1,10,7.59,7.41,3,-3,-1.00,0,0,0,0,0,0,0,0,0,70,100%,0,0%,0,0%,,Brian Hoyer,HoyeBr00
102,97,2015,2015-12-06,12,13,30.054,HOU,@,BUF,L 21-30,*,26,43,60.47,293,3,1,94.4,2,18,6.81,7.16,3,15,5.00,0,0,0,0,0,0,0,0,0,76,100%,0,0%,0,0%,,Brian Hoyer,HoyeBr00
103,98,2015,2015-12-13,13,14,30.061,HOU,,NWE,L 6-27,*,11,22,50.00,155,0,0,73.1,5,54,7.05,7.05,1,-1,-1.00,0,0,0,2,1,0,0,0,0,51,94%,0,0%,0,0%,,Brian Hoyer,HoyeBr00
104,99,2015,2015-12-20,14,15,,HOU,@,IND,W 16-10,Inactive,Inactive,Inactive,Inactive,Inactive,Inactive,Inactive,Inactive,Inactive,Inactive,Inactive,Inactive,Inactive,Inactive,Inactive,Inactive,Inactive,Inactive,Inactive,Inactive,Inactive,Inactive,Inactive,Inactive,Inactive,Inactive,Inactive,Inactive,Inactive,Inactive,Inactive,Brian Hoyer,HoyeBr00
105,100,2015,2015-12-27,15,16,,HOU,@,TEN,W 34-6,Inactive,Inactive,Inactive,Inactive,Inactive,Inactive,Inactive,Inactive,Inactive,Inactive,Inactive,Inactive,Inactive,Inactive,Inactive,Inactive,Inactive,Inactive,Inactive,Inactive,Inactive,Inactive,Inactive,Inactive,Inactive,Inactive,Inactive,Inactive,Inactive,Inactive,Inactive,Brian Hoyer,HoyeBr00
106,101,2015,2016-01-03,16,17,30.082,HOU,,JAX,W 30-6,*,25,40,62.50,249,1,1,78.0,2,7,6.23,5.60,0,0,,0,0,0,1,0,0,0,0,0,76,100%,0,0%,0,0%,,Brian Hoyer,HoyeBr00
107,Rk,Year,Date,G#,Week,Age,Tm,,Opp,Result,GS,Cmp,Att,Cmp%,Yds,TD,Int,Rate,Sk,Yds,Y/A,AY/A,Att,Yds,Y/A,TD,TD,Pts,Fmb,FL,FF,FR,Yds,TD,Num,Pct,Num,Pct,Num,Pct,Status,Brian Hoyer,HoyeBr00
108,102,2016,2016-09-11,1,1,,CHI,@,HOU,L 14-23,Did Not Play,Did Not Play,Did Not Play,Did Not Play,Did Not Play,Did Not Play,Did Not Play,Did Not Play,Did Not Play,Did Not Play,Did Not Play,Did Not Play,Did Not Play,Did Not Play,Did Not Play,Did Not Play,Did Not Play,Did Not Play,Did Not Play,Did Not Play,Did Not Play,Did Not Play,Did Not Play,Did Not Play,Did Not Play,Did Not Play,Did Not Play,Did Not Play,Did Not Play,Did Not Play,Did Not Play,Brian Hoyer,HoyeBr00
109,103,2016,2016-09-19,2,2,30.342,CHI,,PHI,L 14-29,,9,12,75.00,78,0,0,91.7,0,0,6.50,6.50,0,0,,0,0,0,0,0,0,0,0,0,14,27%,0,0%,0,0%,,Brian Hoyer,HoyeBr00
110,104,2016,2016-09-25,3,3,30.348,CHI,@,DAL,L 17-31,*,30,49,61.22,317,2,0,93.7,1,5,6.47,7.29,2,2,1.00,0,0,0,2,1,0,1,0,0,65,100%,0,0%,0,0%,,Brian Hoyer,HoyeBr00
111,105,2016,2016-10-02,4,4,30.355,CHI,,DET,W 17-14,*,28,36,77.78,302,2,0,120.1,2,8,8.39,9.50,3,-3,-1.00,0,0,0,0,0,0,0,0,0,69,100%,0,0%,0,0%,,Brian Hoyer,HoyeBr00
112,106,2016,2016-10-09,5,5,30.362,CHI,@,IND,L 23-29,*,33,43,76.74,397,2,0,120.0,0,0,9.23,10.16,1,-1,-1.00,0,0,0,0,0,0,0,0,0,66,100%,0,0%,0,0%,,Brian Hoyer,HoyeBr00
113,107,2016,2016-10-16,6,6,31.003,CHI,,JAX,L 16-17,*,30,49,61.22,302,0,0,78.8,1,5,6.16,6.16,1,0,0.00,0,0,0,1,0,0,1,-5,0,80,100%,0,0%,0,0%,,Brian Hoyer,HoyeBr00
114,108,2016,2016-10-20,7,7,31.007,CHI,@,GNB,L 10-26,*,4,11,36.36,49,0,0,50.9,0,0,4.45,4.45,0,0,,0,0,0,0,0,0,0,0,0,20,42%,0,0%,0,0%,,Brian Hoyer,HoyeBr00
115,109,2016,2016-10-31,8,8,,CHI,,MIN,W 20-10,Injured Reserve,Injured Reserve,Injured Reserve,Injured Reserve,Injured Reserve,Injured Reserve,Injured Reserve,Injured Reserve,Injured Reserve,Injured Reserve,Injured Reserve,Injured Reserve,Injured Reserve,Injured Reserve,Injured Reserve,Injured Reserve,Injured Reserve,Injured Reserve,Injured Reserve,Injured Reserve,Injured Reserve,Injured Reserve,Injured Reserve,Injured Reserve,Injured Reserve,Injured Reserve,Injured Reserve,Injured Reserve,Injured Reserve,Injured Reserve,Injured Reserve,Brian Hoyer,HoyeBr00
116,110,2016,2016-11-13,9,10,,CHI,@,TAM,L 10-36,Injured Reserve,Injured Reserve,Injured Reserve,Injured Reserve,Injured Reserve,Injured Reserve,Injured Reserve,Injured Reserve,Injured Reserve,Injured Reserve,Injured Reserve,Injured Reserve,Injured Reserve,Injured Reserve,Injured Reserve,Injured Reserve,Injured Reserve,Injured Reserve,Injured Reserve,Injured Reserve,Injured Reserve,Injured Reserve,Injured Reserve,Injured Reserve,Injured Reserve,Injured Reserve,Injured Reserve,Injured Reserve,Injured Reserve,Injured Reserve,Injured Reserve,Brian Hoyer,HoyeBr00
117,111,2016,2016-11-20,10,11,,CHI,@,NYG,L 16-22,Injured Reserve,Injured Reserve,Injured Reserve,Injured Reserve,Injured Reserve,Injured Reserve,Injured Reserve,Injured Reserve,Injured Reserve,Injured Reserve,Injured Reserve,Injured Reserve,Injured Reserve,Injured Reserve,Injured Reserve,Injured Reserve,Injured Reserve,Injured Reserve,Injured Reserve,Injured Reserve,Injured Reserve,Injured Reserve,Injured Reserve,Injured Reserve,Injured Reserve,Injured Reserve,Injured Reserve,Injured Reserve,Injured Reserve,Injured Reserve,Injured Reserve,Brian Hoyer,HoyeBr00
118,112,2016,2016-11-27,11,12,,CHI,,TEN,L 21-27,Injured Reserve,Injured Reserve,Injured Reserve,Injured Reserve,Injured Reserve,Injured Reserve,Injured Reserve,Injured Reserve,Injured Reserve,Injured Reserve,Injured Reserve,Injured Reserve,Injured Reserve,Injured Reserve,Injured Reserve,Injured Reserve,Injured Reserve,Injured Reserve,Injured Reserve,Injured Reserve,Injured Reserve,Injured Reserve,Injured Reserve,Injured Reserve,Injured Reserve,Injured Reserve,Injured Reserve,Injured Reserve,Injured Reserve,Injured Reserve,Injured Reserve,Brian Hoyer,HoyeBr00
119,113,2016,2016-12-04,12,13,,CHI,,SFO,W 26-6,Injured Reserve,Injured Reserve,Injured Reserve,Injured Reserve,Injured Reserve,Injured Reserve,Injured Reserve,Injured Reserve,Injured Reserve,Injured Reserve,Injured Reserve,Injured Reserve,Injured Reserve,Injured Reserve,Injured Reserve,Injured Reserve,Injured Reserve,Injured Reserve,Injured Reserve,Injured Reserve,Injured Reserve,Injured Reserve,Injured Reserve,Injured Reserve,Injured Reserve,Injured Reserve,Injured Reserve,Injured Reserve,Injured Reserve,Injured Reserve,Injured Reserve,Brian Hoyer,HoyeBr00
120,114,2016,2016-12-11,13,14,,CHI,@,DET,L 17-20,Injured Reserve,Injured Reserve,Injured Reserve,Injured Reserve,Injured Reserve,Injured Reserve,Injured Reserve,Injured Reserve,Injured Reserve,Injured Reserve,Injured Reserve,Injured Reserve,Injured Reserve,Injured Reserve,Injured Reserve,Injured Reserve,Injured Reserve,Injured Reserve,Injured Reserve,Injured Reserve,Injured Reserve,Injured Reserve,Injured Reserve,Injured Reserve,Injured Reserve,Injured Reserve,Injured Reserve,Injured Reserve,Injured Reserve,Injured Reserve,Injured Reserve,Brian Hoyer,HoyeBr00
121,115,2016,2016-12-18,14,15,,CHI,,GNB,L 27-30,Injured Reserve,Injured Reserve,Injured Reserve,Injured Reserve,Injured Reserve,Injured Reserve,Injured Reserve,Injured Reserve,Injured Reserve,Injured Reserve,Injured Reserve,Injured Reserve,Injured Reserve,Injured Reserve,Injured Reserve,Injured Reserve,Injured Reserve,Injured Reserve,Injured Reserve,Injured Reserve,Injured Reserve,Injured Reserve,Injured Reserve,Injured Reserve,Injured Reserve,Injured Reserve,Injured Reserve,Injured Reserve,Injured Reserve,Injured Reserve,Injured Reserve,Brian Hoyer,HoyeBr00
122,116,2016,2016-12-24,15,16,,CHI,,WAS,L 21-41,Injured Reserve,Injured Reserve,Injured Reserve,Injured Reserve,Injured Reserve,Injured Reserve,Injured Reserve,Injured Reserve,Injured Reserve,Injured Reserve,Injured Reserve,Injured Reserve,Injured Reserve,Injured Reserve,Injured Reserve,Injured Reserve,Injured Reserve,Injured Reserve,Injured Reserve,Injured Reserve,Injured Reserve,Injured Reserve,Injured Reserve,Injured Reserve,Injured Reserve,Injured Reserve,Injured Reserve,Injured Reserve,Injured Reserve,Injured Reserve,Injured Reserve,Brian Hoyer,HoyeBr00
123,117,2016,2017-01-01,16,17,,CHI,@,MIN,L 10-38,Injured Reserve,Injured Reserve,Injured Reserve,Injured Reserve,Injured Reserve,Injured Reserve,Injured Reserve,Injured Reserve,Injured Reserve,Injured Reserve,Injured Reserve,Injured Reserve,Injured Reserve,Injured Reserve,Injured Reserve,Injured Reserve,Injured Reserve,Injured Reserve,Injured Reserve,Injured Reserve,Injured Reserve,Injured Reserve,Injured Reserve,Injured Reserve,Injured Reserve,Injured Reserve,Injured Reserve,Injured Reserve,Injured Reserve,Injured Reserve,Injured Reserve,Brian Hoyer,HoyeBr00
124,Rk,Year,Date,G#,Week,Age,Tm,,Opp,Result,GS,Cmp,Att,Cmp%,Yds,TD,Int,Rate,Sk,Yds,Y/A,AY/A,Att,Yds,Y/A,TD,TD,Pts,Fmb,FL,FF,FR,Yds,TD,Num,Pct,Num,Pct,Num,Pct,Status,Brian Hoyer,HoyeBr00
125,118,2017,2017-09-10,1,1,31.332,SFO,,CAR,L 3-23,*,24,35,68.57,193,0,1,70.3,4,27,5.51,4.23,1,-5,-5.00,0,0,0,1,1,0,0,0,0,57,100%,0,0%,0,0%,,Brian Hoyer,HoyeBr00
126,119,2017,2017-09-17,2,2,31.339,SFO,@,SEA,L 9-12,*,15,27,55.56,99,0,1,48.2,2,10,3.67,2.00,0,0,,0,0,0,0,0,0,0,0,0,49,100%,0,0%,0,0%,,Brian Hoyer,HoyeBr00
127,120,2017,2017-09-21,3,3,31.343,SFO,,LAR,L 39-41,*,23,37,62.16,332,2,1,98.0,4,24,8.97,8.84,1,9,9.00,1,1,6,0,0,0,0,0,0,79,100%,0,0%,0,0%,,Brian Hoyer,HoyeBr00
128,121,2017,2017-10-01,4,4,31.353,SFO,@,ARI,L 15-18,*,24,49,48.98,234,0,1,54.3,3,24,4.78,3.86,1,3,3.00,0,0,0,0,0,0,0,0,0,83,99%,0,0%,0,0%,,Brian Hoyer,HoyeBr00
129,122,2017,2017-10-08,5,5,31.360,SFO,@,IND,L 23-26,*,29,46,63.04,353,2,0,101.1,2,17,7.67,8.54,2,0,0.00,0,0,0,2,0,0,1,-9,0,72,100%,0,0%,0,0%,,Brian Hoyer,HoyeBr00
130,123,2017,2017-10-15,6,6,32.002,SFO,@,WAS,L 24-26,*,4,11,36.36,34,0,0,45.3,1,10,3.09,3.09,0,0,,0,0,0,0,0,0,0,0,0,18,25%,0,0%,0,0%,,Brian Hoyer,HoyeBr00
131,124,2017,2017-10-22,7,7,,SFO,,DAL,L 10-40,Did Not Play,Did Not Play,Did Not Play,Did Not Play,Did Not Play,Did Not Play,Did Not Play,Did Not Play,Did Not Play,Did Not Play,Did Not Play,Did Not Play,Did Not Play,Did Not Play,Did Not Play,Did Not Play,Did Not Play,Did Not Play,Did Not Play,Did Not Play,Did Not Play,Did Not Play,Did Not Play,Did Not Play,Did Not Play,Did Not Play,Did Not Play,Did Not Play,Did Not Play,Did Not Play,Did Not Play,Brian Hoyer,HoyeBr00
132,125,2017,2017-10-29,8,8,,SFO,@,PHI,L 10-33,Did Not Play,Did Not Play,Did Not Play,Did Not Play,Did Not Play,Did Not Play,Did Not Play,Did Not Play,Did Not Play,Did Not Play,Did Not Play,Did Not Play,Did Not Play,Did Not Play,Did Not Play,Did Not Play,Did Not Play,Did Not Play,Did Not Play,Did Not Play,Did Not Play,Did Not Play,Did Not Play,Did Not Play,Did Not Play,Did Not Play,Did Not Play,Did Not Play,Did Not Play,Did Not Play,Did Not Play,Brian Hoyer,HoyeBr00
133,126,2017,2017-11-12,9,10,32.030,NWE,@,DEN,W 41-16,,3,3,100.00,37,0,0,118.1,0,0,12.33,12.33,0,0,,0,0,0,0,0,0,0,0,0,9,13%,0,0%,0,0%,,Brian Hoyer,HoyeBr00
134,127,2017,2017-11-19,10,11,32.037,NWE,@,OAK,W 33-8,,0,0,,0,0,0,,0,0,,,0,0,,0,0,0,0,0,0,0,0,0,3,5%,0,0%,0,0%,,Brian Hoyer,HoyeBr00
135,128,2017,2017-11-26,11,12,,NWE,,MIA,W 35-17,Did Not Play,Did Not Play,Did Not Play,Did Not Play,Did Not Play,Did Not Play,Did Not Play,Did Not Play,Did Not Play,Did Not Play,Did Not Play,Did Not Play,Did Not Play,Did Not Play,Did Not Play,Did Not Play,Did Not Play,Did Not Play,Did Not Play,Did Not Play,Did Not Play,Did Not Play,Did Not Play,Did Not Play,Did Not Play,Did Not Play,Did Not Play,Did Not Play,Did Not Play,Did Not Play,Did Not Play,Brian Hoyer,HoyeBr00
136,129,2017,2017-12-03,12,13,32.051,NWE,@,BUF,W 23-3,,0,0,,0,0,0,,0,0,,,2,-2,-1.00,0,0,0,0,0,0,0,0,0,2,3%,0,0%,0,0%,,Brian Hoyer,HoyeBr00
137,130,2017,2017-12-11,13,14,,NWE,@,MIA,L 20-27,Did Not Play,Did Not Play,Did Not Play,Did Not Play,Did Not Play,Did Not Play,Did Not Play,Did Not Play,Did Not Play,Did Not Play,Did Not Play,Did Not Play,Did Not Play,Did Not Play,Did Not Play,Did Not Play,Did Not Play,Did Not Play,Did Not Play,Did Not Play,Did Not Play,Did Not Play,Did Not Play,Did Not Play,Did Not Play,Did Not Play,Did Not Play,Did Not Play,Did Not Play,Did Not Play,Did Not Play,Brian Hoyer,HoyeBr00
138,131,2017,2017-12-17,14,15,,NWE,@,PIT,W 27-24,Did Not Play,Did Not Play,Did Not Play,Did Not Play,Did Not Play,Did Not Play,Did Not Play,Did Not Play,Did Not Play,Did Not Play,Did Not Play,Did Not Play,Did Not Play,Did Not Play,Did Not Play,Did Not Play,Did Not Play,Did Not Play,Did Not Play,Did Not Play,Did Not Play,Did Not Play,Did Not Play,Did Not Play,Did Not Play,Did Not Play,Did Not Play,Did Not Play,Did Not Play,Did Not Play,Did Not Play,Brian Hoyer,HoyeBr00
139,132,2017,2017-12-24,15,16,32.072,NWE,,BUF,W 37-16,,0,0,,0,0,0,,0,0,,,2,-1,-0.50,0,0,0,0,0,0,0,0,0,4,6%,0,0%,0,0%,,Brian Hoyer,HoyeBr00
140,133,2017,2017-12-31,16,17,32.079,NWE,,NYJ,W 26-6,,1,3,33.33,5,0,0,42.4,0,0,1.67,1.67,0,0,,0,0,0,0,0,0,0,0,0,5,6%,0,0%,0,0%,,Brian Hoyer,HoyeBr00
141,Rk,Year,Date,G#,Week,Age,Tm,,Opp,Result,GS,Cmp,Att,Cmp%,Yds,TD,Int,Rate,Sk,Yds,Y/A,AY/A,Att,Yds,Y/A,TD,TD,Pts,Fmb,FL,FF,FR,Yds,TD,Num,Pct,Num,Pct,Num,Pct,Status,Brian Hoyer,HoyeBr00
142,134,2018,2018-09-09,1,1,,NWE,,HOU,W 27-20,Did Not Play,Did Not Play,Did Not Play,Did Not Play,Did Not Play,Did Not Play,Did Not Play,Did Not Play,Did Not Play,Did Not Play,Did Not Play,Did Not Play,Did Not Play,Did Not Play,Did Not Play,Did Not Play,Did Not Play,Did Not Play,Did Not Play,Did Not Play,Did Not Play,Did Not Play,Did Not Play,Did Not Play,Did Not Play,Did Not Play,Did Not Play,Did Not Play,Did Not Play,Did Not Play,Did Not Play,Brian Hoyer,HoyeBr00
143,135,2018,2018-09-16,2,2,,NWE,@,JAX,L 20-31,Did Not Play,Did Not Play,Did Not Play,Did Not Play,Did Not Play,Did Not Play,Did Not Play,Did Not Play,Did Not Play,Did Not Play,Did Not Play,Did Not Play,Did Not Play,Did Not Play,Did Not Play,Did Not Play,Did Not Play,Did Not Play,Did Not Play,Did Not Play,Did Not Play,Did Not Play,Did Not Play,Did Not Play,Did Not Play,Did Not Play,Did Not Play,Did Not Play,Did Not Play,Did Not Play,Did Not Play,Brian Hoyer,HoyeBr00
144,136,2018,2018-09-23,3,3,,NWE,@,DET,L 10-26,Did Not Play,Did Not Play,Did Not Play,Did Not Play,Did Not Play,Did Not Play,Did Not Play,Did Not Play,Did Not Play,Did Not Play,Did Not Play,Did Not Play,Did Not Play,Did Not Play,Did Not Play,Did Not Play,Did Not Play,Did Not Play,Did Not Play,Did Not Play,Did Not Play,Did Not Play,Did Not Play,Did Not Play,Did Not Play,Did Not Play,Did Not Play,Did Not Play,Did Not Play,Did Not Play,Did Not Play,Brian Hoyer,HoyeBr00
145,137,2018,2018-09-30,4,4,32.352,NWE,,MIA,W 38-7,,0,0,,0,0,0,,0,0,,,3,-3,-1.00,0,0,0,0,0,0,0,0,0,4,5%,0,0%,0,0%,,Brian Hoyer,HoyeBr00
146,138,2018,2018-10-04,5,5,,NWE,,IND,W 38-24,Did Not Play,Did Not Play,Did Not Play,Did Not Play,Did Not Play,Did Not Play,Did Not Play,Did Not Play,Did Not Play,Did Not Play,Did Not Play,Did Not Play,Did Not Play,Did Not Play,Did Not Play,Did Not Play,Did Not Play,Did Not Play,Did Not Play,Did Not Play,Did Not Play,Did Not Play,Did Not Play,Did Not Play,Did Not Play,Did Not Play,Did Not Play,Did Not Play,Did Not Play,Did Not Play,Did Not Play,Brian Hoyer,HoyeBr00
147,139,2018,2018-10-14,6,6,,NWE,,KAN,W 43-40,Did Not Play,Did Not Play,Did Not Play,Did Not Play,Did Not Play,Did Not Play,Did Not Play,Did Not Play,Did Not Play,Did Not Play,Did Not Play,Did Not Play,Did Not Play,Did Not Play,Did Not Play,Did Not Play,Did Not Play,Did Not Play,Did Not Play,Did Not Play,Did Not Play,Did Not Play,Did Not Play,Did Not Play,Did Not Play,Did Not Play,Did Not Play,Did Not Play,Did Not Play,Did Not Play,Did Not Play,Brian Hoyer,HoyeBr00
148,140,2018,2018-10-21,7,7,,NWE,@,CHI,W 38-31,Did Not Play,Did Not Play,Did Not Play,Did Not Play,Did Not Play,Did Not Play,Did Not Play,Did Not Play,Did Not Play,Did Not Play,Did Not Play,Did Not Play,Did Not Play,Did Not Play,Did Not Play,Did Not Play,Did Not Play,Did Not Play,Did Not Play,Did Not Play,Did Not Play,Did Not Play,Did Not Play,Did Not Play,Did Not Play,Did Not Play,Did Not Play,Did Not Play,Did Not Play,Did Not Play,Did Not Play,Brian Hoyer,HoyeBr00
149,141,2018,2018-10-29,8,8,33.016,NWE,@,BUF,W 25-6,,0,0,,0,0,0,,0,0,,,2,-2,-1.00,0,0,0,0,0,0,0,0,0,2,3%,0,0%,0,0%,,Brian Hoyer,HoyeBr00
150,142,2018,2018-11-04,9,9,,NWE,,GNB,W 31-17,Did Not Play,Did Not Play,Did Not Play,Did Not Play,Did Not Play,Did Not Play,Did Not Play,Did Not Play,Did Not Play,Did Not Play,Did Not Play,Did Not Play,Did Not Play,Did Not Play,Did Not Play,Did Not Play,Did Not Play,Did Not Play,Did Not Play,Did Not Play,Did Not Play,Did Not Play,Did Not Play,Did Not Play,Did Not Play,Did Not Play,Did Not Play,Did Not Play,Did Not Play,Did Not Play,Did Not Play,Brian Hoyer,HoyeBr00
151,143,2018,2018-11-11,10,10,33.029,NWE,@,TEN,L 10-34,,1,1,100.00,7,0,0,95.8,0,0,7.00,7.00,1,2,2.00,0,0,0,0,0,0,0,0,0,8,12%,0,0%,0,0%,,Brian Hoyer,HoyeBr00
152,144,2018,2018-11-25,11,12,,NWE,@,NYJ,W 27-13,Did Not Play,Did Not Play,Did Not Play,Did Not Play,Did Not Play,Did Not Play,Did Not Play,Did Not Play,Did Not Play,Did Not Play,Did Not Play,Did Not Play,Did Not Play,Did Not Play,Did Not Play,Did Not Play,Did Not Play,Did Not Play,Did Not Play,Did Not Play,Did Not Play,Did Not Play,Did Not Play,Did Not Play,Did Not Play,Did Not Play,Did Not Play,Did Not Play,Did Not Play,Did Not Play,Did Not Play,Brian Hoyer,HoyeBr00
153,145,2018,2018-12-02,12,13,,NWE,,MIN,W 24-10,Did Not Play,Did Not Play,Did Not Play,Did Not Play,Did Not Play,Did Not Play,Did Not Play,Did Not Play,Did Not Play,Did Not Play,Did Not Play,Did Not Play,Did Not Play,Did Not Play,Did Not Play,Did Not Play,Did Not Play,Did Not Play,Did Not Play,Did Not Play,Did Not Play,Did Not Play,Did Not Play,Did Not Play,Did Not Play,Did Not Play,Did Not Play,Did Not Play,Did Not Play,Did Not Play,Did Not Play,Brian Hoyer,HoyeBr00
154,146,2018,2018-12-09,13,14,,NWE,@,MIA,L 33-34,Did Not Play,Did Not Play,Did Not Play,Did Not Play,Did Not Play,Did Not Play,Did Not Play,Did Not Play,Did Not Play,Did Not Play,Did Not Play,Did Not Play,Did Not Play,Did Not Play,Did Not Play,Did Not Play,Did Not Play,Did Not Play,Did Not Play,Did Not Play,Did Not Play,Did Not Play,Did Not Play,Did Not Play,Did Not Play,Did Not Play,Did Not Play,Did Not Play,Did Not Play,Did Not Play,Did Not Play,Brian Hoyer,HoyeBr00
155,147,2018,2018-12-16,14,15,,NWE,@,PIT,L 10-17,Did Not Play,Did Not Play,Did Not Play,Did Not Play,Did Not Play,Did Not Play,Did Not Play,Did Not Play,Did Not Play,Did Not Play,Did Not Play,Did Not Play,Did Not Play,Did Not Play,Did Not Play,Did Not Play,Did Not Play,Did Not Play,Did Not Play,Did Not Play,Did Not Play,Did Not Play,Did Not Play,Did Not Play,Did Not Play,Did Not Play,Did Not Play,Did Not Play,Did Not Play,Did Not Play,Did Not Play,Brian Hoyer,HoyeBr00
156,148,2018,2018-12-23,15,16,33.071,NWE,,BUF,W 24-12,,0,1,0.00,0,0,0,39.6,0,0,0.00,0.00,2,-2,-1.00,0,0,0,0,0,0,0,0,0,9,12%,0,0%,0,0%,,Brian Hoyer,HoyeBr00
157,149,2018,2018-12-30,16,17,33.078,NWE,,NYJ,W 38-3,,0,0,,0,0,0,,0,0,,,3,-3,-1.00,0,0,0,0,0,0,0,0,0,4,6%,0,0%,0,0%,,Brian Hoyer,HoyeBr00
158,Rk,Year,Date,G#,Week,Age,Tm,,Opp,Result,GS,Cmp,Att,Cmp%,Yds,TD,Int,Rate,Sk,Yds,Y/A,AY/A,Att,Yds,Y/A,TD,TD,Pts,Fmb,FL,FF,FR,Yds,TD,Num,Pct,Num,Pct,Num,Pct,Status,Brian Hoyer,HoyeBr00
159,150,2019,2019-09-08,1,1,,IND,@,LAC,L 24-30,Did Not Play,Did Not Play,Did Not Play,Did Not Play,Did Not Play,Did Not Play,Did Not Play,Did Not Play,Did Not Play,Did Not Play,Did Not Play,Did Not Play,Did Not Play,Did Not Play,Did Not Play,Did Not Play,Did Not Play,Did Not Play,Did Not Play,Did Not Play,Did Not Play,Did Not Play,Did Not Play,Did Not Play,Did Not Play,Did Not Play,Did Not Play,Did Not Play,Did Not Play,Did Not Play,Did Not Play,Brian Hoyer,HoyeBr00
160,151,2019,2019-09-15,2,2,,IND,@,TEN,W 19-17,Did Not Play,Did Not Play,Did Not Play,Did Not Play,Did Not Play,Did Not Play,Did Not Play,Did Not Play,Did Not Play,Did Not Play,Did Not Play,Did Not Play,Did Not Play,Did Not Play,Did Not Play,Did Not Play,Did Not Play,Did Not Play,Did Not Play,Did Not Play,Did Not Play,Did Not Play,Did Not Play,Did Not Play,Did Not Play,Did Not Play,Did Not Play,Did Not Play,Did Not Play,Did Not Play,Did Not Play,Brian Hoyer,HoyeBr00
161,152,2019,2019-09-22,3,3,,IND,,ATL,W 27-24,Did Not Play,Did Not Play,Did Not Play,Did Not Play,Did Not Play,Did Not Play,Did Not Play,Did Not Play,Did Not Play,Did Not Play,Did Not Play,Did Not Play,Did Not Play,Did Not Play,Did Not Play,Did Not Play,Did Not Play,Did Not Play,Did Not Play,Did Not Play,Did Not Play,Did Not Play,Did Not Play,Did Not Play,Did Not Play,Did Not Play,Did Not Play,Did Not Play,Did Not Play,Did Not Play,Did Not Play,Brian Hoyer,HoyeBr00
162,153,2019,2019-09-29,4,4,,IND,,OAK,L 24-31,Did Not Play,Did Not Play,Did Not Play,Did Not Play,Did Not Play,Did Not Play,Did Not Play,Did Not Play,Did Not Play,Did Not Play,Did Not Play,Did Not Play,Did Not Play,Did Not Play,Did Not Play,Did Not Play,Did Not Play,Did Not Play,Did Not Play,Did Not Play,Did Not Play,Did Not Play,Did Not Play,Did Not Play,Did Not Play,Did Not Play,Did Not Play,Did Not Play,Did Not Play,Did Not Play,Did Not Play,Brian Hoyer,HoyeBr00
163,154,2019,2019-10-06,5,5,,IND,@,KAN,W 19-13,Did Not Play,Did Not Play,Did Not Play,Did Not Play,Did Not Play,Did Not Play,Did Not Play,Did Not Play,Did Not Play,Did Not Play,Did Not Play,Did Not Play,Did Not Play,Did Not Play,Did Not Play,Did Not Play,Did Not Play,Did Not Play,Did Not Play,Did Not Play,Did Not Play,Did Not Play,Did Not Play,Did Not Play,Did Not Play,Did Not Play,Did Not Play,Did Not Play,Did Not Play,Did Not Play,Did Not Play,Brian Hoyer,HoyeBr00
164,155,2019,2019-10-20,6,7,,IND,,HOU,W 30-23,Did Not Play,Did Not Play,Did Not Play,Did Not Play,Did Not Play,Did Not Play,Did Not Play,Did Not Play,Did Not Play,Did Not Play,Did Not Play,Did Not Play,Did Not Play,Did Not Play,Did Not Play,Did Not Play,Did Not Play,Did Not Play,Did Not Play,Did Not Play,Did Not Play,Did Not Play,Did Not Play,Did Not Play,Did Not Play,Did Not Play,Did Not Play,Did Not Play,Did Not Play,Did Not Play,Did Not Play,Brian Hoyer,HoyeBr00
165,156,2019,2019-10-27,7,8,,IND,,DEN,W 15-13,Did Not Play,Did Not Play,Did Not Play,Did Not Play,Did Not Play,Did Not Play,Did Not Play,Did Not Play,Did Not Play,Did Not Play,Did Not Play,Did Not Play,Did Not Play,Did Not Play,Did Not Play,Did Not Play,Did Not Play,Did Not Play,Did Not Play,Did Not Play,Did Not Play,Did Not Play,Did Not Play,Did Not Play,Did Not Play,Did Not Play,Did Not Play,Did Not Play,Did Not Play,Did Not Play,Did Not Play,Brian Hoyer,HoyeBr00
166,157,2019,2019-11-03,8,9,34.021,IND,@,PIT,L 24-26,,17,26,65.38,168,3,1,105.9,4,34,6.46,7.04,1,6,6.00,0,0,0,1,1,0,0,0,0,55,79%,0,0%,0,0%,,Brian Hoyer,HoyeBr00
167,158,2019,2019-11-10,9,10,34.028,IND,,MIA,L 12-16,*,18,39,46.15,204,1,3,38.8,1,13,5.23,2.28,2,0,0.00,0,0,0,1,0,0,0,0,0,69,100%,0,0%,0,0%,,Brian Hoyer,HoyeBr00
168,159,2019,2019-11-17,10,11,34.035,IND,,JAX,W 33-13,,0,0,,0,0,0,,0,0,,,2,-2,-1.00,0,0,0,0,0,0,0,0,0,2,3%,0,0%,0,0%,,Brian Hoyer,HoyeBr00
169,160,2019,2019-11-21,11,12,,IND,@,HOU,L 17-20,Did Not Play,Did Not Play,Did Not Play,Did Not Play,Did Not Play,Did Not Play,Did Not Play,Did Not Play,Did Not Play,Did Not Play,Did Not Play,Did Not Play,Did Not Play,Did Not Play,Did Not Play,Did Not Play,Did Not Play,Did Not Play,Did Not Play,Did Not Play,Did Not Play,Did Not Play,Did Not Play,Did Not Play,Did Not Play,Did Not Play,Did Not Play,Did Not Play,Did Not Play,Did Not Play,Did Not Play,Brian Hoyer,HoyeBr00
170,161,2019,2019-12-01,12,13,,IND,,TEN,L 17-31,Did Not Play,Did Not Play,Did Not Play,Did Not Play,Did Not Play,Did Not Play,Did Not Play,Did Not Play,Did Not Play,Did Not Play,Did Not Play,Did Not Play,Did Not Play,Did Not Play,Did Not Play,Did Not Play,Did Not Play,Did Not Play,Did Not Play,Did Not Play,Did Not Play,Did Not Play,Did Not Play,Did Not Play,Did Not Play,Did Not Play,Did Not Play,Did Not Play,Did Not Play,Did Not Play,Did Not Play,Brian Hoyer,HoyeBr00
171,162,2019,2019-12-08,13,14,,IND,@,TAM,L 35-38,Did Not Play,Did Not Play,Did Not Play,Did Not Play,Did Not Play,Did Not Play,Did Not Play,Did Not Play,Did Not Play,Did Not Play,Did Not Play,Did Not Play,Did Not Play,Did Not Play,Did Not Play,Did Not Play,Did Not Play,Did Not Play,Did Not Play,Did Not Play,Did Not Play,Did Not Play,Did Not Play,Did Not Play,Did Not Play,Did Not Play,Did Not Play,Did Not Play,Did Not Play,Did Not Play,Did Not Play,Brian Hoyer,HoyeBr00
172,163,2019,2019-12-16,14,15,,IND,@,NOR,L 7-34,Did Not Play,Did Not Play,Did Not Play,Did Not Play,Did Not Play,Did Not Play,Did Not Play,Did Not Play,Did Not Play,Did Not Play,Did Not Play,Did Not Play,Did Not Play,Did Not Play,Did Not Play,Did Not Play,Did Not Play,Did Not Play,Did Not Play,Did Not Play,Did Not Play,Did Not Play,Did Not Play,Did Not Play,Did Not Play,Did Not Play,Did Not Play,Did Not Play,Did Not Play,Did Not Play,Did Not Play,Brian Hoyer,HoyeBr00
173,164,2019,2019-12-22,15,16,34.070,IND,,CAR,W 38-6,,0,0,,0,0,0,,0,0,,,3,-2,-0.67,0,0,0,0,0,0,0,0,0,3,5%,0,0%,0,0%,,Brian Hoyer,HoyeBr00
174,165,2019,2019-12-29,16,17,,IND,@,JAX,L 20-38,Did Not Play,Did Not Play,Did Not Play,Did Not Play,Did Not Play,Did Not Play,Did Not Play,Did Not Play,Did Not Play,Did Not Play,Did Not Play,Did Not Play,Did Not Play,Did Not Play,Did Not Play,Did Not Play,Did Not Play,Did Not Play,Did Not Play,Did Not Play,Did Not Play,Did Not Play,Did Not Play,Did Not Play,Did Not Play,Did Not Play,Did Not Play,Did Not Play,Did Not Play,Did Not Play,Did Not Play,Brian Hoyer,HoyeBr00
175,Rk,Year,Date,G#,Week,Age,Tm,,Opp,Result,GS,Cmp,Att,Cmp%,Yds,TD,Int,Rate,Sk,Yds,Y/A,AY/A,Att,Yds,Y/A,TD,TD,Pts,Fmb,FL,FF,FR,Yds,TD,Num,Pct,Num,Pct,Num,Pct,Status,Brian Hoyer,HoyeBr00
176,166,2020,2020-09-13,1,1,,NWE,,MIA,W 21-11,Did Not Play,Did Not Play,Did Not Play,Did Not Play,Did Not Play,Did Not Play,Did Not Play,Did Not Play,Did Not Play,Did Not Play,Did Not Play,Did Not Play,Did Not Play,Did Not Play,Did Not Play,Did Not Play,Did Not Play,Did Not Play,Did Not Play,Did Not Play,Did Not Play,Did Not Play,Did Not Play,Did Not Play,Did Not Play,Did Not Play,Did Not Play,Did Not Play,Did Not Play,Did Not Play,Did Not Play,Brian Hoyer,HoyeBr00
177,167,2020,2020-09-20,2,2,,NWE,@,SEA,L 30-35,Did Not Play,Did Not Play,Did Not Play,Did Not Play,Did Not Play,Did Not Play,Did Not Play,Did Not Play,Did Not Play,Did Not Play,Did Not Play,Did Not Play,Did Not Play,Did Not Play,Did Not Play,Did Not Play,Did Not Play,Did Not Play,Did Not Play,Did Not Play,Did Not Play,Did Not Play,Did Not Play,Did Not Play,Did Not Play,Did Not Play,Did Not Play,Did Not Play,Did Not Play,Did Not Play,Did Not Play,Brian Hoyer,HoyeBr00
178,168,2020,2020-09-27,3,3,,NWE,,LVR,W 36-20,Did Not Play,Did Not Play,Did Not Play,Did Not Play,Did Not Play,Did Not Play,Did Not Play,Did Not Play,Did Not Play,Did Not Play,Did Not Play,Did Not Play,Did Not Play,Did Not Play,Did Not Play,Did Not Play,Did Not Play,Did Not Play,Did Not Play,Did Not Play,Did Not Play,Did Not Play,Did Not Play,Did Not Play,Did Not Play,Did Not Play,Did Not Play,Did Not Play,Did Not Play,Did Not Play,Did Not Play,Brian Hoyer,HoyeBr00
179,169,2020,2020-10-05,4,4,34.358,NWE,@,KAN,L 10-26,*,15,24,62.50,130,0,1,59.4,2,18,5.42,3.54,1,8,8.00,0,0,0,1,1,0,0,0,0,50,67%,0,0%,0,0%,,Brian Hoyer,HoyeBr00
180,170,2020,2020-10-18,5,6,,NWE,,DEN,L 12-18,Inactive,Inactive,Inactive,Inactive,Inactive,Inactive,Inactive,Inactive,Inactive,Inactive,Inactive,Inactive,Inactive,Inactive,Inactive,Inactive,Inactive,Inactive,Inactive,Inactive,Inactive,Inactive,Inactive,Inactive,Inactive,Inactive,Inactive,Inactive,Inactive,Inactive,Inactive,Brian Hoyer,HoyeBr00
181,171,2020,2020-10-25,6,7,,NWE,,SFO,L 6-33,Inactive,Inactive,Inactive,Inactive,Inactive,Inactive,Inactive,Inactive,Inactive,Inactive,Inactive,Inactive,Inactive,Inactive,Inactive,Inactive,Inactive,Inactive,Inactive,Inactive,Inactive,Inactive,Inactive,Inactive,Inactive,Inactive,Inactive,Inactive,Inactive,Inactive,Inactive,Brian Hoyer,HoyeBr00
182,172,2020,2020-11-01,7,8,,NWE,@,BUF,L 21-24,Inactive,Inactive,Inactive,Inactive,Inactive,Inactive,Inactive,Inactive,Inactive,Inactive,Inactive,Inactive,Inactive,Inactive,Inactive,Inactive,Inactive,Inactive,Inactive,Inactive,Inactive,Inactive,Inactive,Inactive,Inactive,Inactive,Inactive,Inactive,Inactive,Inactive,Inactive,Brian Hoyer,HoyeBr00
183,173,2020,2020-11-09,8,9,,NWE,@,NYJ,W 30-27,Inactive,Inactive,Inactive,Inactive,Inactive,Inactive,Inactive,Inactive,Inactive,Inactive,Inactive,Inactive,Inactive,Inactive,Inactive,Inactive,Inactive,Inactive,Inactive,Inactive,Inactive,Inactive,Inactive,Inactive,Inactive,Inactive,Inactive,Inactive,Inactive,Inactive,Inactive,Brian Hoyer,HoyeBr00
184,174,2020,2020-11-15,9,10,,NWE,,BAL,W 23-17,Inactive,Inactive,Inactive,Inactive,Inactive,Inactive,Inactive,Inactive,Inactive,Inactive,Inactive,Inactive,Inactive,Inactive,Inactive,Inactive,Inactive,Inactive,Inactive,Inactive,Inactive,Inactive,Inactive,Inactive,Inactive,Inactive,Inactive,Inactive,Inactive,Inactive,Inactive,Brian Hoyer,HoyeBr00
185,175,2020,2020-11-22,10,11,,NWE,@,HOU,L 20-27,Inactive,Inactive,Inactive,Inactive,Inactive,Inactive,Inactive,Inactive,Inactive,Inactive,Inactive,Inactive,Inactive,Inactive,Inactive,Inactive,Inactive,Inactive,Inactive,Inactive,Inactive,Inactive,Inactive,Inactive,Inactive,Inactive,Inactive,Inactive,Inactive,Inactive,Inactive,Brian Hoyer,HoyeBr00
186,176,2020,2020-11-29,11,12,,NWE,,ARI,W 20-17,Inactive,Inactive,Inactive,Inactive,Inactive,Inactive,Inactive,Inactive,Inactive,Inactive,Inactive,Inactive,Inactive,Inactive,Inactive,Inactive,Inactive,Inactive,Inactive,Inactive,Inactive,Inactive,Inactive,Inactive,Inactive,Inactive,Inactive,Inactive,Inactive,Inactive,Inactive,Brian Hoyer,HoyeBr00
187,177,2020,2020-12-06,12,13,,NWE,@,LAC,W 45-0,Inactive,Inactive,Inactive,Inactive,Inactive,Inactive,Inactive,Inactive,Inactive,Inactive,Inactive,Inactive,Inactive,Inactive,Inactive,Inactive,Inactive,Inactive,Inactive,Inactive,Inactive,Inactive,Inactive,Inactive,Inactive,Inactive,Inactive,Inactive,Inactive,Inactive,Inactive,Brian Hoyer,HoyeBr00
188,178,2020,2020-12-10,13,14,,NWE,@,LAR,L 3-24,Inactive,Inactive,Inactive,Inactive,Inactive,Inactive,Inactive,Inactive,Inactive,Inactive,Inactive,Inactive,Inactive,Inactive,Inactive,Inactive,Inactive,Inactive,Inactive,Inactive,Inactive,Inactive,Inactive,Inactive,Inactive,Inactive,Inactive,Inactive,Inactive,Inactive,Inactive,Brian Hoyer,HoyeBr00
189,179,2020,2020-12-20,14,15,,NWE,@,MIA,L 12-22,Inactive,Inactive,Inactive,Inactive,Inactive,Inactive,Inactive,Inactive,Inactive,Inactive,Inactive,Inactive,Inactive,Inactive,Inactive,Inactive,Inactive,Inactive,Inactive,Inactive,Inactive,Inactive,Inactive,Inactive,Inactive,Inactive,Inactive,Inactive,Inactive,Inactive,Inactive,Brian Hoyer,HoyeBr00
190,180,2020,2020-12-28,15,16,,NWE,,BUF,L 9-38,Inactive,Inactive,Inactive,Inactive,Inactive,Inactive,Inactive,Inactive,Inactive,Inactive,Inactive,Inactive,Inactive,Inactive,Inactive,Inactive,Inactive,Inactive,Inactive,Inactive,Inactive,Inactive,Inactive,Inactive,Inactive,Inactive,Inactive,Inactive,Inactive,Inactive,Inactive,Brian Hoyer,HoyeBr00
191,181,2020,2021-01-03,16,17,,NWE,,NYJ,W 28-14,Inactive,Inactive,Inactive,Inactive,Inactive,Inactive,Inactive,Inactive,Inactive,Inactive,Inactive,Inactive,Inactive,Inactive,Inactive,Inactive,Inactive,Inactive,Inactive,Inactive,Inactive,Inactive,Inactive,Inactive,Inactive,Inactive,Inactive,Inactive,Inactive,Inactive,Inactive,Brian Hoyer,HoyeBr00
192,Rk,Year,Date,G#,Week,Age,Tm,,Opp,Result,GS,Cmp,Att,Cmp%,Yds,TD,Int,Rate,Sk,Yds,Y/A,AY/A,Att,Yds,Y/A,TD,TD,Pts,Fmb,FL,FF,FR,Yds,TD,Num,Pct,Num,Pct,Num,Pct,Status,Brian Hoyer,HoyeBr00
193,182,2021,2021-09-12,1,1,,NWE,,MIA,L 16-17,Did Not Play,Did Not Play,Did Not Play,Did Not Play,Did Not Play,Did Not Play,Did Not Play,Did Not Play,Did Not Play,Did Not Play,Did Not Play,Did Not Play,Did Not Play,Did Not Play,Did Not Play,Did Not Play,Did Not Play,Did Not Play,Did Not Play,Did Not Play,Did Not Play,Did Not Play,Did Not Play,Did Not Play,Did Not Play,Did Not Play,Did Not Play,Did Not Play,Did Not Play,Did Not Play,Did Not Play,Brian Hoyer,HoyeBr00
194,183,2021,2021-09-19,2,2,,NWE,@,NYJ,W 25-6,Did Not Play,Did Not Play,Did Not Play,Did Not Play,Did Not Play,Did Not Play,Did Not Play,Did Not Play,Did Not Play,Did Not Play,Did Not Play,Did Not Play,Did Not Play,Did Not Play,Did Not Play,Did Not Play,Did Not Play,Did Not Play,Did Not Play,Did Not Play,Did Not Play,Did Not Play,Did Not Play,Did Not Play,Did Not Play,Did Not Play,Did Not Play,Did Not Play,Did Not Play,Did Not Play,Did Not Play,Brian Hoyer,HoyeBr00
195,184,2021,2021-09-26,3,3,,NWE,,NOR,L 13-28,Did Not Play,Did Not Play,Did Not Play,Did Not Play,Did Not Play,Did Not Play,Did Not Play,Did Not Play,Did Not Play,Did Not Play,Did Not Play,Did Not Play,Did Not Play,Did Not Play,Did Not Play,Did Not Play,Did Not Play,Did Not Play,Did Not Play,Did Not Play,Did Not Play,Did Not Play,Did Not Play,Did Not Play,Did Not Play,Did Not Play,Did Not Play,Did Not Play,Did Not Play,Did Not Play,Did Not Play,Brian Hoyer,HoyeBr00
196,185,2021,2021-10-03,4,4,,NWE,,TAM,L 17-19,Did Not Play,Did Not Play,Did Not Play,Did Not Play,Did Not Play,Did Not Play,Did Not Play,Did Not Play,Did Not Play,Did Not Play,Did Not Play,Did Not Play,Did Not Play,Did Not Play,Did Not Play,Did Not Play,Did Not Play,Did Not Play,Did Not Play,Did Not Play,Did Not Play,Did Not Play,Did Not Play,Did Not Play,Did Not Play,Did Not Play,Did Not Play,Did Not Play,Did Not Play,Did Not Play,Did Not Play,Brian Hoyer,HoyeBr00
197,186,2021,2021-10-10,5,5,,NWE,@,HOU,W 25-22,Did Not Play,Did Not Play,Did Not Play,Did Not Play,Did Not Play,Did Not Play,Did Not Play,Did Not Play,Did Not Play,Did Not Play,Did Not Play,Did Not Play,Did Not Play,Did Not Play,Did Not Play,Did Not Play,Did Not Play,Did Not Play,Did Not Play,Did Not Play,Did Not Play,Did Not Play,Did Not Play,Did Not Play,Did Not Play,Did Not Play,Did Not Play,Did Not Play,Did Not Play,Did Not Play,Did Not Play,Brian Hoyer,HoyeBr00
198,187,2021,2021-10-17,6,6,,NWE,,DAL,L 29-35,Did Not Play,Did Not Play,Did Not Play,Did Not Play,Did Not Play,Did Not Play,Did Not Play,Did Not Play,Did Not Play,Did Not Play,Did Not Play,Did Not Play,Did Not Play,Did Not Play,Did Not Play,Did Not Play,Did Not Play,Did Not Play,Did Not Play,Did Not Play,Did Not Play,Did Not Play,Did Not Play,Did Not Play,Did Not Play,Did Not Play,Did Not Play,Did Not Play,Did Not Play,Did Not Play,Did Not Play,Brian Hoyer,HoyeBr00
199,188,2021,2021-10-24,7,7,36.011,NWE,,NYJ,W 54-13,,3,4,75.00,79,0,0,116.7,0,0,19.75,19.75,3,-3,-1.00,0,0,0,0,0,0,0,0,0,12,16%,0,0%,0,0%,,Brian Hoyer,HoyeBr00
200,189,2021,2021-10-31,8,8,,NWE,@,LAC,W 27-24,Did Not Play,Did Not Play,Did Not Play,Did Not Play,Did Not Play,Did Not Play,Did Not Play,Did Not Play,Did Not Play,Did Not Play,Did Not Play,Did Not Play,Did Not Play,Did Not Play,Did Not Play,Did Not Play,Did Not Play,Did Not Play,Did Not Play,Did Not Play,Did Not Play,Did Not Play,Did Not Play,Did Not Play,Did Not Play,Did Not Play,Did Not Play,Did Not Play,Did Not Play,Did Not Play,Did Not Play,Brian Hoyer,HoyeBr00
201,190,2021,2021-11-07,9,9,36.025,NWE,@,CAR,W 24-6,,0,0,,0,0,0,,0,0,,,3,-3,-1.00,0,0,0,0,0,0,0,0,0,6,10%,0,0%,0,0%,,Brian Hoyer,HoyeBr00
202,191,2021,2021-11-14,10,10,36.032,NWE,,CLE,W 45-7,,3,3,100.00,85,1,0,158.3,0,0,28.33,35.00,2,-2,-1.00,0,0,0,0,0,0,0,0,0,9,13%,0,0%,0,0%,,Brian Hoyer,HoyeBr00
203,192,2021,2021-11-18,11,11,,NWE,@,ATL,W 25-0,Did Not Play,Did Not Play,Did Not Play,Did Not Play,Did Not Play,Did Not Play,Did Not Play,Did Not Play,Did Not Play,Did Not Play,Did Not Play,Did Not Play,Did Not Play,Did Not Play,Did Not Play,Did Not Play,Did Not Play,Did Not Play,Did Not Play,Did Not Play,Did Not Play,Did Not Play,Did Not Play,Did Not Play,Did Not Play,Did Not Play,Did Not Play,Did Not Play,Did Not Play,Did Not Play,Did Not Play,Brian Hoyer,HoyeBr00
204,193,2021,2021-11-28,12,12,36.046,NWE,,TEN,W 36-13,,0,0,,0,0,0,,0,0,,,1,-1,-1.00,0,0,0,0,0,0,0,0,0,1,2%,0,0%,0,0%,,Brian Hoyer,HoyeBr00
205,194,2021,2021-12-06,13,13,,NWE,@,BUF,W 14-10,Did Not Play,Did Not Play,Did Not Play,Did Not Play,Did Not Play,Did Not Play,Did Not Play,Did Not Play,Did Not Play,Did Not Play,Did Not Play,Did Not Play,Did Not Play,Did Not Play,Did Not Play,Did Not Play,Did Not Play,Did Not Play,Did Not Play,Did Not Play,Did Not Play,Did Not Play,Did Not Play,Did Not Play,Did Not Play,Did Not Play,Did Not Play,Did Not Play,Did Not Play,Did Not Play,Did Not Play,Brian Hoyer,HoyeBr00
206,195,2021,2021-12-18,14,15,,NWE,@,IND,L 17-27,Did Not Play,Did Not Play,Did Not Play,Did Not Play,Did Not Play,Did Not Play,Did Not Play,Did Not Play,Did Not Play,Did Not Play,Did Not Play,Did Not Play,Did Not Play,Did Not Play,Did Not Play,Did Not Play,Did Not Play,Did Not Play,Did Not Play,Did Not Play,Did Not Play,Did Not Play,Did Not Play,Did Not Play,Did Not Play,Did Not Play,Did Not Play,Did Not Play,Did Not Play,Did Not Play,Did Not Play,Brian Hoyer,HoyeBr00
207,196,2021,2021-12-26,15,16,,NWE,,BUF,L 21-33,Did Not Play,Did Not Play,Did Not Play,Did Not Play,Did Not Play,Did Not Play,Did Not Play,Did Not Play,Did Not Play,Did Not Play,Did Not Play,Did Not Play,Did Not Play,Did Not Play,Did Not Play,Did Not Play,Did Not Play,Did Not Play,Did Not Play,Did Not Play,Did Not Play,Did Not Play,Did Not Play,Did Not Play,Did Not Play,Did Not Play,Did Not Play,Did Not Play,Did Not Play,Did Not Play,Did Not Play,Brian Hoyer,HoyeBr00
208,197,2021,2022-01-02,16,17,36.081,NWE,,JAX,W 50-10,,3,4,75.00,63,0,0,116.7,0,0,15.75,15.75,2,1,0.50,0,0,0,0,0,0,0,0,0,13,18%,0,0%,0,0%,,Brian Hoyer,HoyeBr00
209,198,2021,2022-01-09,17,18,,NWE,@,MIA,L 24-33,Did Not Play,Did Not Play,Did Not Play,Did Not Play,Did Not Play,Did Not Play,Did Not Play,Did Not Play,Did Not Play,Did Not Play,Did Not Play,Did Not Play,Did Not Play,Did Not Play,Did Not Play,Did Not Play,Did Not Play,Did Not Play,Did Not Play,Did Not Play,Did Not Play,Did Not Play,Did Not Play,Did Not Play,Did Not Play,Did Not Play,Did Not Play,Did Not Play,Did Not Play,Did Not Play,Did Not Play,Brian Hoyer,HoyeBr00
210,,,75 Games,,,,,,,42-33-0,,897,1512,59.33,10631,53,35,82.9,88,636,7.03,6.69,117,115,0.98,2,2,12,20,7,0,7,-24,0,,,,,,,,Brian Hoyer,HoyeBr00
