,Unnamed: 0_level_0,Unnamed: 1_level_0,Unnamed: 2_level_0,Unnamed: 3_level_0,Unnamed: 4_level_0,Unnamed: 5_level_0,Unnamed: 6_level_0,Unnamed: 7_level_0,Unnamed: 8_level_0,Unnamed: 9_level_0,Unnamed: 10_level_0,Passing,Passing,Passing,Passing,Passing,Passing,Passing,Passing,Passing,Passing,Passing,Rushing,Rushing,Rushing,Rushing,Receiving,Receiving,Receiving,Receiving,Scoring,Scoring,qb,qb_tag
,Rk,Year,Date,G#,Week,Age,Tm,Unnamed: 7_level_1,Opp,Result,GS,Cmp,Att,Cmp%,Yds,TD,Int,Rate,Sk,Yds.1,Y/A,AY/A,Att,Yds,Y/A,TD,Rec,Yds,Y/R,TD,TD,Pts,,
0,1,1971,1971-09-19,1,1,22.123,NOR,,RAM,W 24-20,*,16,29,55.17,218,1,1,76.5,7,64,7.52,6.66,4,14,3.50,1,,,,,1,6,Archie Manning,MannAr00
1,2,1971,1971-09-26,2,2,22.130,NOR,,SFO,L 20-38,*,8,14,57.14,155,2,0,135.4,6,37,11.07,13.93,3,7,2.33,0,,,,,0,0,Archie Manning,MannAr00
2,3,1971,1971-10-03,3,3,22.137,NOR,@,HOU,T 13-13,*,8,20,40.00,112,1,2,35.8,5,33,5.60,2.10,4,17,4.25,0,,,,,0,0,Archie Manning,MannAr00
3,4,1971,1971-10-10,4,4,22.144,NOR,@,CHI,L 14-35,*,2,8,25.00,45,0,1,10.9,4,36,5.63,0.00,3,17,5.67,0,,,,,0,0,Archie Manning,MannAr00
4,5,1971,1971-10-17,5,5,22.151,NOR,,DAL,W 24-14,*,6,15,40.00,83,1,1,52.9,4,34,5.53,3.87,7,52,7.43,2,,,,,2,12,Archie Manning,MannAr00
5,6,1971,1971-10-24,6,6,22.158,NOR,@,ATL,L 6-28,*,12,30,40.00,138,0,2,26.8,2,12,4.60,1.60,1,2,2.00,0,,,,,0,0,Archie Manning,MannAr00
6,7,1971,1971-10-31,7,7,22.165,NOR,@,WAS,L 14-24,*,3,6,50.00,29,0,0,63.9,4,42,4.83,4.83,1,-2,-2.00,0,,,,,0,0,Archie Manning,MannAr00
7,8,1971,1971-11-07,8,8,22.172,NOR,,OAK,T 21-21,*,0,2,0.00,0,0,1,0.0,,,0.00,-22.50,4,33,8.25,0,,,,,0,0,Archie Manning,MannAr00
8,9,1971,1971-11-21,10,10,22.186,NOR,,MIN,L 10-23,,5,9,55.56,81,1,1,83.3,,,9.00,6.22,,,,,,,,,0,0,Archie Manning,MannAr00
9,10,1971,1971-11-28,11,11,22.193,NOR,@,GNB,W 29-21,*,3,7,42.86,38,0,0,60.4,,,5.43,5.43,2,8,4.00,0,,,,,0,0,Archie Manning,MannAr00
10,11,1971,1971-12-12,13,13,22.207,NOR,,CLE,L 17-21,,6,11,54.55,91,0,0,82.0,3,35,8.27,8.27,1,-4,-4.00,0,1,-7,-7.00,0,0,0,Archie Manning,MannAr00
11,12,1971,1971-12-19,14,14,22.214,NOR,,ATL,L 20-24,*,17,26,65.38,174,0,0,84.5,5,39,6.69,6.69,3,28,9.33,1,,,,,1,6,Archie Manning,MannAr00
12,Rk,Year,Date,G#,Week,Age,Tm,,Opp,Result,GS,Cmp,Att,Cmp%,Yds,TD,Int,Rate,Sk,Yds,Y/A,AY/A,Att,Yds,Y/A,TD,Rec,Yds,Y/R,TD,TD,Pts,Archie Manning,MannAr00
13,13,1972,1972-09-17,1,1,23.121,NOR,@,RAM,L 14-34,*,21,46,45.65,249,2,1,68.1,3,31,5.41,5.30,2,22,11.00,0,,,,,0,0,Archie Manning,MannAr00
14,14,1972,1972-09-25,2,2,23.129,NOR,,KAN,L 17-20,*,10,24,41.67,115,1,0,70.7,4,22,4.79,5.63,2,-10,-5.00,0,,,,,0,0,Archie Manning,MannAr00
15,15,1972,1972-10-01,3,3,23.135,NOR,,SFO,L 2-37,*,13,35,37.14,128,0,4,8.7,5,51,3.66,-1.49,1,11,11.00,0,,,,,0,0,Archie Manning,MannAr00
16,16,1972,1972-10-08,4,4,23.142,NOR,@,NYG,L 21-45,*,18,31,58.06,276,3,4,80.2,4,48,8.90,5.03,2,18,9.00,0,,,,,0,0,Archie Manning,MannAr00
17,17,1972,1972-10-15,5,5,23.149,NOR,,ATL,L 14-21,*,6,18,33.33,51,0,0,42.4,3,31,2.83,2.83,9,45,5.00,1,,,,,1,6,Archie Manning,MannAr00
18,18,1972,1972-10-22,6,6,23.156,NOR,@,SFO,T 20-20,*,17,27,62.96,287,2,1,108.1,2,14,10.63,10.44,11,48,4.36,0,,,,,0,0,Archie Manning,MannAr00
19,19,1972,1972-10-29,7,7,23.163,NOR,,PHI,W 21-3,*,20,35,57.14,295,2,1,92.0,2,11,8.43,8.29,6,31,5.17,0,,,,,0,0,Archie Manning,MannAr00
20,20,1972,1972-11-05,8,8,23.170,NOR,@,MIN,L 6-37,*,19,35,54.29,155,0,3,30.1,1,8,4.43,0.57,9,73,8.11,0,,,,,0,0,Archie Manning,MannAr00
21,21,1972,1972-11-12,9,9,23.177,NOR,@,ATL,L 20-36,*,13,31,41.94,173,1,0,71.0,3,18,5.58,6.23,4,34,8.50,0,,,,,0,0,Archie Manning,MannAr00
22,22,1972,1972-11-19,10,10,23.184,NOR,@,DET,L 14-27,*,20,30,66.67,250,2,2,86.8,2,8,8.33,6.67,3,19,6.33,0,,,,,0,0,Archie Manning,MannAr00
23,23,1972,1972-11-26,11,11,23.191,NOR,,RAM,W 19-16,*,15,29,51.72,202,1,0,85.7,6,44,6.97,7.66,4,25,6.25,1,,,,,1,6,Archie Manning,MannAr00
24,24,1972,1972-12-03,12,12,23.198,NOR,@,NYJ,L 17-18,*,20,31,64.52,204,1,1,80.6,2,10,6.58,5.77,6,18,3.00,0,,,,,0,0,Archie Manning,MannAr00
25,25,1972,1972-12-10,13,13,23.205,NOR,,NWE,L 10-17,*,24,52,46.15,254,1,3,43.3,2,11,4.88,2.67,2,10,5.00,0,,,,,0,0,Archie Manning,MannAr00
26,26,1972,1972-12-17,14,14,23.212,NOR,,GNB,L 20-30,*,14,24,58.33,142,2,1,85.8,4,40,5.92,5.71,2,7,3.50,0,,,,,0,0,Archie Manning,MannAr00
27,Rk,Year,Date,G#,Week,Age,Tm,,Opp,Result,GS,Cmp,Att,Cmp%,Yds,TD,Int,Rate,Sk,Yds,Y/A,AY/A,Att,Yds,Y/A,TD,Rec,Yds,Y/R,TD,TD,Pts,Archie Manning,MannAr00
28,27,1973,1973-09-16,1,1,24.120,NOR,,ATL,L 7-62,*,5,13,38.46,62,1,5,40.1,,,4.77,-11.00,2,9,4.50,0,,,,,0,0,Archie Manning,MannAr00
29,28,1973,1973-09-24,2,2,24.128,NOR,@,DAL,L 3-40,*,11,15,73.33,97,0,0,90.1,1,4,6.47,6.47,8,16,2.00,0,,,,,0,0,Archie Manning,MannAr00
30,29,1973,1973-09-30,3,3,24.134,NOR,@,BAL,L 10-14,*,18,33,54.55,257,1,1,77.5,1,7,7.79,7.03,4,15,3.75,0,,,,,0,0,Archie Manning,MannAr00
31,30,1973,1973-10-07,4,4,24.141,NOR,,CHI,W 21-16,*,10,18,55.56,132,0,0,78.9,1,13,7.33,7.33,7,8,1.14,2,,,,,2,12,Archie Manning,MannAr00
32,31,1973,1973-10-14,5,5,24.148,NOR,,DET,W 20-13,*,9,15,60.00,172,0,1,72.1,2,9,11.47,8.47,6,12,2.00,0,,,,,0,0,Archie Manning,MannAr00
33,32,1973,1973-10-21,6,6,24.155,NOR,@,SFO,L 0-40,*,5,16,31.25,17,0,1,14.6,3,24,1.06,-1.75,2,14,7.00,0,,,,,0,0,Archie Manning,MannAr00
34,33,1973,1973-10-28,7,7,24.162,NOR,,WAS,W 19-3,*,7,17,41.18,62,1,0,71.2,4,23,3.65,4.82,8,60,7.50,0,,,,,0,0,Archie Manning,MannAr00
35,34,1973,1973-11-04,8,8,24.169,NOR,,BUF,W 13-0,*,16,33,48.48,188,1,0,76.3,4,22,5.70,6.30,4,23,5.75,0,,,,,0,0,Archie Manning,MannAr00
36,35,1973,1973-11-11,9,9,24.176,NOR,@,RAM,L 7-29,*,9,15,60.00,123,1,0,108.5,3,27,8.20,9.53,5,38,7.60,0,,,,,0,0,Archie Manning,MannAr00
37,36,1973,1973-11-18,10,10,24.183,NOR,@,SDG,L 14-17,*,21,37,56.76,224,2,1,81.4,3,25,6.05,5.92,5,30,6.00,0,,,,,0,0,Archie Manning,MannAr00
38,37,1973,1973-11-25,11,11,24.190,NOR,,RAM,L 13-24,*,12,26,46.15,114,1,0,71.6,2,5,4.38,5.15,4,19,4.75,0,,,,,0,0,Archie Manning,MannAr00
39,38,1973,1973-12-02,12,12,24.197,NOR,@,GNB,L 10-30,*,14,24,58.33,143,1,3,49.8,1,6,5.96,1.17,7,35,5.00,0,,,,,0,0,Archie Manning,MannAr00
40,39,1973,1973-12-09,13,13,24.204,NOR,,SFO,W 16-10,*,3,5,60.00,51,1,0,134.2,3,12,10.20,14.20,1,14,14.00,0,,,,,0,0,Archie Manning,MannAr00
41,Rk,Year,Date,G#,Week,Age,Tm,,Opp,Result,GS,Cmp,Att,Cmp%,Yds,TD,Int,Rate,Sk,Yds,Y/A,AY/A,Att,Yds,Y/A,TD,Rec,Yds,Y/R,TD,TD,Pts,Archie Manning,MannAr00
42,40,1974,1974-09-15,1,1,25.119,NOR,,SFO,L 13-17,*,16,28,57.14,149,1,2,54.0,,,5.32,2.82,3,15,5.00,0,,,,,0,0,Archie Manning,MannAr00
43,41,1974,1974-09-22,2,2,25.126,NOR,@,RAM,L 0-24,*,12,29,41.38,170,0,2,32.3,5,40,5.86,2.76,2,33,16.50,0,,,,,0,0,Archie Manning,MannAr00
44,42,1974,1974-09-29,3,3,25.133,NOR,,ATL,W 14-13,*,6,14,42.86,47,1,1,45.8,3,23,3.36,1.57,2,-1,-0.50,0,,,,,0,0,Archie Manning,MannAr00
45,43,1974,1974-10-06,4,4,25.140,NOR,@,CHI,L 10-24,*,15,26,57.69,115,1,0,81.4,4,17,4.42,5.19,3,9,3.00,0,,,,,0,0,Archie Manning,MannAr00
46,44,1974,1974-10-13,5,5,25.147,NOR,@,DEN,L 17-33,*,12,27,44.44,154,0,2,32.0,,,5.70,2.37,3,26,8.67,0,,,,,0,0,Archie Manning,MannAr00
47,45,1974,1974-10-27,7,7,25.161,NOR,,PHI,W 14-10,*,14,26,53.85,189,0,1,61.2,4,25,7.27,5.54,4,38,9.50,1,,,,,1,6,Archie Manning,MannAr00
48,46,1974,1974-11-03,8,8,25.168,NOR,@,DET,L 14-19,*,22,37,59.46,206,1,3,50.1,2,20,5.57,2.46,4,22,5.50,0,,,,,0,0,Archie Manning,MannAr00
49,47,1974,1974-11-10,9,9,25.175,NOR,,MIA,L 0-21,*,15,24,62.50,115,0,1,56.8,3,13,4.79,2.92,3,37,12.33,0,,,,,0,0,Archie Manning,MannAr00
50,48,1974,1974-11-17,10,10,25.182,NOR,,RAM,W 20-7,*,11,22,50.00,175,2,1,88.3,,,7.95,7.73,2,14,7.00,0,,,,,0,0,Archie Manning,MannAr00
51,49,1974,1974-11-25,11,11,25.190,NOR,,PIT,L 7-28,*,2,10,20.00,9,0,3,0.0,2,5,0.90,-12.60,1,6,6.00,0,,,,,0,0,Archie Manning,MannAr00
52,50,1974,1974-12-01,12,12,25.196,NOR,@,MIN,L 9-29,*,9,18,50.00,100,0,0,66.9,3,29,5.56,5.56,1,5,5.00,0,,,,,0,0,Archie Manning,MannAr00
53,Rk,Year,Date,G#,Week,Age,Tm,,Opp,Result,GS,Cmp,Att,Cmp%,Yds,TD,Int,Rate,Sk,Yds,Y/A,AY/A,Att,Yds,Y/A,TD,Rec,Yds,Y/R,TD,TD,Pts,Archie Manning,MannAr00
54,51,1975,1975-09-21,1,1,26.125,NOR,@,WAS,L 3-41,*,18,35,51.43,153,0,2,39.3,2,16,4.37,1.80,3,18,6.00,0,,,,,0,0,Archie Manning,MannAr00
55,52,1975,1975-09-28,2,2,26.132,NOR,,CIN,L 0-21,*,5,15,33.33,61,0,1,19.0,3,23,4.07,1.07,,,,,,,,,0,0,Archie Manning,MannAr00
56,53,1975,1975-10-05,3,3,26.139,NOR,@,ATL,L 7-14,*,15,31,48.39,146,0,2,35.1,3,21,4.71,1.81,4,27,6.75,0,,,,,0,0,Archie Manning,MannAr00
57,54,1975,1975-10-12,4,4,26.146,NOR,,GNB,W 20-19,*,17,39,43.59,189,1,0,67.1,2,20,4.85,5.36,3,16,5.33,0,,,,,0,0,Archie Manning,MannAr00
58,55,1975,1975-10-19,5,5,26.153,NOR,@,SFO,L 21-35,*,16,29,55.17,142,0,2,39.7,7,46,4.90,1.79,2,14,7.00,0,,,,,0,0,Archie Manning,MannAr00
59,56,1975,1975-10-26,6,6,26.160,NOR,@,RAM,L 14-38,*,10,18,55.56,85,1,1,63.4,3,29,4.72,3.33,2,11,5.50,0,,,,,0,0,Archie Manning,MannAr00
60,57,1975,1975-11-02,7,7,26.167,NOR,,ATL,W 23-7,*,8,19,42.11,199,1,3,58.8,3,22,10.47,4.42,2,8,4.00,0,,,,,0,0,Archie Manning,MannAr00
61,58,1975,1975-11-09,8,8,26.174,NOR,@,OAK,L 10-48,*,6,15,40.00,74,1,3,38.6,4,29,4.93,-2.73,2,20,10.00,0,,,,,0,0,Archie Manning,MannAr00
62,59,1975,1975-11-16,9,9,26.181,NOR,,MIN,L 7-20,*,5,18,27.78,62,1,0,60.0,8,69,3.44,4.56,2,5,2.50,0,,,,,0,0,Archie Manning,MannAr00
63,60,1975,1975-11-23,10,10,26.188,NOR,,SFO,L 6-16,*,25,52,48.08,207,0,2,42.7,4,31,3.98,2.25,,,,,,,,,0,0,Archie Manning,MannAr00
64,61,1975,1975-11-30,11,11,26.195,NOR,@,CLE,L 16-17,*,6,10,60.00,92,0,0,90.4,3,32,9.20,9.20,4,17,4.25,0,,,,,0,0,Archie Manning,MannAr00
65,62,1975,1975-12-07,12,12,26.202,NOR,,RAM,L 7-14,*,14,23,60.87,165,1,2,61.0,3,23,7.17,4.13,3,15,5.00,0,,,,,0,0,Archie Manning,MannAr00
66,63,1975,1975-12-14,13,13,26.209,NOR,@,NYG,L 14-28,*,14,34,41.18,108,1,2,34.9,4,29,3.18,1.12,6,35,5.83,1,,,,,1,6,Archie Manning,MannAr00
67,Rk,Year,Date,G#,Week,Age,Tm,,Opp,Result,GS,Cmp,Att,Cmp%,Yds,TD,Int,Rate,Sk,Yds,Y/A,AY/A,Att,Yds,Y/A,TD,Rec,Yds,Y/R,TD,TD,Pts,Archie Manning,MannAr00
68,64,1977,1977-09-18,1,1,28.122,NOR,,GNB,L 20-24,*,18,30,60.00,225,1,1,80.6,7,63,7.50,6.67,4,34,8.50,0,,,,,0,0,Archie Manning,MannAr00
69,65,1977,1977-09-25,2,2,28.129,NOR,@,DET,L 19-23,*,10,22,45.45,85,0,1,37.1,6,32,3.86,1.82,2,0,0.00,0,,,,,0,0,Archie Manning,MannAr00
70,66,1977,1977-10-02,3,3,28.136,NOR,@,CHI,W 42-24,*,8,17,47.06,168,1,0,102.1,,,9.88,11.06,6,41,6.83,3,,,,,3,18,Archie Manning,MannAr00
71,67,1977,1977-10-09,4,4,28.143,NOR,,SDG,L 0-14,*,16,26,61.54,124,0,1,57.2,8,81,4.77,3.04,1,13,13.00,0,,,,,0,0,Archie Manning,MannAr00
72,68,1977,1977-10-16,5,5,28.150,NOR,@,RAM,L 7-14,*,14,30,46.67,147,1,0,72.5,,,4.90,5.57,4,28,7.00,0,,,,,0,0,Archie Manning,MannAr00
73,69,1977,1977-11-20,10,10,28.185,NOR,,ATL,W 21-20,,10,18,55.56,82,2,2,64.8,1,9,4.56,1.78,3,32,10.67,0,,,,,0,0,Archie Manning,MannAr00
74,70,1977,1977-11-27,11,11,28.192,NOR,@,SFO,L 17-20,*,4,8,50.00,38,0,1,24.0,3,19,4.75,-0.88,4,17,4.25,1,,,,,1,6,Archie Manning,MannAr00
75,71,1977,1977-12-04,12,12,28.199,NOR,,NYJ,L 13-16,*,13,24,54.17,148,1,0,86.8,5,33,6.17,7.00,4,33,8.25,0,,,,,0,0,Archie Manning,MannAr00
76,72,1977,1977-12-11,13,13,28.206,NOR,,TAM,L 14-33,*,13,21,61.90,154,1,3,60.5,4,31,7.33,1.86,6,33,5.50,1,,,,,1,6,Archie Manning,MannAr00
77,73,1977,1977-12-18,14,14,28.213,NOR,@,ATL,L 7-35,*,7,9,77.78,113,1,0,155.8,2,20,12.56,14.78,5,39,7.80,0,,,,,0,0,Archie Manning,MannAr00
78,Rk,Year,Date,G#,Week,Age,Tm,,Opp,Result,GS,Cmp,Att,Cmp%,Yds,TD,Int,Rate,Sk,Yds,Y/A,AY/A,Att,Yds,Y/A,TD,Rec,Yds,Y/R,TD,TD,Pts,Archie Manning,MannAr00
79,74,1978,1978-09-03,1,1,29.107,NOR,,MIN,W 31-24,*,15,22,68.18,193,0,0,95.5,2,10,8.77,8.77,4,21,5.25,0,,,,,0,0,Archie Manning,MannAr00
80,75,1978,1978-09-10,2,2,29.114,NOR,@,GNB,L 17-28,*,33,53,62.26,303,1,1,76.2,1,8,5.72,5.25,1,8,8.00,0,,,,,0,0,Archie Manning,MannAr00
81,76,1978,1978-09-17,3,3,29.121,NOR,,PHI,L 17-24,*,17,32,53.13,239,1,3,48.8,3,19,7.47,3.88,2,5,2.50,0,,,,,0,0,Archie Manning,MannAr00
82,77,1978,1978-09-24,4,4,29.128,NOR,@,CIN,W 20-18,*,14,25,56.00,208,0,1,66.7,4,28,8.32,6.52,3,28,9.33,0,,,,,0,0,Archie Manning,MannAr00
83,78,1978,1978-10-01,5,5,29.135,NOR,,RAM,L 20-26,*,17,27,62.96,208,3,1,108.3,4,36,7.70,8.26,5,48,9.60,0,,,,,0,0,Archie Manning,MannAr00
84,79,1978,1978-10-08,6,6,29.142,NOR,,CLE,L 16-24,*,24,39,61.54,249,1,1,77.8,2,18,6.38,5.74,3,14,4.67,1,,,,,1,6,Archie Manning,MannAr00
85,80,1978,1978-10-15,7,7,29.149,NOR,@,SFO,W 14-7,*,2,4,50.00,31,1,0,115.6,,,7.75,12.75,3,10,3.33,0,,,,,0,0,Archie Manning,MannAr00
86,81,1978,1978-10-22,8,8,29.156,NOR,@,RAM,W 10-3,*,11,22,50.00,130,1,0,83.5,4,52,5.91,6.82,,,,,,,,,0,0,Archie Manning,MannAr00
87,82,1978,1978-10-29,9,9,29.163,NOR,,NYG,W 28-17,*,13,21,61.90,166,2,0,118.4,4,27,7.90,9.81,3,19,6.33,0,,,,,0,0,Archie Manning,MannAr00
88,83,1978,1978-11-05,10,10,29.170,NOR,@,PIT,L 14-20,*,22,32,68.75,344,1,1,101.6,1,4,10.75,9.97,2,-1,-0.50,0,,,,,0,0,Archie Manning,MannAr00
89,84,1978,1978-11-12,11,11,29.177,NOR,,ATL,L 17-20,*,14,25,56.00,169,1,0,90.2,3,24,6.76,7.56,3,16,5.33,0,,,,,0,0,Archie Manning,MannAr00
90,85,1978,1978-11-19,12,12,29.184,NOR,@,DAL,L 7-27,*,24,38,63.16,235,0,3,47.6,2,20,6.18,2.63,2,14,7.00,0,,,,,0,0,Archie Manning,MannAr00
91,86,1978,1978-11-26,13,13,29.191,NOR,@,ATL,L 17-20,*,13,24,54.17,241,1,1,85.6,4,36,10.04,9.00,1,-1,-1.00,0,,,,,0,0,Archie Manning,MannAr00
92,87,1978,1978-12-03,14,14,29.198,NOR,,SFO,W 24-13,*,22,34,64.71,199,2,1,87.7,1,9,5.85,5.71,2,11,5.50,0,,,,,0,0,Archie Manning,MannAr00
93,88,1978,1978-12-10,15,15,29.205,NOR,,HOU,L 12-17,*,25,37,67.57,251,1,1,84.4,2,10,6.78,6.11,1,9,9.00,0,,,,,0,0,Archie Manning,MannAr00
94,89,1978,1978-12-17,16,16,29.212,NOR,@,TAM,W 17-10,*,25,36,69.44,250,1,2,75.0,,,6.94,5.00,3,1,0.33,0,,,,,0,0,Archie Manning,MannAr00
95,Rk,Year,Date,G#,Week,Age,Tm,,Opp,Result,GS,Cmp,Att,Cmp%,Yds,TD,Int,Rate,Sk,Yds,Y/A,AY/A,Att,Yds,Y/A,TD,Rec,Yds,Y/R,TD,TD,Pts,Archie Manning,MannAr00
96,90,1979,1979-09-02,1,1,30.106,NOR,,ATL,L 34-40,*,14,29,48.28,284,1,1,80.2,,,9.79,8.93,,,,,,,,,0,0,Archie Manning,MannAr00
97,91,1979,1979-09-09,2,2,30.113,NOR,@,GNB,L 19-28,*,28,45,62.22,291,1,2,69.8,1,2,6.47,4.91,2,28,14.00,0,,,,,0,0,Archie Manning,MannAr00
98,92,1979,1979-09-16,3,3,30.120,NOR,,PHI,L 14-26,*,15,25,60.00,189,1,2,63.6,3,29,7.56,4.76,1,15,15.00,0,,,,,0,0,Archie Manning,MannAr00
99,93,1979,1979-09-23,4,4,30.127,NOR,@,SFO,W 30-21,*,20,28,71.43,355,2,0,137.5,2,17,12.68,14.11,2,-2,-1.00,0,,,,,0,0,Archie Manning,MannAr00
100,94,1979,1979-09-30,5,5,30.134,NOR,,NYG,W 24-14,*,17,33,51.52,202,1,2,55.4,1,7,6.12,4.00,2,6,3.00,0,,,,,0,0,Archie Manning,MannAr00
101,95,1979,1979-10-07,6,6,30.141,NOR,,RAM,L 17-35,*,15,32,46.88,143,1,5,30.6,1,11,4.47,-1.94,1,0,0.00,0,,,,,0,0,Archie Manning,MannAr00
102,96,1979,1979-10-14,7,7,30.148,NOR,@,TAM,W 42-14,*,11,14,78.57,141,1,0,132.4,,,10.07,11.50,1,2,2.00,1,,,,,1,6,Archie Manning,MannAr00
103,97,1979,1979-10-21,8,8,30.155,NOR,,DET,W 17-7,*,17,22,77.27,130,1,3,66.7,1,5,5.91,0.68,4,8,2.00,0,,,,,0,0,Archie Manning,MannAr00
104,98,1979,1979-10-28,9,9,30.162,NOR,@,WAS,W 14-10,*,11,16,68.75,131,1,0,114.3,,,8.19,9.44,4,9,2.25,0,,,,,0,0,Archie Manning,MannAr00
105,99,1979,1979-11-04,10,10,30.169,NOR,@,DEN,L 3-10,*,13,26,50.00,117,0,1,46.5,,,4.50,2.77,1,3,3.00,0,,,,,0,0,Archie Manning,MannAr00
106,100,1979,1979-11-11,11,11,30.176,NOR,,SFO,W 31-20,*,15,22,68.18,153,0,0,87.9,,,6.95,6.95,3,27,9.00,0,,,,,0,0,Archie Manning,MannAr00
107,101,1979,1979-11-18,12,12,30.183,NOR,@,SEA,L 24-38,*,20,27,74.07,268,1,0,117.5,3,30,9.93,10.67,5,18,3.60,1,,,,,1,6,Archie Manning,MannAr00
108,102,1979,1979-11-25,13,13,30.190,NOR,@,ATL,W 37-6,*,14,31,45.16,264,1,0,86.0,,,8.52,9.16,1,20,20.00,0,,,,,0,0,Archie Manning,MannAr00
109,103,1979,1979-12-03,14,14,30.198,NOR,,OAK,L 35-42,*,12,23,52.17,154,2,1,84.3,2,13,6.70,6.48,4,9,2.25,0,,,,,0,0,Archie Manning,MannAr00
110,104,1979,1979-12-09,15,15,30.204,NOR,,SDG,L 0-35,*,20,32,62.50,185,0,0,78.3,1,10,5.78,5.78,1,11,11.00,0,,,,,0,0,Archie Manning,MannAr00
111,105,1979,1979-12-16,16,16,30.211,NOR,@,RAM,W 29-14,*,10,15,66.67,162,1,3,85.3,2,16,10.80,3.13,3,32,10.67,0,,,,,0,0,Archie Manning,MannAr00
112,Rk,Year,Date,G#,Week,Age,Tm,,Opp,Result,GS,Cmp,Att,Cmp%,Yds,TD,Int,Rate,Sk,Yds,Y/A,AY/A,Att,Yds,Y/A,TD,Rec,Yds,Y/R,TD,TD,Pts,Archie Manning,MannAr00
113,106,1980,1980-09-07,1,1,31.111,NOR,,SFO,L 23-26,*,25,40,62.50,314,1,0,95.2,1,10,7.85,8.35,1,3,3.00,0,,,,,0,0,Archie Manning,MannAr00
114,107,1980,1980-09-14,2,2,31.118,NOR,@,CHI,L 3-22,*,15,27,55.56,168,0,2,43.4,5,42,6.22,2.89,2,10,5.00,0,,,,,0,0,Archie Manning,MannAr00
115,108,1980,1980-09-21,3,3,31.125,NOR,,BUF,L 26-35,*,24,34,70.59,285,2,0,115.4,1,7,8.38,9.56,1,14,14.00,0,,,,,0,0,Archie Manning,MannAr00
116,109,1980,1980-09-28,4,4,31.132,NOR,@,MIA,L 16-21,*,20,35,57.14,201,1,2,59.3,2,18,5.74,3.74,1,3,3.00,0,,,,,0,0,Archie Manning,MannAr00
117,110,1980,1980-10-05,5,5,31.139,NOR,,STL,L 7-40,*,5,9,55.56,49,0,1,31.5,,,5.44,0.44,,,,,,,,,0,0,Archie Manning,MannAr00
118,111,1980,1980-10-12,6,6,31.146,NOR,@,DET,L 13-24,*,25,36,69.44,314,1,0,105.6,6,38,8.72,9.28,1,-4,-4.00,0,,,,,0,0,Archie Manning,MannAr00
119,112,1980,1980-10-19,7,7,31.153,NOR,,ATL,L 14-41,*,23,32,71.88,323,2,3,85.8,2,21,10.09,7.13,,,,,,,,,0,0,Archie Manning,MannAr00
120,113,1980,1980-10-26,8,8,31.160,NOR,@,WAS,L 14-22,*,12,24,50.00,124,1,3,39.6,5,41,5.17,0.38,2,44,22.00,0,,,,,0,0,Archie Manning,MannAr00
121,114,1980,1980-11-02,9,9,31.167,NOR,@,RAM,L 31-45,*,24,48,50.00,263,3,1,78.7,2,20,5.48,5.79,,,,,,,,,0,0,Archie Manning,MannAr00
122,115,1980,1980-11-09,10,10,31.174,NOR,,PHI,L 21-34,*,25,40,62.50,306,3,1,100.6,2,14,7.65,8.03,2,21,10.50,0,,,,,0,0,Archie Manning,MannAr00
123,116,1980,1980-11-16,11,11,31.181,NOR,@,ATL,L 13-31,*,12,20,60.00,153,1,2,61.0,2,21,7.65,4.15,2,12,6.00,0,,,,,0,0,Archie Manning,MannAr00
124,117,1980,1980-11-24,12,12,31.189,NOR,,RAM,L 7-27,*,12,26,46.15,92,0,2,23.2,7,51,3.54,0.08,2,18,9.00,0,,,,,0,0,Archie Manning,MannAr00
125,118,1980,1980-11-30,13,13,31.195,NOR,,MIN,L 20-23,*,19,31,61.29,248,3,2,91.9,2,12,8.00,7.03,1,10,10.00,0,,,,,0,0,Archie Manning,MannAr00
126,119,1980,1980-12-07,14,14,31.202,NOR,@,SFO,L 35-38,*,24,38,63.16,377,3,1,111.4,2,1,9.92,10.32,2,4,2.00,0,,,,,0,0,Archie Manning,MannAr00
127,120,1980,1980-12-14,15,15,31.209,NOR,@,NYJ,W 21-20,*,20,30,66.67,198,1,0,96.2,1,7,6.60,7.27,1,4,4.00,0,,,,,0,0,Archie Manning,MannAr00
128,121,1980,1980-12-21,16,16,31.216,NOR,,NWE,L 27-38,*,24,39,61.54,301,1,0,94.1,1,8,7.72,8.23,5,27,5.40,0,,,,,0,0,Archie Manning,MannAr00
129,Rk,Year,Date,G#,Week,Age,Tm,,Opp,Result,GS,Cmp,Att,Cmp%,Yds,TD,Int,Rate,Sk,Yds,Y/A,AY/A,Att,Yds,Y/A,TD,Rec,Yds,Y/R,TD,TD,Pts,Archie Manning,MannAr00
130,122,1981,1981-09-06,1,1,32.110,NOR,@,ATL,L 0-27,*,15,28,53.57,122,0,0,64.9,3,20,4.36,4.36,0,0,,0,0,0,,0,0,0,Archie Manning,MannAr00
131,123,1981,1981-09-13,2,2,32.117,NOR,,RAM,W 23-17,*,0,2,0.00,0,0,0,39.6,0,0,0.00,0.00,1,13,13.00,0,0,0,,0,0,0,Archie Manning,MannAr00
132,124,1981,1981-09-27,4,4,32.131,NOR,@,SFO,L 14-21,,10,16,62.50,70,1,1,67.2,0,0,4.38,2.81,0,0,,0,0,0,,0,0,0,Archie Manning,MannAr00
133,125,1981,1981-10-11,6,6,32.145,NOR,,PHI,L 14-31,*,4,15,26.67,43,0,1,11.8,3,29,2.87,-0.13,0,0,,0,0,0,,0,0,0,Archie Manning,MannAr00
134,126,1981,1981-10-18,7,7,32.152,NOR,@,CLE,L 17-20,*,16,28,57.14,199,0,0,79.3,2,15,7.11,7.11,0,0,,0,0,0,,0,0,0,Archie Manning,MannAr00
135,127,1981,1981-10-25,8,8,32.159,NOR,,CIN,W 17-7,*,15,24,62.50,170,1,1,80.2,2,20,7.08,6.04,1,15,15.00,0,0,0,,0,0,0,Archie Manning,MannAr00
136,128,1981,1981-11-01,9,9,32.166,NOR,,ATL,L 10-41,*,17,29,58.62,198,1,0,90.9,1,6,6.83,7.52,0,0,,0,0,0,,0,0,0,Archie Manning,MannAr00
137,129,1981,1981-11-22,12,12,32.187,NOR,@,HOU,W 27-24,*,10,14,71.43,147,1,0,129.2,1,5,10.50,11.93,0,0,,0,0,0,,0,0,0,Archie Manning,MannAr00
138,130,1981,1981-11-29,13,13,32.194,NOR,,TAM,L 14-31,*,16,23,69.57,162,1,2,67.7,2,11,7.04,4.00,0,0,,0,0,0,,0,0,0,Archie Manning,MannAr00
139,131,1981,1981-12-06,14,14,32.201,NOR,@,STL,L 3-30,*,7,17,41.18,105,0,2,22.5,5,37,6.18,0.88,0,0,,0,0,0,,0,0,0,Archie Manning,MannAr00
140,132,1981,1981-12-13,15,15,32.208,NOR,,GNB,L 7-35,*,10,15,66.67,121,0,3,51.7,0,0,8.07,-0.93,0,0,,0,0,0,,0,0,0,Archie Manning,MannAr00
141,133,1981,1981-12-20,16,16,32.215,NOR,,SFO,L 17-21,*,14,21,66.67,110,0,1,59.6,2,21,5.24,3.10,0,0,,0,0,0,,0,0,0,Archie Manning,MannAr00
142,Rk,Year,Date,G#,Week,Age,Tm,,Opp,Result,GS,Cmp,Att,Cmp%,Yds,TD,Int,Rate,Sk,Yds,Y/A,AY/A,Att,Yds,Y/A,TD,Rec,Yds,Y/R,TD,TD,Pts,Archie Manning,MannAr00
143,134,1982,1982-09-12,1,1,33.116,NOR,,STL,L 7-21,,1,7,14.29,3,0,2,0.0,2,18,0.43,-12.43,0,0,,0,0,0,,0,0,0,Archie Manning,MannAr00
144,135,1982,1982-11-21,3,11,33.186,HOU,,PIT,L 10-24,,1,5,20.00,23,0,0,46.2,3,23,4.60,4.60,2,9,4.50,0,0,0,,0,0,0,Archie Manning,MannAr00
145,136,1982,1982-11-28,4,12,33.193,HOU,@,NWE,L 21-29,*,19,33,57.58,231,2,1,86.8,6,62,7.00,6.85,4,35,8.75,0,0,0,,0,0,0,Archie Manning,MannAr00
146,137,1982,1982-12-05,5,13,33.200,HOU,@,NYG,L 14-17,*,15,20,75.00,189,1,0,120.6,5,37,9.45,10.45,0,0,,0,0,0,,0,0,0,Archie Manning,MannAr00
147,138,1982,1982-12-13,6,14,33.208,HOU,,DAL,L 7-37,*,12,33,36.36,199,1,0,67.6,6,39,6.03,6.64,1,0,0.00,0,0,0,,0,0,0,Archie Manning,MannAr00
148,139,1982,1982-12-19,7,15,33.214,HOU,@,PHI,L 14-35,*,18,30,60.00,230,2,4,66.7,7,55,7.67,3.00,4,22,5.50,0,0,0,,0,0,0,Archie Manning,MannAr00
149,140,1982,1982-12-26,8,16,33.221,HOU,,CLE,L 14-20,*,1,4,25.00,5,0,1,0.0,0,0,1.25,-10.00,2,19,9.50,0,0,0,,0,0,0,Archie Manning,MannAr00
150,Rk,Year,Date,G#,Week,Age,Tm,,Opp,Result,GS,Cmp,Att,Cmp%,Yds,TD,Int,Rate,Sk,Yds,Y/A,AY/A,Att,Yds,Y/A,TD,Rec,Yds,Y/R,TD,TD,Pts,Archie Manning,MannAr00
151,141,1983,1983-09-04,1,1,34.108,HOU,,GNB,L 38-41,*,22,34,64.71,348,1,2,83.9,0,0,10.24,8.18,0,0,,0,0,0,,0,0,0,Archie Manning,MannAr00
152,142,1983,1983-09-11,2,2,34.115,HOU,@,RAI,L 6-20,*,6,19,31.58,107,0,2,12.3,5,37,5.63,0.89,1,11,11.00,0,0,0,,0,0,0,Archie Manning,MannAr00
153,143,1983,1983-09-18,3,3,34.122,HOU,,PIT,L 28-40,*,16,35,45.71,300,1,4,45.8,6,46,8.57,4.00,1,2,2.00,0,0,0,,0,0,0,Archie Manning,MannAr00
154,144,1983,1983-10-16,7,7,34.150,MIN,,HOU,W 34-14,,0,0,,0,0,0,,,,,,1,-1,-1.00,0,0,0,,0,0,0,Archie Manning,MannAr00
155,145,1983,1983-11-20,12,12,34.185,MIN,@,PIT,W 17-14,,,,,,,,,,,,,0,0,,0,,,,,0,0,Archie Manning,MannAr00
156,Rk,Year,Date,G#,Week,Age,Tm,,Opp,Result,GS,Cmp,Att,Cmp%,Yds,TD,Int,Rate,Sk,Yds,Y/A,AY/A,Att,Yds,Y/A,TD,Rec,Yds,Y/R,TD,TD,Pts,Archie Manning,MannAr00
157,146,1984,1984-10-07,6,6,35.141,MIN,@,TAM,L 31-35,,1,2,50.00,7,0,0,58.3,0,0,3.50,3.50,1,0,0.00,0,0,0,,0,0,0,Archie Manning,MannAr00
158,147,1984,1984-10-21,8,8,35.155,MIN,,DET,L 14-16,,5,14,35.71,40,0,1,14.6,3,15,2.86,-0.36,2,10,5.00,0,0,0,,0,0,0,Archie Manning,MannAr00
159,148,1984,1984-10-28,9,9,35.162,MIN,@,CHI,L 7-16,*,14,24,58.33,138,0,1,57.3,11,101,5.75,3.88,4,20,5.00,0,0,0,,0,0,0,Archie Manning,MannAr00
160,149,1984,1984-11-29,14,14,35.194,MIN,,WAS,L 17-31,,11,22,50.00,164,2,0,105.1,0,0,7.45,9.27,2,13,6.50,0,0,0,,0,0,0,Archie Manning,MannAr00
161,150,1984,1984-12-08,15,15,35.203,MIN,@,SFO,L 7-51,*,3,7,42.86,21,0,0,50.3,2,22,3.00,3.00,1,1,1.00,0,0,0,,0,0,0,Archie Manning,MannAr00
162,151,1984,1984-12-16,16,16,35.211,MIN,,GNB,L 14-38,,18,25,72.00,175,0,1,74.6,2,15,7.00,5.20,1,-2,-2.00,0,0,0,,0,0,0,Archie Manning,MannAr00
163,,,151 Games,,,,,,,38-110-3,,2011,3642,55.22,23911,125,173,67.1,396,3092,6.57,5.11,384,2197,5.72,18,1,-7,-7.00,0,18,108,Archie Manning,MannAr00
