,Unnamed: 0_level_0,Unnamed: 1_level_0,Unnamed: 2_level_0,Unnamed: 3_level_0,Unnamed: 4_level_0,Unnamed: 5_level_0,Unnamed: 6_level_0,Unnamed: 7_level_0,Unnamed: 8_level_0,Unnamed: 9_level_0,Unnamed: 10_level_0,Passing,Passing,Passing,Passing,Passing,Passing,Passing,Passing,Passing,Passing,Passing,Rushing,Rushing,Rushing,Rushing,Scoring,Scoring,Scoring,Fumbles,Fumbles,Fumbles,Fumbles,Fumbles,Fumbles,Unnamed: 35_level_0,qb,qb_tag
,Rk,Year,Date,G#,Week,Age,Tm,Unnamed: 7_level_1,Opp,Result,GS,Cmp,Att,Cmp%,Yds,TD,Int,Rate,Sk,Yds.1,Y/A,AY/A,Att,Yds,Y/A,TD,2PM,TD,Pts,Fmb,FL,FF,FR,Yds,TD,Status,,
0,1,1993,1993-09-05,1,1,23.170,SEA,@,SDG,L 12-18,*,20,27,74.07,154,0,1,72.1,4,13,5.70,4.04,3,36,12.00,0,,0,0,0,,0,0,0,0,,Rick Mirer,MireRi00
1,2,1993,1993-09-12,2,2,23.177,SEA,,RAI,L 13-17,*,14,22,63.64,149,0,2,45.5,5,29,6.77,2.68,5,27,5.40,0,,0,0,1,,0,0,0,0,,Rick Mirer,MireRi00
2,3,1993,1993-09-19,3,3,23.184,SEA,@,NWE,W 17-14,*,12,16,75.00,117,1,1,89.8,4,24,7.31,5.75,2,21,10.50,0,,0,0,0,,0,0,0,0,,Rick Mirer,MireRi00
3,4,1993,1993-09-26,4,4,23.191,SEA,@,CIN,W 19-10,*,18,30,60.00,181,0,0,77.2,2,15,6.03,6.03,9,17,1.89,0,,0,0,1,,0,0,0,0,,Rick Mirer,MireRi00
4,5,1993,1993-10-03,5,5,23.198,SEA,,SDG,W 31-14,*,25,40,62.50,282,1,0,91.9,2,12,7.05,7.55,3,15,5.00,1,,1,6,0,,0,0,0,0,,Rick Mirer,MireRi00
5,6,1993,1993-10-17,6,7,23.212,SEA,@,DET,L 10-30,*,23,39,58.97,189,1,3,47.9,3,23,4.85,1.90,3,10,3.33,0,,0,0,3,,0,0,0,0,,Rick Mirer,MireRi00
6,7,1993,1993-10-24,7,8,23.219,SEA,,NWE,W 10-9,*,22,43,51.16,203,1,2,52.8,1,9,4.72,3.09,7,12,1.71,0,,0,0,2,,0,2,0,0,,Rick Mirer,MireRi00
7,8,1993,1993-10-31,8,9,23.226,SEA,@,DEN,L 17-28,*,16,30,53.33,201,0,2,46.7,4,17,6.70,3.70,2,4,2.00,0,,0,0,1,,0,0,-11,0,,Rick Mirer,MireRi00
8,9,1993,1993-11-07,9,10,23.233,SEA,@,HOU,L 14-24,*,12,20,60.00,175,1,1,84.4,2,14,8.75,7.50,5,23,4.60,0,,0,0,0,,0,0,0,0,,Rick Mirer,MireRi00
9,10,1993,1993-11-14,10,11,23.240,SEA,,CLE,W 22-5,*,11,27,40.74,114,1,0,66.0,2,10,4.22,4.96,2,-3,-1.50,0,,0,0,1,,0,1,0,0,,Rick Mirer,MireRi00
10,11,1993,1993-11-28,11,13,23.254,SEA,,DEN,L 9-17,*,17,37,45.95,188,1,1,59.3,6,27,5.08,4.41,3,18,6.00,0,,0,0,0,,0,1,0,0,,Rick Mirer,MireRi00
11,12,1993,1993-12-05,12,14,23.261,SEA,,KAN,L 16-31,*,18,30,60.00,287,0,2,64.2,3,12,9.57,6.57,2,19,9.50,0,,0,0,2,,0,1,0,0,,Rick Mirer,MireRi00
12,13,1993,1993-12-12,13,15,23.268,SEA,@,RAI,L 23-27,*,20,36,55.56,171,1,1,65.9,1,2,4.75,4.06,9,52,5.78,1,,1,6,0,,0,0,0,0,,Rick Mirer,MireRi00
13,14,1993,1993-12-19,14,16,23.275,SEA,,PHO,L 27-30,*,15,30,50.00,165,1,0,77.8,2,12,5.50,6.17,5,18,3.60,1,,1,6,0,,0,0,0,0,,Rick Mirer,MireRi00
14,15,1993,1993-12-26,15,17,23.282,SEA,,PIT,W 16-6,*,12,29,41.38,117,1,1,50.5,5,16,4.03,3.17,4,44,11.00,0,,0,0,0,,0,0,0,0,,Rick Mirer,MireRi00
15,16,1993,1994-01-02,16,18,23.289,SEA,@,KAN,L 24-34,*,19,30,63.33,140,2,0,96.5,1,0,4.67,6.00,4,30,7.50,0,,0,0,2,,0,0,0,0,,Rick Mirer,MireRi00
16,Rk,Year,Date,G#,Week,Age,Tm,,Opp,Result,GS,Cmp,Att,Cmp%,Yds,TD,Int,Rate,Sk,Yds,Y/A,AY/A,Att,Yds,Y/A,TD,2PM,TD,Pts,Fmb,FL,FF,FR,Yds,TD,Status,Rick Mirer,MireRi00
17,17,1994,1994-09-04,1,1,24.169,SEA,@,WAS,W 28-7,*,17,28,60.71,183,1,0,91.8,1,7,6.54,7.25,4,14,3.50,0,,0,0,0,,0,0,0,0,,Rick Mirer,MireRi00
18,18,1994,1994-09-11,2,2,24.176,SEA,@,RAI,W 38-9,*,19,26,73.08,242,3,0,140.2,1,7,9.31,11.62,4,14,3.50,0,,0,0,0,,0,0,0,0,,Rick Mirer,MireRi00
19,19,1994,1994-09-18,3,3,24.183,SEA,,SDG,L 10-24,*,20,36,55.56,163,0,1,55.7,6,35,4.53,3.28,4,18,4.50,0,,0,0,1,1,0,0,-3,0,,Rick Mirer,MireRi00
20,20,1994,1994-09-25,4,4,24.190,SEA,,PIT,W 30-13,*,14,24,58.33,166,1,1,76.0,2,14,6.92,5.88,1,1,1.00,0,,0,0,0,,0,0,0,0,,Rick Mirer,MireRi00
21,21,1994,1994-10-02,5,5,24.197,SEA,@,IND,L 15-17,*,20,38,52.63,186,1,1,64.1,3,12,4.89,4.24,2,21,10.50,0,,0,0,0,,0,0,0,0,,Rick Mirer,MireRi00
22,22,1994,1994-10-09,6,6,24.204,SEA,,DEN,L 9-16,*,19,39,48.72,244,0,2,47.4,0,0,6.26,3.95,1,11,11.00,0,,0,0,0,,0,0,0,0,,Rick Mirer,MireRi00
23,23,1994,1994-10-23,7,8,24.218,SEA,@,KAN,L 23-38,*,15,30,50.00,126,2,0,83.5,3,30,4.20,5.53,3,16,5.33,0,,0,0,0,,0,0,0,0,,Rick Mirer,MireRi00
24,24,1994,1994-10-30,8,9,24.225,SEA,@,SDG,L 15-35,*,15,30,50.00,177,0,0,68.3,3,6,5.90,5.90,3,7,2.33,0,,0,0,1,0,0,0,-4,0,,Rick Mirer,MireRi00
25,25,1994,1994-11-06,9,10,24.232,SEA,,CIN,L 17-20,*,13,32,40.63,181,0,0,59.5,3,11,5.66,5.66,1,12,12.00,0,,0,0,0,,0,0,0,0,,Rick Mirer,MireRi00
26,26,1994,1994-11-13,10,11,24.239,SEA,@,DEN,L 10-17,*,10,29,34.48,133,0,0,49.9,2,2,4.59,4.59,3,7,2.33,0,,0,0,0,,0,1,0,0,,Rick Mirer,MireRi00
27,27,1994,1994-11-20,11,12,24.246,SEA,,TAM,W 22-21,*,13,25,52.00,127,2,1,76.6,1,10,5.08,4.88,4,20,5.00,0,,0,0,0,,0,0,0,0,,Rick Mirer,MireRi00
28,28,1994,1994-11-27,12,13,24.253,SEA,,KAN,W 10-9,*,15,31,48.39,195,0,0,68.6,2,11,6.29,6.29,3,4,1.33,0,,0,0,0,,0,0,0,0,,Rick Mirer,MireRi00
29,29,1994,1994-12-04,13,14,24.260,SEA,,IND,L 19-31,*,5,13,38.46,28,1,1,40.2,0,0,2.15,0.23,1,8,8.00,0,,0,0,0,,0,0,0,0,,Rick Mirer,MireRi00
30,30,1994,1994-12-11,14,15,,SEA,@,HOU,W 16-14,Inactive,Inactive,Inactive,Inactive,Inactive,Inactive,Inactive,Inactive,Inactive,Inactive,Inactive,Inactive,Inactive,Inactive,Inactive,Inactive,Inactive,Inactive,Inactive,Inactive,Inactive,Inactive,Inactive,Inactive,Inactive,Inactive,Rick Mirer,MireRi00
31,31,1994,1994-12-18,15,16,,SEA,,RAI,L 16-17,Inactive,Inactive,Inactive,Inactive,Inactive,Inactive,Inactive,Inactive,Inactive,Inactive,Inactive,Inactive,Inactive,Inactive,Inactive,Inactive,Inactive,Inactive,Inactive,Inactive,Inactive,Inactive,Inactive,Inactive,Inactive,Inactive,Rick Mirer,MireRi00
32,32,1994,1994-12-24,16,17,,SEA,@,CLE,L 9-35,Injured Reserve,Injured Reserve,Injured Reserve,Injured Reserve,Injured Reserve,Injured Reserve,Injured Reserve,Injured Reserve,Injured Reserve,Injured Reserve,Injured Reserve,Injured Reserve,Injured Reserve,Injured Reserve,Injured Reserve,Injured Reserve,Injured Reserve,Injured Reserve,Injured Reserve,Injured Reserve,Injured Reserve,Injured Reserve,Injured Reserve,Injured Reserve,Injured Reserve,Injured Reserve,Rick Mirer,MireRi00
33,Rk,Year,Date,G#,Week,Age,Tm,,Opp,Result,GS,Cmp,Att,Cmp%,Yds,TD,Int,Rate,Sk,Yds,Y/A,AY/A,Att,Yds,Y/A,TD,2PM,TD,Pts,Fmb,FL,FF,FR,Yds,TD,Status,Rick Mirer,MireRi00
34,33,1995,1995-09-03,1,1,25.168,SEA,,KAN,L 10-34,*,19,37,51.35,209,0,1,57.2,3,22,5.65,4.43,0,0,,0,,0,0,0,,0,0,0,0,,Rick Mirer,MireRi00
35,34,1995,1995-09-10,2,2,25.175,SEA,@,SDG,L 10-14,*,13,29,44.83,127,1,2,40.4,1,0,4.38,1.97,3,19,6.33,0,,0,0,0,,0,0,0,0,,Rick Mirer,MireRi00
36,35,1995,1995-09-17,3,3,25.182,SEA,,CIN,W 24-21,*,21,30,70.00,279,2,1,107.5,2,16,9.30,9.13,7,16,2.29,0,,0,0,0,,0,0,0,0,,Rick Mirer,MireRi00
37,36,1995,1995-10-01,4,5,25.196,SEA,,DEN,W 27-10,*,16,24,66.67,222,0,0,96.2,4,30,9.25,9.25,2,3,1.50,0,,0,0,0,,0,0,0,0,,Rick Mirer,MireRi00
38,37,1995,1995-10-08,5,6,25.203,SEA,@,OAK,L 14-34,*,15,33,45.45,236,1,2,54.6,2,9,7.15,5.03,2,3,1.50,0,,0,0,1,0,0,1,-1,0,,Rick Mirer,MireRi00
39,38,1995,1995-10-15,6,7,25.210,SEA,@,BUF,L 21-27,*,15,34,44.12,218,1,3,38.6,4,28,6.41,3.03,1,3,3.00,0,,0,0,0,,0,0,0,0,,Rick Mirer,MireRi00
40,39,1995,1995-10-22,7,8,25.217,SEA,,SDG,L 25-35,*,17,26,65.38,216,1,3,64.4,7,39,8.31,3.88,5,32,6.40,0,,0,0,1,1,0,0,-1,0,,Rick Mirer,MireRi00
41,40,1995,1995-10-29,8,9,25.224,SEA,@,ARI,L 14-20,,0,2,0.00,0,0,2,0.0,1,5,0.00,-45.00,0,0,,0,,0,0,0,,0,0,0,0,,Rick Mirer,MireRi00
42,41,1995,1995-11-05,9,10,25.231,SEA,,NYG,W 30-28,*,17,31,54.84,253,2,1,89.9,2,5,8.16,8.00,1,5,5.00,0,,0,0,0,,0,0,0,0,,Rick Mirer,MireRi00
43,42,1995,1995-11-12,10,11,25.238,SEA,@,JAX,W 47-30,*,18,31,58.06,244,2,1,91.3,2,9,7.87,7.71,7,27,3.86,0,,0,0,1,0,0,0,0,0,,Rick Mirer,MireRi00
44,43,1995,1995-11-19,11,12,25.245,SEA,@,WAS,W 27-20,*,18,32,56.25,185,2,2,67.8,2,12,5.78,4.22,5,33,6.60,0,,0,0,0,,0,0,0,0,,Rick Mirer,MireRi00
45,44,1995,1995-11-26,12,13,25.252,SEA,,NYJ,L 10-16,*,17,34,50.00,138,1,1,58.2,3,20,4.06,3.32,1,0,0.00,0,,0,0,1,1,0,0,0,0,,Rick Mirer,MireRi00
46,45,1995,1995-12-03,13,14,25.259,SEA,,PHI,W 26-14,*,17,30,56.67,169,0,0,72.8,5,20,5.63,5.63,7,40,5.71,1,,1,6,1,0,0,0,0,0,,Rick Mirer,MireRi00
47,46,1995,1995-12-10,14,15,25.266,SEA,@,DEN,W 31-27,*,4,11,36.36,56,0,1,15.7,2,21,5.09,1.00,1,9,9.00,0,,0,0,0,,0,0,0,0,,Rick Mirer,MireRi00
48,47,1995,1995-12-17,15,16,,SEA,,OAK,W 44-10,Did Not Play,Did Not Play,Did Not Play,Did Not Play,Did Not Play,Did Not Play,Did Not Play,Did Not Play,Did Not Play,Did Not Play,Did Not Play,Did Not Play,Did Not Play,Did Not Play,Did Not Play,Did Not Play,Did Not Play,Did Not Play,Did Not Play,Did Not Play,Did Not Play,Did Not Play,Did Not Play,Did Not Play,Did Not Play,Did Not Play,Rick Mirer,MireRi00
49,48,1995,1995-12-24,16,17,25.280,SEA,@,KAN,L 3-26,,2,7,28.57,12,0,0,39.6,2,19,1.71,1.71,1,3,3.00,0,,0,0,0,,0,0,0,0,,Rick Mirer,MireRi00
50,Rk,Year,Date,G#,Week,Age,Tm,,Opp,Result,GS,Cmp,Att,Cmp%,Yds,TD,Int,Rate,Sk,Yds,Y/A,AY/A,Att,Yds,Y/A,TD,2PM,TD,Pts,Fmb,FL,FF,FR,Yds,TD,Status,Rick Mirer,MireRi00
51,49,1996,1996-09-01,1,1,26.166,SEA,@,SDG,L 7-29,*,24,41,58.54,251,0,2,56.0,1,0,6.12,3.93,4,49,12.25,1,,1,6,1,1,0,0,0,0,,Rick Mirer,MireRi00
52,50,1996,1996-09-08,2,2,26.173,SEA,,DEN,L 20-30,*,7,11,63.64,53,0,1,37.3,2,10,4.82,0.73,2,2,1.00,0,,0,0,1,1,0,0,0,0,,Rick Mirer,MireRi00
53,51,1996,1996-09-15,3,3,26.180,SEA,,KAN,L 17-35,*,15,31,48.39,159,0,1,50.3,7,18,5.13,3.68,6,14,2.33,1,,1,6,0,,0,0,0,0,,Rick Mirer,MireRi00
54,52,1996,1996-09-22,4,4,26.187,SEA,@,TAM,W 17-13,*,20,37,54.05,209,1,1,68.4,3,11,5.65,4.97,5,32,6.40,0,,0,0,0,,0,0,0,0,,Rick Mirer,MireRi00
55,53,1996,1996-09-29,5,5,26.194,SEA,,GNB,L 10-31,*,10,30,33.33,156,0,4,11.9,1,1,5.20,-0.80,2,17,8.50,0,,0,0,1,1,0,0,0,0,,Rick Mirer,MireRi00
56,54,1996,1996-10-06,6,6,,SEA,@,MIA,W 22-15,Did Not Play,Did Not Play,Did Not Play,Did Not Play,Did Not Play,Did Not Play,Did Not Play,Did Not Play,Did Not Play,Did Not Play,Did Not Play,Did Not Play,Did Not Play,Did Not Play,Did Not Play,Did Not Play,Did Not Play,Did Not Play,Did Not Play,Did Not Play,Did Not Play,Did Not Play,Did Not Play,Did Not Play,Did Not Play,Did Not Play,Rick Mirer,MireRi00
57,55,1996,1996-10-17,7,8,,SEA,@,KAN,L 16-34,Did Not Play,Did Not Play,Did Not Play,Did Not Play,Did Not Play,Did Not Play,Did Not Play,Did Not Play,Did Not Play,Did Not Play,Did Not Play,Did Not Play,Did Not Play,Did Not Play,Did Not Play,Did Not Play,Did Not Play,Did Not Play,Did Not Play,Did Not Play,Did Not Play,Did Not Play,Did Not Play,Did Not Play,Did Not Play,Did Not Play,Rick Mirer,MireRi00
58,56,1996,1996-10-27,8,9,,SEA,,SDG,W 32-13,Did Not Play,Did Not Play,Did Not Play,Did Not Play,Did Not Play,Did Not Play,Did Not Play,Did Not Play,Did Not Play,Did Not Play,Did Not Play,Did Not Play,Did Not Play,Did Not Play,Did Not Play,Did Not Play,Did Not Play,Did Not Play,Did Not Play,Did Not Play,Did Not Play,Did Not Play,Did Not Play,Did Not Play,Did Not Play,Did Not Play,Rick Mirer,MireRi00
59,57,1996,1996-11-03,9,10,,SEA,,HOU,W 23-16,Did Not Play,Did Not Play,Did Not Play,Did Not Play,Did Not Play,Did Not Play,Did Not Play,Did Not Play,Did Not Play,Did Not Play,Did Not Play,Did Not Play,Did Not Play,Did Not Play,Did Not Play,Did Not Play,Did Not Play,Did Not Play,Did Not Play,Did Not Play,Did Not Play,Did Not Play,Did Not Play,Did Not Play,Did Not Play,Did Not Play,Rick Mirer,MireRi00
60,58,1996,1996-11-10,10,11,26.236,SEA,,MIN,W 42-23,,1,1,100.00,5,0,0,87.5,0,0,5.00,5.00,2,-2,-1.00,0,,0,0,0,,0,0,0,0,,Rick Mirer,MireRi00
61,59,1996,1996-11-17,11,12,26.243,SEA,@,DET,L 16-17,,5,7,71.43,52,0,0,92.6,0,0,7.43,7.43,0,0,,0,,0,0,0,,0,0,0,0,,Rick Mirer,MireRi00
62,60,1996,1996-11-24,12,13,26.250,SEA,,OAK,L 21-27,*,16,25,64.00,181,1,0,98.9,3,15,7.24,8.04,6,33,5.50,0,,0,0,1,1,0,0,0,0,,Rick Mirer,MireRi00
63,61,1996,1996-12-01,13,14,26.257,SEA,@,DEN,L 7-34,*,13,28,46.43,177,1,2,49.3,1,5,6.32,3.82,4,31,7.75,0,,0,0,0,,0,0,0,0,,Rick Mirer,MireRi00
64,62,1996,1996-12-08,14,15,26.264,SEA,,BUF,W 26-18,*,9,23,39.13,147,1,0,75.8,2,15,6.39,7.26,2,15,7.50,0,,0,0,0,,0,0,0,0,,Rick Mirer,MireRi00
65,63,1996,1996-12-15,15,16,26.271,SEA,@,JAX,L 13-20,*,16,31,51.61,156,1,1,63.4,2,9,5.03,4.23,0,0,,0,,0,0,0,,0,0,0,0,,Rick Mirer,MireRi00
66,64,1996,1996-12-22,16,17,,SEA,@,OAK,W 28-21,Inactive,Inactive,Inactive,Inactive,Inactive,Inactive,Inactive,Inactive,Inactive,Inactive,Inactive,Inactive,Inactive,Inactive,Inactive,Inactive,Inactive,Inactive,Inactive,Inactive,Inactive,Inactive,Inactive,Inactive,Inactive,Inactive,Rick Mirer,MireRi00
67,Rk,Year,Date,G#,Week,Age,Tm,,Opp,Result,GS,Cmp,Att,Cmp%,Yds,TD,Int,Rate,Sk,Yds,Y/A,AY/A,Att,Yds,Y/A,TD,2PM,TD,Pts,Fmb,FL,FF,FR,Yds,TD,Status,Rick Mirer,MireRi00
68,65,1997,1997-09-01,1,1,,CHI,@,GNB,L 24-38,Did Not Play,Did Not Play,Did Not Play,Did Not Play,Did Not Play,Did Not Play,Did Not Play,Did Not Play,Did Not Play,Did Not Play,Did Not Play,Did Not Play,Did Not Play,Did Not Play,Did Not Play,Did Not Play,Did Not Play,Did Not Play,Did Not Play,Did Not Play,Did Not Play,Did Not Play,Did Not Play,Did Not Play,Did Not Play,Did Not Play,Rick Mirer,MireRi00
69,66,1997,1997-09-07,2,2,,CHI,,MIN,L 24-27,Did Not Play,Did Not Play,Did Not Play,Did Not Play,Did Not Play,Did Not Play,Did Not Play,Did Not Play,Did Not Play,Did Not Play,Did Not Play,Did Not Play,Did Not Play,Did Not Play,Did Not Play,Did Not Play,Did Not Play,Did Not Play,Did Not Play,Did Not Play,Did Not Play,Did Not Play,Did Not Play,Did Not Play,Did Not Play,Did Not Play,Rick Mirer,MireRi00
70,67,1997,1997-09-14,3,3,27.179,CHI,,DET,L 7-32,,10,21,47.62,90,0,1,39.8,2,15,4.29,2.14,4,14,3.50,0,,0,0,1,0,0,0,-3,0,,Rick Mirer,MireRi00
71,68,1997,1997-09-21,4,4,27.186,CHI,@,NWE,L 3-31,*,17,25,68.00,154,0,2,51.1,5,34,6.16,2.56,2,13,6.50,0,,0,0,1,1,0,0,0,0,,Rick Mirer,MireRi00
72,69,1997,1997-09-28,5,5,27.193,CHI,@,DAL,L 3-27,*,11,21,52.38,62,0,1,38.4,4,10,2.95,0.81,0,0,,0,,0,0,0,,0,0,0,0,,Rick Mirer,MireRi00
73,70,1997,1997-10-05,6,6,27.200,CHI,,NOR,L 17-20,*,7,16,43.75,58,0,0,53.6,3,16,3.63,3.63,4,18,4.50,0,,0,0,1,0,0,1,-1,0,,Rick Mirer,MireRi00
74,71,1997,1997-10-12,7,7,,CHI,,GNB,L 23-24,Inactive,Inactive,Inactive,Inactive,Inactive,Inactive,Inactive,Inactive,Inactive,Inactive,Inactive,Inactive,Inactive,Inactive,Inactive,Inactive,Inactive,Inactive,Inactive,Inactive,Inactive,Inactive,Inactive,Inactive,Inactive,Inactive,Rick Mirer,MireRi00
75,72,1997,1997-10-27,8,9,,CHI,@,MIA,W 36-33,Inactive,Inactive,Inactive,Inactive,Inactive,Inactive,Inactive,Inactive,Inactive,Inactive,Inactive,Inactive,Inactive,Inactive,Inactive,Inactive,Inactive,Inactive,Inactive,Inactive,Inactive,Inactive,Inactive,Inactive,Inactive,Inactive,Rick Mirer,MireRi00
76,73,1997,1997-11-02,9,10,,CHI,,WAS,L 8-31,Inactive,Inactive,Inactive,Inactive,Inactive,Inactive,Inactive,Inactive,Inactive,Inactive,Inactive,Inactive,Inactive,Inactive,Inactive,Inactive,Inactive,Inactive,Inactive,Inactive,Inactive,Inactive,Inactive,Inactive,Inactive,Inactive,Rick Mirer,MireRi00
77,74,1997,1997-11-09,10,11,,CHI,@,MIN,L 22-29,Inactive,Inactive,Inactive,Inactive,Inactive,Inactive,Inactive,Inactive,Inactive,Inactive,Inactive,Inactive,Inactive,Inactive,Inactive,Inactive,Inactive,Inactive,Inactive,Inactive,Inactive,Inactive,Inactive,Inactive,Inactive,Inactive,Rick Mirer,MireRi00
78,75,1997,1997-11-16,11,12,,CHI,,NYJ,L 15-23,Inactive,Inactive,Inactive,Inactive,Inactive,Inactive,Inactive,Inactive,Inactive,Inactive,Inactive,Inactive,Inactive,Inactive,Inactive,Inactive,Inactive,Inactive,Inactive,Inactive,Inactive,Inactive,Inactive,Inactive,Inactive,Inactive,Rick Mirer,MireRi00
79,76,1997,1997-11-23,12,13,,CHI,,TAM,W 13-7,Inactive,Inactive,Inactive,Inactive,Inactive,Inactive,Inactive,Inactive,Inactive,Inactive,Inactive,Inactive,Inactive,Inactive,Inactive,Inactive,Inactive,Inactive,Inactive,Inactive,Inactive,Inactive,Inactive,Inactive,Inactive,Inactive,Rick Mirer,MireRi00
80,77,1997,1997-11-27,13,14,,CHI,@,DET,L 20-55,Inactive,Inactive,Inactive,Inactive,Inactive,Inactive,Inactive,Inactive,Inactive,Inactive,Inactive,Inactive,Inactive,Inactive,Inactive,Inactive,Inactive,Inactive,Inactive,Inactive,Inactive,Inactive,Inactive,Inactive,Inactive,Inactive,Rick Mirer,MireRi00
81,78,1997,1997-12-07,14,15,27.263,CHI,,BUF,W 20-3,,1,3,33.33,9,0,0,42.4,0,0,3.00,3.00,1,-1,-1.00,0,,0,0,0,,0,0,0,0,,Rick Mirer,MireRi00
82,79,1997,1997-12-14,15,16,27.270,CHI,@,STL,W 13-10,,1,7,14.29,8,0,1,0.0,1,5,1.14,-5.29,5,28,5.60,0,,0,0,0,,0,0,0,0,,Rick Mirer,MireRi00
83,80,1997,1997-12-21,16,17,27.277,CHI,@,TAM,L 15-31,,6,10,60.00,39,0,1,28.7,1,9,3.90,-0.60,4,6,1.50,1,1,1,8,1,1,0,0,0,0,,Rick Mirer,MireRi00
84,Rk,Year,Date,G#,Week,Age,Tm,,Opp,Result,GS,Cmp,Att,Cmp%,Yds,TD,Int,Rate,Sk,Yds,Y/A,AY/A,Att,Yds,Y/A,TD,2PM,TD,Pts,Fmb,FL,FF,FR,Yds,TD,Status,Rick Mirer,MireRi00
85,81,1998,1998-09-06,1,1,,GNB,,DET,W 38-19,Inactive,Inactive,Inactive,Inactive,Inactive,Inactive,Inactive,Inactive,Inactive,Inactive,Inactive,Inactive,Inactive,Inactive,Inactive,Inactive,Inactive,Inactive,Inactive,Inactive,Inactive,Inactive,Inactive,Inactive,Inactive,Inactive,Rick Mirer,MireRi00
86,82,1998,1998-09-13,2,2,,GNB,,TAM,W 23-15,Inactive,Inactive,Inactive,Inactive,Inactive,Inactive,Inactive,Inactive,Inactive,Inactive,Inactive,Inactive,Inactive,Inactive,Inactive,Inactive,Inactive,Inactive,Inactive,Inactive,Inactive,Inactive,Inactive,Inactive,Inactive,Inactive,Rick Mirer,MireRi00
87,83,1998,1998-09-20,3,3,,GNB,@,CIN,W 13-6,Inactive,Inactive,Inactive,Inactive,Inactive,Inactive,Inactive,Inactive,Inactive,Inactive,Inactive,Inactive,Inactive,Inactive,Inactive,Inactive,Inactive,Inactive,Inactive,Inactive,Inactive,Inactive,Inactive,Inactive,Inactive,Inactive,Rick Mirer,MireRi00
88,84,1998,1998-09-27,4,4,,GNB,@,CAR,W 37-30,Inactive,Inactive,Inactive,Inactive,Inactive,Inactive,Inactive,Inactive,Inactive,Inactive,Inactive,Inactive,Inactive,Inactive,Inactive,Inactive,Inactive,Inactive,Inactive,Inactive,Inactive,Inactive,Inactive,Inactive,Inactive,Inactive,Rick Mirer,MireRi00
89,85,1998,1998-10-05,5,5,,GNB,,MIN,L 24-37,Inactive,Inactive,Inactive,Inactive,Inactive,Inactive,Inactive,Inactive,Inactive,Inactive,Inactive,Inactive,Inactive,Inactive,Inactive,Inactive,Inactive,Inactive,Inactive,Inactive,Inactive,Inactive,Inactive,Inactive,Inactive,Inactive,Rick Mirer,MireRi00
90,86,1998,1998-10-15,6,7,,GNB,@,DET,L 20-27,Did Not Play,Did Not Play,Did Not Play,Did Not Play,Did Not Play,Did Not Play,Did Not Play,Did Not Play,Did Not Play,Did Not Play,Did Not Play,Did Not Play,Did Not Play,Did Not Play,Did Not Play,Did Not Play,Did Not Play,Did Not Play,Did Not Play,Did Not Play,Did Not Play,Did Not Play,Did Not Play,Did Not Play,Did Not Play,Did Not Play,Rick Mirer,MireRi00
91,87,1998,1998-10-25,7,8,,GNB,,BAL,W 28-10,Did Not Play,Did Not Play,Did Not Play,Did Not Play,Did Not Play,Did Not Play,Did Not Play,Did Not Play,Did Not Play,Did Not Play,Did Not Play,Did Not Play,Did Not Play,Did Not Play,Did Not Play,Did Not Play,Did Not Play,Did Not Play,Did Not Play,Did Not Play,Did Not Play,Did Not Play,Did Not Play,Did Not Play,Did Not Play,Did Not Play,Rick Mirer,MireRi00
92,88,1998,1998-11-01,8,9,,GNB,,SFO,W 36-22,Did Not Play,Did Not Play,Did Not Play,Did Not Play,Did Not Play,Did Not Play,Did Not Play,Did Not Play,Did Not Play,Did Not Play,Did Not Play,Did Not Play,Did Not Play,Did Not Play,Did Not Play,Did Not Play,Did Not Play,Did Not Play,Did Not Play,Did Not Play,Did Not Play,Did Not Play,Did Not Play,Did Not Play,Did Not Play,Did Not Play,Rick Mirer,MireRi00
93,89,1998,1998-11-09,9,10,,GNB,@,PIT,L 20-27,Did Not Play,Did Not Play,Did Not Play,Did Not Play,Did Not Play,Did Not Play,Did Not Play,Did Not Play,Did Not Play,Did Not Play,Did Not Play,Did Not Play,Did Not Play,Did Not Play,Did Not Play,Did Not Play,Did Not Play,Did Not Play,Did Not Play,Did Not Play,Did Not Play,Did Not Play,Did Not Play,Did Not Play,Did Not Play,Did Not Play,Rick Mirer,MireRi00
94,90,1998,1998-11-15,10,11,,GNB,@,NYG,W 37-3,Inactive,Inactive,Inactive,Inactive,Inactive,Inactive,Inactive,Inactive,Inactive,Inactive,Inactive,Inactive,Inactive,Inactive,Inactive,Inactive,Inactive,Inactive,Inactive,Inactive,Inactive,Inactive,Inactive,Inactive,Inactive,Inactive,Rick Mirer,MireRi00
95,91,1998,1998-11-22,11,12,,GNB,@,MIN,L 14-28,Inactive,Inactive,Inactive,Inactive,Inactive,Inactive,Inactive,Inactive,Inactive,Inactive,Inactive,Inactive,Inactive,Inactive,Inactive,Inactive,Inactive,Inactive,Inactive,Inactive,Inactive,Inactive,Inactive,Inactive,Inactive,Inactive,Rick Mirer,MireRi00
96,92,1998,1998-11-29,12,13,,GNB,,PHI,W 24-16,Inactive,Inactive,Inactive,Inactive,Inactive,Inactive,Inactive,Inactive,Inactive,Inactive,Inactive,Inactive,Inactive,Inactive,Inactive,Inactive,Inactive,Inactive,Inactive,Inactive,Inactive,Inactive,Inactive,Inactive,Inactive,Inactive,Rick Mirer,MireRi00
97,93,1998,1998-12-07,13,14,,GNB,@,TAM,L 22-24,Inactive,Inactive,Inactive,Inactive,Inactive,Inactive,Inactive,Inactive,Inactive,Inactive,Inactive,Inactive,Inactive,Inactive,Inactive,Inactive,Inactive,Inactive,Inactive,Inactive,Inactive,Inactive,Inactive,Inactive,Inactive,Inactive,Rick Mirer,MireRi00
98,94,1998,1998-12-13,14,15,,GNB,,CHI,W 26-20,Inactive,Inactive,Inactive,Inactive,Inactive,Inactive,Inactive,Inactive,Inactive,Inactive,Inactive,Inactive,Inactive,Inactive,Inactive,Inactive,Inactive,Inactive,Inactive,Inactive,Inactive,Inactive,Inactive,Inactive,Inactive,Inactive,Rick Mirer,MireRi00
99,95,1998,1998-12-20,15,16,,GNB,,TEN,W 30-22,Inactive,Inactive,Inactive,Inactive,Inactive,Inactive,Inactive,Inactive,Inactive,Inactive,Inactive,Inactive,Inactive,Inactive,Inactive,Inactive,Inactive,Inactive,Inactive,Inactive,Inactive,Inactive,Inactive,Inactive,Inactive,Inactive,Rick Mirer,MireRi00
100,96,1998,1998-12-27,16,17,,GNB,@,CHI,W 16-13,Inactive,Inactive,Inactive,Inactive,Inactive,Inactive,Inactive,Inactive,Inactive,Inactive,Inactive,Inactive,Inactive,Inactive,Inactive,Inactive,Inactive,Inactive,Inactive,Inactive,Inactive,Inactive,Inactive,Inactive,Inactive,Inactive,Rick Mirer,MireRi00
101,Rk,Year,Date,G#,Week,Age,Tm,,Opp,Result,GS,Cmp,Att,Cmp%,Yds,TD,Int,Rate,Sk,Yds,Y/A,AY/A,Att,Yds,Y/A,TD,2PM,TD,Pts,Fmb,FL,FF,FR,Yds,TD,Status,Rick Mirer,MireRi00
102,97,1999,1999-09-12,1,1,29.177,NYJ,,NWE,L 28-30,,4,11,36.36,28,0,2,5.3,1,2,2.55,-5.64,0,0,,0,,0,0,0,,0,0,0,0,,Rick Mirer,MireRi00
103,98,1999,1999-09-19,2,2,29.184,NYJ,@,BUF,L 3-17,*,13,28,46.43,121,0,0,58.8,2,5,4.32,4.32,3,16,5.33,0,,0,0,0,,0,0,0,0,,Rick Mirer,MireRi00
104,99,1999,1999-09-26,3,3,29.191,NYJ,,WAS,L 20-27,*,17,31,54.84,227,1,1,75.6,6,32,7.32,6.52,1,6,6.00,0,,0,0,1,1,0,0,0,0,,Rick Mirer,MireRi00
105,100,1999,1999-10-03,4,4,29.198,NYJ,@,DEN,W 21-13,*,17,28,60.71,242,2,2,82.7,4,18,8.64,6.86,2,-2,-1.00,0,,0,0,0,,0,0,0,0,,Rick Mirer,MireRi00
106,101,1999,1999-10-11,5,5,29.206,NYJ,,JAX,L 6-16,*,19,38,50.00,164,0,2,39.8,4,23,4.32,1.95,2,14,7.00,0,,0,0,0,,0,0,0,0,,Rick Mirer,MireRi00
107,102,1999,1999-10-17,6,6,,NYJ,,IND,L 13-16,Inactive,Inactive,Inactive,Inactive,Inactive,Inactive,Inactive,Inactive,Inactive,Inactive,Inactive,Inactive,Inactive,Inactive,Inactive,Inactive,Inactive,Inactive,Inactive,Inactive,Inactive,Inactive,Inactive,Inactive,Inactive,Inactive,Rick Mirer,MireRi00
108,103,1999,1999-10-24,7,7,29.219,NYJ,@,OAK,L 23-24,*,13,22,59.09,158,1,2,58.5,2,11,7.18,4.00,6,14,2.33,1,,1,6,1,0,0,1,-1,0,,Rick Mirer,MireRi00
109,104,1999,1999-11-07,8,9,29.233,NYJ,,ARI,W 12-7,*,12,18,66.67,122,1,0,104.4,3,11,6.78,7.89,7,41,5.86,0,,0,0,1,0,0,1,0,0,,Rick Mirer,MireRi00
110,105,1999,1999-11-15,9,10,,NYJ,@,NWE,W 24-17,Inactive,Inactive,Inactive,Inactive,Inactive,Inactive,Inactive,Inactive,Inactive,Inactive,Inactive,Inactive,Inactive,Inactive,Inactive,Inactive,Inactive,Inactive,Inactive,Inactive,Inactive,Inactive,Inactive,Inactive,Inactive,Inactive,Rick Mirer,MireRi00
111,106,1999,1999-11-21,10,11,,NYJ,,BUF,W 17-7,Inactive,Inactive,Inactive,Inactive,Inactive,Inactive,Inactive,Inactive,Inactive,Inactive,Inactive,Inactive,Inactive,Inactive,Inactive,Inactive,Inactive,Inactive,Inactive,Inactive,Inactive,Inactive,Inactive,Inactive,Inactive,Inactive,Rick Mirer,MireRi00
112,107,1999,1999-11-28,11,12,,NYJ,@,IND,L 6-13,Inactive,Inactive,Inactive,Inactive,Inactive,Inactive,Inactive,Inactive,Inactive,Inactive,Inactive,Inactive,Inactive,Inactive,Inactive,Inactive,Inactive,Inactive,Inactive,Inactive,Inactive,Inactive,Inactive,Inactive,Inactive,Inactive,Rick Mirer,MireRi00
113,108,1999,1999-12-05,12,13,,NYJ,@,NYG,L 28-41,Inactive,Inactive,Inactive,Inactive,Inactive,Inactive,Inactive,Inactive,Inactive,Inactive,Inactive,Inactive,Inactive,Inactive,Inactive,Inactive,Inactive,Inactive,Inactive,Inactive,Inactive,Inactive,Inactive,Inactive,Inactive,Inactive,Rick Mirer,MireRi00
114,109,1999,1999-12-12,13,14,29.268,NYJ,,MIA,W 28-20,,,,,,,,,0,,,,,,,,,0,0,0,,,0,0,0,,Rick Mirer,MireRi00
115,110,1999,1999-12-19,14,15,,NYJ,@,DAL,W 22-21,Inactive,Inactive,Inactive,Inactive,Inactive,Inactive,Inactive,Inactive,Inactive,Inactive,Inactive,Inactive,Inactive,Inactive,Inactive,Inactive,Inactive,Inactive,Inactive,Inactive,Inactive,Inactive,Inactive,Inactive,Inactive,Inactive,Rick Mirer,MireRi00
116,111,1999,1999-12-27,15,16,,NYJ,@,MIA,W 38-31,Inactive,Inactive,Inactive,Inactive,Inactive,Inactive,Inactive,Inactive,Inactive,Inactive,Inactive,Inactive,Inactive,Inactive,Inactive,Inactive,Inactive,Inactive,Inactive,Inactive,Inactive,Inactive,Inactive,Inactive,Inactive,Inactive,Rick Mirer,MireRi00
117,112,1999,2000-01-02,16,17,,NYJ,,SEA,W 19-9,Inactive,Inactive,Inactive,Inactive,Inactive,Inactive,Inactive,Inactive,Inactive,Inactive,Inactive,Inactive,Inactive,Inactive,Inactive,Inactive,Inactive,Inactive,Inactive,Inactive,Inactive,Inactive,Inactive,Inactive,Inactive,Inactive,Rick Mirer,MireRi00
118,Rk,Year,Date,G#,Week,Age,Tm,,Opp,Result,GS,Cmp,Att,Cmp%,Yds,TD,Int,Rate,Sk,Yds,Y/A,AY/A,Att,Yds,Y/A,TD,2PM,TD,Pts,Fmb,FL,FF,FR,Yds,TD,Status,Rick Mirer,MireRi00
119,113,2000,2000-09-03,1,1,,SFO,@,ATL,L 28-36,Did Not Play,Did Not Play,Did Not Play,Did Not Play,Did Not Play,Did Not Play,Did Not Play,Did Not Play,Did Not Play,Did Not Play,Did Not Play,Did Not Play,Did Not Play,Did Not Play,Did Not Play,Did Not Play,Did Not Play,Did Not Play,Did Not Play,Did Not Play,Did Not Play,Did Not Play,Did Not Play,Did Not Play,Did Not Play,Did Not Play,Rick Mirer,MireRi00
120,114,2000,2000-09-10,2,2,30.175,SFO,,CAR,L 22-38,,10,20,50.00,126,1,0,86.7,1,6,6.30,7.30,3,0,0.00,0,,0,0,0,,0,0,0,0,,Rick Mirer,MireRi00
121,115,2000,2000-09-17,3,3,,SFO,@,STL,L 24-41,Did Not Play,Did Not Play,Did Not Play,Did Not Play,Did Not Play,Did Not Play,Did Not Play,Did Not Play,Did Not Play,Did Not Play,Did Not Play,Did Not Play,Did Not Play,Did Not Play,Did Not Play,Did Not Play,Did Not Play,Did Not Play,Did Not Play,Did Not Play,Did Not Play,Did Not Play,Did Not Play,Did Not Play,Did Not Play,Did Not Play,Rick Mirer,MireRi00
122,116,2000,2000-09-24,4,4,,SFO,@,DAL,W 41-24,Did Not Play,Did Not Play,Did Not Play,Did Not Play,Did Not Play,Did Not Play,Did Not Play,Did Not Play,Did Not Play,Did Not Play,Did Not Play,Did Not Play,Did Not Play,Did Not Play,Did Not Play,Did Not Play,Did Not Play,Did Not Play,Did Not Play,Did Not Play,Did Not Play,Did Not Play,Did Not Play,Did Not Play,Did Not Play,Did Not Play,Rick Mirer,MireRi00
123,117,2000,2000-10-01,5,5,,SFO,,ARI,W 27-20,Did Not Play,Did Not Play,Did Not Play,Did Not Play,Did Not Play,Did Not Play,Did Not Play,Did Not Play,Did Not Play,Did Not Play,Did Not Play,Did Not Play,Did Not Play,Did Not Play,Did Not Play,Did Not Play,Did Not Play,Did Not Play,Did Not Play,Did Not Play,Did Not Play,Did Not Play,Did Not Play,Did Not Play,Did Not Play,Did Not Play,Rick Mirer,MireRi00
124,118,2000,2000-10-08,6,6,,SFO,,OAK,L 28-34,Did Not Play,Did Not Play,Did Not Play,Did Not Play,Did Not Play,Did Not Play,Did Not Play,Did Not Play,Did Not Play,Did Not Play,Did Not Play,Did Not Play,Did Not Play,Did Not Play,Did Not Play,Did Not Play,Did Not Play,Did Not Play,Did Not Play,Did Not Play,Did Not Play,Did Not Play,Did Not Play,Did Not Play,Did Not Play,Did Not Play,Rick Mirer,MireRi00
125,119,2000,2000-10-15,7,7,,SFO,@,GNB,L 28-31,Did Not Play,Did Not Play,Did Not Play,Did Not Play,Did Not Play,Did Not Play,Did Not Play,Did Not Play,Did Not Play,Did Not Play,Did Not Play,Did Not Play,Did Not Play,Did Not Play,Did Not Play,Did Not Play,Did Not Play,Did Not Play,Did Not Play,Did Not Play,Did Not Play,Did Not Play,Did Not Play,Did Not Play,Did Not Play,Did Not Play,Rick Mirer,MireRi00
126,120,2000,2000-10-22,8,8,,SFO,@,CAR,L 16-34,Did Not Play,Did Not Play,Did Not Play,Did Not Play,Did Not Play,Did Not Play,Did Not Play,Did Not Play,Did Not Play,Did Not Play,Did Not Play,Did Not Play,Did Not Play,Did Not Play,Did Not Play,Did Not Play,Did Not Play,Did Not Play,Did Not Play,Did Not Play,Did Not Play,Did Not Play,Did Not Play,Did Not Play,Did Not Play,Did Not Play,Rick Mirer,MireRi00
127,121,2000,2000-10-29,9,9,,SFO,,STL,L 24-34,Did Not Play,Did Not Play,Did Not Play,Did Not Play,Did Not Play,Did Not Play,Did Not Play,Did Not Play,Did Not Play,Did Not Play,Did Not Play,Did Not Play,Did Not Play,Did Not Play,Did Not Play,Did Not Play,Did Not Play,Did Not Play,Did Not Play,Did Not Play,Did Not Play,Did Not Play,Did Not Play,Did Not Play,Did Not Play,Did Not Play,Rick Mirer,MireRi00
128,122,2000,2000-11-05,10,10,,SFO,@,NOR,L 15-31,Did Not Play,Did Not Play,Did Not Play,Did Not Play,Did Not Play,Did Not Play,Did Not Play,Did Not Play,Did Not Play,Did Not Play,Did Not Play,Did Not Play,Did Not Play,Did Not Play,Did Not Play,Did Not Play,Did Not Play,Did Not Play,Did Not Play,Did Not Play,Did Not Play,Did Not Play,Did Not Play,Did Not Play,Did Not Play,Did Not Play,Rick Mirer,MireRi00
129,123,2000,2000-11-12,11,11,,SFO,,KAN,W 21-7,Did Not Play,Did Not Play,Did Not Play,Did Not Play,Did Not Play,Did Not Play,Did Not Play,Did Not Play,Did Not Play,Did Not Play,Did Not Play,Did Not Play,Did Not Play,Did Not Play,Did Not Play,Did Not Play,Did Not Play,Did Not Play,Did Not Play,Did Not Play,Did Not Play,Did Not Play,Did Not Play,Did Not Play,Did Not Play,Did Not Play,Rick Mirer,MireRi00
130,124,2000,2000-11-19,12,12,,SFO,,ATL,W 16-6,Did Not Play,Did Not Play,Did Not Play,Did Not Play,Did Not Play,Did Not Play,Did Not Play,Did Not Play,Did Not Play,Did Not Play,Did Not Play,Did Not Play,Did Not Play,Did Not Play,Did Not Play,Did Not Play,Did Not Play,Did Not Play,Did Not Play,Did Not Play,Did Not Play,Did Not Play,Did Not Play,Did Not Play,Did Not Play,Did Not Play,Rick Mirer,MireRi00
131,125,2000,2000-12-03,13,14,,SFO,@,SDG,W 45-17,Did Not Play,Did Not Play,Did Not Play,Did Not Play,Did Not Play,Did Not Play,Did Not Play,Did Not Play,Did Not Play,Did Not Play,Did Not Play,Did Not Play,Did Not Play,Did Not Play,Did Not Play,Did Not Play,Did Not Play,Did Not Play,Did Not Play,Did Not Play,Did Not Play,Did Not Play,Did Not Play,Did Not Play,Did Not Play,Did Not Play,Rick Mirer,MireRi00
132,126,2000,2000-12-10,14,15,,SFO,,NOR,L 27-31,Did Not Play,Did Not Play,Did Not Play,Did Not Play,Did Not Play,Did Not Play,Did Not Play,Did Not Play,Did Not Play,Did Not Play,Did Not Play,Did Not Play,Did Not Play,Did Not Play,Did Not Play,Did Not Play,Did Not Play,Did Not Play,Did Not Play,Did Not Play,Did Not Play,Did Not Play,Did Not Play,Did Not Play,Did Not Play,Did Not Play,Rick Mirer,MireRi00
133,127,2000,2000-12-17,15,16,,SFO,,CHI,W 17-0,Did Not Play,Did Not Play,Did Not Play,Did Not Play,Did Not Play,Did Not Play,Did Not Play,Did Not Play,Did Not Play,Did Not Play,Did Not Play,Did Not Play,Did Not Play,Did Not Play,Did Not Play,Did Not Play,Did Not Play,Did Not Play,Did Not Play,Did Not Play,Did Not Play,Did Not Play,Did Not Play,Did Not Play,Did Not Play,Did Not Play,Rick Mirer,MireRi00
134,128,2000,2000-12-23,16,17,,SFO,@,DEN,L 9-38,Did Not Play,Did Not Play,Did Not Play,Did Not Play,Did Not Play,Did Not Play,Did Not Play,Did Not Play,Did Not Play,Did Not Play,Did Not Play,Did Not Play,Did Not Play,Did Not Play,Did Not Play,Did Not Play,Did Not Play,Did Not Play,Did Not Play,Did Not Play,Did Not Play,Did Not Play,Did Not Play,Did Not Play,Did Not Play,Did Not Play,Rick Mirer,MireRi00
135,Rk,Year,Date,G#,Week,Age,Tm,,Opp,Result,GS,Cmp,Att,Cmp%,Yds,TD,Int,Rate,Sk,Yds,Y/A,AY/A,Att,Yds,Y/A,TD,2PM,TD,Pts,Fmb,FL,FF,FR,Yds,TD,Status,Rick Mirer,MireRi00
136,129,2001,2001-11-04,7,8,,SFO,,DET,W 21-13,Inactive,Inactive,Inactive,Inactive,Inactive,Inactive,Inactive,Inactive,Inactive,Inactive,Inactive,Inactive,Inactive,Inactive,Inactive,Inactive,Inactive,Inactive,Inactive,Inactive,Inactive,Inactive,Inactive,Inactive,Inactive,Inactive,Rick Mirer,MireRi00
137,130,2001,2001-11-11,8,9,,SFO,,NOR,W 28-27,Inactive,Inactive,Inactive,Inactive,Inactive,Inactive,Inactive,Inactive,Inactive,Inactive,Inactive,Inactive,Inactive,Inactive,Inactive,Inactive,Inactive,Inactive,Inactive,Inactive,Inactive,Inactive,Inactive,Inactive,Inactive,Inactive,Rick Mirer,MireRi00
138,131,2001,2001-11-18,9,10,,SFO,@,CAR,W 25-22,Inactive,Inactive,Inactive,Inactive,Inactive,Inactive,Inactive,Inactive,Inactive,Inactive,Inactive,Inactive,Inactive,Inactive,Inactive,Inactive,Inactive,Inactive,Inactive,Inactive,Inactive,Inactive,Inactive,Inactive,Inactive,Inactive,Rick Mirer,MireRi00
139,132,2001,2001-11-25,10,11,,SFO,@,IND,W 40-21,Inactive,Inactive,Inactive,Inactive,Inactive,Inactive,Inactive,Inactive,Inactive,Inactive,Inactive,Inactive,Inactive,Inactive,Inactive,Inactive,Inactive,Inactive,Inactive,Inactive,Inactive,Inactive,Inactive,Inactive,Inactive,Inactive,Rick Mirer,MireRi00
140,133,2001,2001-12-02,11,12,,SFO,,BUF,W 35-0,Inactive,Inactive,Inactive,Inactive,Inactive,Inactive,Inactive,Inactive,Inactive,Inactive,Inactive,Inactive,Inactive,Inactive,Inactive,Inactive,Inactive,Inactive,Inactive,Inactive,Inactive,Inactive,Inactive,Inactive,Inactive,Inactive,Rick Mirer,MireRi00
141,134,2001,2001-12-09,12,13,,SFO,@,STL,L 14-27,Inactive,Inactive,Inactive,Inactive,Inactive,Inactive,Inactive,Inactive,Inactive,Inactive,Inactive,Inactive,Inactive,Inactive,Inactive,Inactive,Inactive,Inactive,Inactive,Inactive,Inactive,Inactive,Inactive,Inactive,Inactive,Inactive,Rick Mirer,MireRi00
142,135,2001,2001-12-16,13,14,,SFO,,MIA,W 21-0,Inactive,Inactive,Inactive,Inactive,Inactive,Inactive,Inactive,Inactive,Inactive,Inactive,Inactive,Inactive,Inactive,Inactive,Inactive,Inactive,Inactive,Inactive,Inactive,Inactive,Inactive,Inactive,Inactive,Inactive,Inactive,Inactive,Rick Mirer,MireRi00
143,136,2001,2001-12-22,14,15,,SFO,,PHI,W 13-3,Inactive,Inactive,Inactive,Inactive,Inactive,Inactive,Inactive,Inactive,Inactive,Inactive,Inactive,Inactive,Inactive,Inactive,Inactive,Inactive,Inactive,Inactive,Inactive,Inactive,Inactive,Inactive,Inactive,Inactive,Inactive,Inactive,Rick Mirer,MireRi00
144,137,2001,2001-12-30,15,16,,SFO,@,DAL,L 21-27,Inactive,Inactive,Inactive,Inactive,Inactive,Inactive,Inactive,Inactive,Inactive,Inactive,Inactive,Inactive,Inactive,Inactive,Inactive,Inactive,Inactive,Inactive,Inactive,Inactive,Inactive,Inactive,Inactive,Inactive,Inactive,Inactive,Rick Mirer,MireRi00
145,138,2001,2002-01-06,16,17,,SFO,@,NOR,W 38-0,Inactive,Inactive,Inactive,Inactive,Inactive,Inactive,Inactive,Inactive,Inactive,Inactive,Inactive,Inactive,Inactive,Inactive,Inactive,Inactive,Inactive,Inactive,Inactive,Inactive,Inactive,Inactive,Inactive,Inactive,Inactive,Inactive,Rick Mirer,MireRi00
146,Rk,Year,Date,G#,Week,Age,Tm,,Opp,Result,GS,Cmp,Att,Cmp%,Yds,TD,Int,Rate,Sk,Yds,Y/A,AY/A,Att,Yds,Y/A,TD,2PM,TD,Pts,Fmb,FL,FF,FR,Yds,TD,Status,Rick Mirer,MireRi00
147,139,2002,2002-09-08,1,1,,OAK,,SEA,W 31-17,Inactive,Inactive,Inactive,Inactive,Inactive,Inactive,Inactive,Inactive,Inactive,Inactive,Inactive,Inactive,Inactive,Inactive,Inactive,Inactive,Inactive,Inactive,Inactive,Inactive,Inactive,Inactive,Inactive,Inactive,Inactive,Inactive,Rick Mirer,MireRi00
148,140,2002,2002-09-15,2,2,,OAK,@,PIT,W 30-17,Inactive,Inactive,Inactive,Inactive,Inactive,Inactive,Inactive,Inactive,Inactive,Inactive,Inactive,Inactive,Inactive,Inactive,Inactive,Inactive,Inactive,Inactive,Inactive,Inactive,Inactive,Inactive,Inactive,Inactive,Inactive,Inactive,Rick Mirer,MireRi00
149,141,2002,2002-09-29,3,4,,OAK,,TEN,W 52-25,Inactive,Inactive,Inactive,Inactive,Inactive,Inactive,Inactive,Inactive,Inactive,Inactive,Inactive,Inactive,Inactive,Inactive,Inactive,Inactive,Inactive,Inactive,Inactive,Inactive,Inactive,Inactive,Inactive,Inactive,Inactive,Inactive,Rick Mirer,MireRi00
150,142,2002,2002-10-06,4,5,,OAK,@,BUF,W 49-31,Inactive,Inactive,Inactive,Inactive,Inactive,Inactive,Inactive,Inactive,Inactive,Inactive,Inactive,Inactive,Inactive,Inactive,Inactive,Inactive,Inactive,Inactive,Inactive,Inactive,Inactive,Inactive,Inactive,Inactive,Inactive,Inactive,Rick Mirer,MireRi00
151,143,2002,2002-10-13,5,6,,OAK,@,STL,L 13-28,Inactive,Inactive,Inactive,Inactive,Inactive,Inactive,Inactive,Inactive,Inactive,Inactive,Inactive,Inactive,Inactive,Inactive,Inactive,Inactive,Inactive,Inactive,Inactive,Inactive,Inactive,Inactive,Inactive,Inactive,Inactive,Inactive,Rick Mirer,MireRi00
152,144,2002,2002-10-20,6,7,,OAK,,SDG,L 21-27,Inactive,Inactive,Inactive,Inactive,Inactive,Inactive,Inactive,Inactive,Inactive,Inactive,Inactive,Inactive,Inactive,Inactive,Inactive,Inactive,Inactive,Inactive,Inactive,Inactive,Inactive,Inactive,Inactive,Inactive,Inactive,Inactive,Rick Mirer,MireRi00
153,145,2002,2002-10-27,7,8,,OAK,@,KAN,L 10-20,Inactive,Inactive,Inactive,Inactive,Inactive,Inactive,Inactive,Inactive,Inactive,Inactive,Inactive,Inactive,Inactive,Inactive,Inactive,Inactive,Inactive,Inactive,Inactive,Inactive,Inactive,Inactive,Inactive,Inactive,Inactive,Inactive,Rick Mirer,MireRi00
154,146,2002,2002-11-03,8,9,,OAK,,SFO,L 20-23,Inactive,Inactive,Inactive,Inactive,Inactive,Inactive,Inactive,Inactive,Inactive,Inactive,Inactive,Inactive,Inactive,Inactive,Inactive,Inactive,Inactive,Inactive,Inactive,Inactive,Inactive,Inactive,Inactive,Inactive,Inactive,Inactive,Rick Mirer,MireRi00
155,147,2002,2002-11-11,9,10,,OAK,@,DEN,W 34-10,Inactive,Inactive,Inactive,Inactive,Inactive,Inactive,Inactive,Inactive,Inactive,Inactive,Inactive,Inactive,Inactive,Inactive,Inactive,Inactive,Inactive,Inactive,Inactive,Inactive,Inactive,Inactive,Inactive,Inactive,Inactive,Inactive,Rick Mirer,MireRi00
156,148,2002,2002-11-17,10,11,,OAK,,NWE,W 27-20,Inactive,Inactive,Inactive,Inactive,Inactive,Inactive,Inactive,Inactive,Inactive,Inactive,Inactive,Inactive,Inactive,Inactive,Inactive,Inactive,Inactive,Inactive,Inactive,Inactive,Inactive,Inactive,Inactive,Inactive,Inactive,Inactive,Rick Mirer,MireRi00
157,149,2002,2002-11-24,11,12,,OAK,@,ARI,W 41-20,Inactive,Inactive,Inactive,Inactive,Inactive,Inactive,Inactive,Inactive,Inactive,Inactive,Inactive,Inactive,Inactive,Inactive,Inactive,Inactive,Inactive,Inactive,Inactive,Inactive,Inactive,Inactive,Inactive,Inactive,Inactive,Inactive,Rick Mirer,MireRi00
158,150,2002,2002-12-02,12,13,,OAK,,NYJ,W 26-20,Inactive,Inactive,Inactive,Inactive,Inactive,Inactive,Inactive,Inactive,Inactive,Inactive,Inactive,Inactive,Inactive,Inactive,Inactive,Inactive,Inactive,Inactive,Inactive,Inactive,Inactive,Inactive,Inactive,Inactive,Inactive,Inactive,Rick Mirer,MireRi00
159,151,2002,2002-12-08,13,14,,OAK,@,SDG,W 27-7,Inactive,Inactive,Inactive,Inactive,Inactive,Inactive,Inactive,Inactive,Inactive,Inactive,Inactive,Inactive,Inactive,Inactive,Inactive,Inactive,Inactive,Inactive,Inactive,Inactive,Inactive,Inactive,Inactive,Inactive,Inactive,Inactive,Rick Mirer,MireRi00
160,152,2002,2002-12-15,14,15,,OAK,@,MIA,L 17-23,Inactive,Inactive,Inactive,Inactive,Inactive,Inactive,Inactive,Inactive,Inactive,Inactive,Inactive,Inactive,Inactive,Inactive,Inactive,Inactive,Inactive,Inactive,Inactive,Inactive,Inactive,Inactive,Inactive,Inactive,Inactive,Inactive,Rick Mirer,MireRi00
161,153,2002,2002-12-22,15,16,,OAK,,DEN,W 28-16,Inactive,Inactive,Inactive,Inactive,Inactive,Inactive,Inactive,Inactive,Inactive,Inactive,Inactive,Inactive,Inactive,Inactive,Inactive,Inactive,Inactive,Inactive,Inactive,Inactive,Inactive,Inactive,Inactive,Inactive,Inactive,Inactive,Rick Mirer,MireRi00
162,154,2002,2002-12-28,16,17,,OAK,,KAN,W 24-0,Inactive,Inactive,Inactive,Inactive,Inactive,Inactive,Inactive,Inactive,Inactive,Inactive,Inactive,Inactive,Inactive,Inactive,Inactive,Inactive,Inactive,Inactive,Inactive,Inactive,Inactive,Inactive,Inactive,Inactive,Inactive,Inactive,Rick Mirer,MireRi00
163,Rk,Year,Date,G#,Week,Age,Tm,,Opp,Result,GS,Cmp,Att,Cmp%,Yds,TD,Int,Rate,Sk,Yds,Y/A,AY/A,Att,Yds,Y/A,TD,2PM,TD,Pts,Fmb,FL,FF,FR,Yds,TD,Status,Rick Mirer,MireRi00
164,155,2003,2003-09-07,1,1,,OAK,@,TEN,L 20-25,Inactive,Inactive,Inactive,Inactive,Inactive,Inactive,Inactive,Inactive,Inactive,Inactive,Inactive,Inactive,Inactive,Inactive,Inactive,Inactive,Inactive,Inactive,Inactive,Inactive,Inactive,Inactive,Inactive,Inactive,Inactive,Inactive,Rick Mirer,MireRi00
165,156,2003,2003-09-14,2,2,,OAK,,CIN,W 23-20,Inactive,Inactive,Inactive,Inactive,Inactive,Inactive,Inactive,Inactive,Inactive,Inactive,Inactive,Inactive,Inactive,Inactive,Inactive,Inactive,Inactive,Inactive,Inactive,Inactive,Inactive,Inactive,Inactive,Inactive,Inactive,Inactive,Rick Mirer,MireRi00
166,157,2003,2003-09-22,3,3,,OAK,@,DEN,L 10-31,Inactive,Inactive,Inactive,Inactive,Inactive,Inactive,Inactive,Inactive,Inactive,Inactive,Inactive,Inactive,Inactive,Inactive,Inactive,Inactive,Inactive,Inactive,Inactive,Inactive,Inactive,Inactive,Inactive,Inactive,Inactive,Inactive,Rick Mirer,MireRi00
167,158,2003,2003-09-28,4,4,,OAK,,SDG,W 34-31,Inactive,Inactive,Inactive,Inactive,Inactive,Inactive,Inactive,Inactive,Inactive,Inactive,Inactive,Inactive,Inactive,Inactive,Inactive,Inactive,Inactive,Inactive,Inactive,Inactive,Inactive,Inactive,Inactive,Inactive,Inactive,Inactive,Rick Mirer,MireRi00
168,159,2003,2003-10-05,5,5,,OAK,@,CHI,L 21-24,Inactive,Inactive,Inactive,Inactive,Inactive,Inactive,Inactive,Inactive,Inactive,Inactive,Inactive,Inactive,Inactive,Inactive,Inactive,Inactive,Inactive,Inactive,Inactive,Inactive,Inactive,Inactive,Inactive,Inactive,Inactive,Inactive,Rick Mirer,MireRi00
169,160,2003,2003-10-12,6,6,,OAK,@,CLE,L 7-13,Inactive,Inactive,Inactive,Inactive,Inactive,Inactive,Inactive,Inactive,Inactive,Inactive,Inactive,Inactive,Inactive,Inactive,Inactive,Inactive,Inactive,Inactive,Inactive,Inactive,Inactive,Inactive,Inactive,Inactive,Inactive,Inactive,Rick Mirer,MireRi00
170,161,2003,2003-10-20,7,7,,OAK,,KAN,L 10-17,Inactive,Inactive,Inactive,Inactive,Inactive,Inactive,Inactive,Inactive,Inactive,Inactive,Inactive,Inactive,Inactive,Inactive,Inactive,Inactive,Inactive,Inactive,Inactive,Inactive,Inactive,Inactive,Inactive,Inactive,Inactive,Inactive,Rick Mirer,MireRi00
171,162,2003,2003-11-02,8,9,33.228,OAK,@,DET,L 13-23,,15,28,53.57,125,0,2,35.6,2,12,4.46,1.25,0,0,,0,,0,0,0,,0,0,0,0,,Rick Mirer,MireRi00
172,163,2003,2003-11-09,9,10,33.235,OAK,,NYJ,L 24-27,*,18,25,72.00,186,1,0,106.4,0,0,7.44,8.24,1,2,2.00,0,,0,0,0,,0,0,0,0,,Rick Mirer,MireRi00
173,164,2003,2003-11-16,10,11,33.242,OAK,,MIN,W 28-18,*,9,13,69.23,195,0,0,111.9,3,11,15.00,15.00,2,4,2.00,0,,0,0,0,,0,0,0,0,,Rick Mirer,MireRi00
174,165,2003,2003-11-23,11,12,33.249,OAK,@,KAN,L 24-27,*,19,31,61.29,219,1,0,93.3,3,6,7.06,7.71,5,38,7.60,1,,1,6,0,,0,0,0,0,,Rick Mirer,MireRi00
175,166,2003,2003-11-30,12,13,33.256,OAK,,DEN,L 8-22,*,13,30,43.33,153,0,0,59.4,2,11,5.10,5.10,3,16,5.33,0,,0,0,1,1,0,0,0,0,,Rick Mirer,MireRi00
176,167,2003,2003-12-07,13,14,33.263,OAK,@,PIT,L 7-27,*,10,25,40.00,68,0,2,14.6,4,29,2.72,-0.88,0,0,,0,,0,0,1,1,0,0,0,0,,Rick Mirer,MireRi00
177,168,2003,2003-12-14,14,15,33.270,OAK,,BAL,W 20-12,*,16,35,45.71,186,1,0,71.8,0,0,5.31,5.89,6,8,1.33,0,,0,0,0,,0,0,0,0,,Rick Mirer,MireRi00
178,169,2003,2003-12-22,15,16,33.278,OAK,,GNB,L 7-41,*,12,23,52.17,114,0,1,48.1,3,18,4.96,3.00,0,0,,0,,0,0,0,,0,0,0,0,,Rick Mirer,MireRi00
179,170,2003,2003-12-28,16,17,33.284,OAK,@,SDG,L 14-21,*,4,11,36.36,21,0,0,44.9,5,35,1.91,1.91,3,15,5.00,0,,0,0,2,0,0,0,0,0,,Rick Mirer,MireRi00
180,Rk,Year,Date,G#,Week,Age,Tm,,Opp,Result,GS,Cmp,Att,Cmp%,Yds,TD,Int,Rate,Sk,Yds,Y/A,AY/A,Att,Yds,Y/A,TD,2PM,TD,Pts,Fmb,FL,FF,FR,Yds,TD,Status,Rick Mirer,MireRi00
181,171,2004,2004-09-12,1,1,,DET,@,CHI,W 20-16,Inactive,Inactive,Inactive,Inactive,Inactive,Inactive,Inactive,Inactive,Inactive,Inactive,Inactive,Inactive,Inactive,Inactive,Inactive,Inactive,Inactive,Inactive,Inactive,Inactive,Inactive,Inactive,Inactive,Inactive,Inactive,Inactive,Rick Mirer,MireRi00
182,172,2004,2004-09-19,2,2,,DET,,HOU,W 28-16,Inactive,Inactive,Inactive,Inactive,Inactive,Inactive,Inactive,Inactive,Inactive,Inactive,Inactive,Inactive,Inactive,Inactive,Inactive,Inactive,Inactive,Inactive,Inactive,Inactive,Inactive,Inactive,Inactive,Inactive,Inactive,Inactive,Rick Mirer,MireRi00
183,173,2004,2004-09-26,3,3,,DET,,PHI,L 13-30,Inactive,Inactive,Inactive,Inactive,Inactive,Inactive,Inactive,Inactive,Inactive,Inactive,Inactive,Inactive,Inactive,Inactive,Inactive,Inactive,Inactive,Inactive,Inactive,Inactive,Inactive,Inactive,Inactive,Inactive,Inactive,Inactive,Rick Mirer,MireRi00
184,174,2004,2004-10-10,4,5,,DET,@,ATL,W 17-10,Inactive,Inactive,Inactive,Inactive,Inactive,Inactive,Inactive,Inactive,Inactive,Inactive,Inactive,Inactive,Inactive,Inactive,Inactive,Inactive,Inactive,Inactive,Inactive,Inactive,Inactive,Inactive,Inactive,Inactive,Inactive,Inactive,Rick Mirer,MireRi00
185,175,2004,2004-10-17,5,6,,DET,,GNB,L 10-38,Inactive,Inactive,Inactive,Inactive,Inactive,Inactive,Inactive,Inactive,Inactive,Inactive,Inactive,Inactive,Inactive,Inactive,Inactive,Inactive,Inactive,Inactive,Inactive,Inactive,Inactive,Inactive,Inactive,Inactive,Inactive,Inactive,Rick Mirer,MireRi00
186,176,2004,2004-10-24,6,7,,DET,@,NYG,W 28-13,Inactive,Inactive,Inactive,Inactive,Inactive,Inactive,Inactive,Inactive,Inactive,Inactive,Inactive,Inactive,Inactive,Inactive,Inactive,Inactive,Inactive,Inactive,Inactive,Inactive,Inactive,Inactive,Inactive,Inactive,Inactive,Inactive,Rick Mirer,MireRi00
187,177,2004,2004-10-31,7,8,,DET,@,DAL,L 21-31,Inactive,Inactive,Inactive,Inactive,Inactive,Inactive,Inactive,Inactive,Inactive,Inactive,Inactive,Inactive,Inactive,Inactive,Inactive,Inactive,Inactive,Inactive,Inactive,Inactive,Inactive,Inactive,Inactive,Inactive,Inactive,Inactive,Rick Mirer,MireRi00
188,178,2004,2004-11-07,8,9,,DET,,WAS,L 10-17,Inactive,Inactive,Inactive,Inactive,Inactive,Inactive,Inactive,Inactive,Inactive,Inactive,Inactive,Inactive,Inactive,Inactive,Inactive,Inactive,Inactive,Inactive,Inactive,Inactive,Inactive,Inactive,Inactive,Inactive,Inactive,Inactive,Rick Mirer,MireRi00
189,179,2004,2004-11-14,9,10,,DET,@,JAX,L 17-23,Inactive,Inactive,Inactive,Inactive,Inactive,Inactive,Inactive,Inactive,Inactive,Inactive,Inactive,Inactive,Inactive,Inactive,Inactive,Inactive,Inactive,Inactive,Inactive,Inactive,Inactive,Inactive,Inactive,Inactive,Inactive,Inactive,Rick Mirer,MireRi00
190,180,2004,2004-11-21,10,11,,DET,@,MIN,L 19-22,Inactive,Inactive,Inactive,Inactive,Inactive,Inactive,Inactive,Inactive,Inactive,Inactive,Inactive,Inactive,Inactive,Inactive,Inactive,Inactive,Inactive,Inactive,Inactive,Inactive,Inactive,Inactive,Inactive,Inactive,Inactive,Inactive,Rick Mirer,MireRi00
191,181,2004,2004-11-25,11,12,,DET,,IND,L 9-41,Inactive,Inactive,Inactive,Inactive,Inactive,Inactive,Inactive,Inactive,Inactive,Inactive,Inactive,Inactive,Inactive,Inactive,Inactive,Inactive,Inactive,Inactive,Inactive,Inactive,Inactive,Inactive,Inactive,Inactive,Inactive,Inactive,Rick Mirer,MireRi00
192,182,2004,2004-12-05,12,13,,DET,,ARI,W 26-12,Inactive,Inactive,Inactive,Inactive,Inactive,Inactive,Inactive,Inactive,Inactive,Inactive,Inactive,Inactive,Inactive,Inactive,Inactive,Inactive,Inactive,Inactive,Inactive,Inactive,Inactive,Inactive,Inactive,Inactive,Inactive,Inactive,Rick Mirer,MireRi00
193,183,2004,2004-12-12,13,14,,DET,@,GNB,L 13-16,Inactive,Inactive,Inactive,Inactive,Inactive,Inactive,Inactive,Inactive,Inactive,Inactive,Inactive,Inactive,Inactive,Inactive,Inactive,Inactive,Inactive,Inactive,Inactive,Inactive,Inactive,Inactive,Inactive,Inactive,Inactive,Inactive,Rick Mirer,MireRi00
194,184,2004,2004-12-19,14,15,,DET,,MIN,L 27-28,Inactive,Inactive,Inactive,Inactive,Inactive,Inactive,Inactive,Inactive,Inactive,Inactive,Inactive,Inactive,Inactive,Inactive,Inactive,Inactive,Inactive,Inactive,Inactive,Inactive,Inactive,Inactive,Inactive,Inactive,Inactive,Inactive,Rick Mirer,MireRi00
195,185,2004,2004-12-26,15,16,,DET,,CHI,W 19-13,Inactive,Inactive,Inactive,Inactive,Inactive,Inactive,Inactive,Inactive,Inactive,Inactive,Inactive,Inactive,Inactive,Inactive,Inactive,Inactive,Inactive,Inactive,Inactive,Inactive,Inactive,Inactive,Inactive,Inactive,Inactive,Inactive,Rick Mirer,MireRi00
196,186,2004,2005-01-02,16,17,,DET,@,TEN,L 19-24,Inactive,Inactive,Inactive,Inactive,Inactive,Inactive,Inactive,Inactive,Inactive,Inactive,Inactive,Inactive,Inactive,Inactive,Inactive,Inactive,Inactive,Inactive,Inactive,Inactive,Inactive,Inactive,Inactive,Inactive,Inactive,Inactive,Rick Mirer,MireRi00
197,,,80 Games,,,,,,,28-52-0,,1088,2043,53.26,11969,50,76,63.5,199,1038,5.86,4.67,242,1130,4.67,9,1,9,56,35,12,0,10,-25,0,,Rick Mirer,MireRi00
