,Unnamed: 0_level_0,Unnamed: 1_level_0,Unnamed: 2_level_0,Unnamed: 3_level_0,Unnamed: 4_level_0,Unnamed: 5_level_0,Unnamed: 6_level_0,Unnamed: 7_level_0,Unnamed: 8_level_0,Unnamed: 9_level_0,Unnamed: 10_level_0,Passing,Passing,Passing,Passing,Passing,Passing,Passing,Passing,Passing,Passing,Passing,Rushing,Rushing,Rushing,Rushing,Receiving,Receiving,Receiving,Receiving,Receiving,Receiving,Receiving,Scoring,Scoring,Fumbles,Fumbles,Fumbles,Fumbles,Fumbles,Fumbles,Punting,Punting,Punting,Punting,Unnamed: 45_level_0,qb,qb_tag
,Rk,Year,Date,G#,Week,Age,Tm,Unnamed: 7_level_1,Opp,Result,GS,Cmp,Att,Cmp%,Yds,TD,Int,Rate,Sk,Yds.1,Y/A,AY/A,Att,Yds,Y/A,TD,Tgt,Rec,Yds,Y/R,TD,Ctch%,Y/Tgt,TD,Pts,Fmb,FL,FF,FR,Yds,TD,Pnt,Yds,Y/P,Blck,Status,,
0,1,2000,2000-09-03,1,1,,NYJ,@,GNB,W 20-16,Inactive,Inactive,Inactive,Inactive,Inactive,Inactive,Inactive,Inactive,Inactive,Inactive,Inactive,Inactive,Inactive,Inactive,Inactive,Inactive,Inactive,Inactive,Inactive,Inactive,Inactive,Inactive,Inactive,Inactive,Inactive,Inactive,Inactive,Inactive,Inactive,Inactive,Inactive,Inactive,Inactive,Inactive,Inactive,Inactive,Chad Pennington,PennCh01
1,2,2000,2000-09-11,2,2,,NYJ,,NWE,W 20-19,Inactive,Inactive,Inactive,Inactive,Inactive,Inactive,Inactive,Inactive,Inactive,Inactive,Inactive,Inactive,Inactive,Inactive,Inactive,Inactive,Inactive,Inactive,Inactive,Inactive,Inactive,Inactive,Inactive,Inactive,Inactive,Inactive,Inactive,Inactive,Inactive,Inactive,Inactive,Inactive,Inactive,Inactive,Inactive,Inactive,Chad Pennington,PennCh01
2,3,2000,2000-09-17,3,3,,NYJ,,BUF,W 27-14,Inactive,Inactive,Inactive,Inactive,Inactive,Inactive,Inactive,Inactive,Inactive,Inactive,Inactive,Inactive,Inactive,Inactive,Inactive,Inactive,Inactive,Inactive,Inactive,Inactive,Inactive,Inactive,Inactive,Inactive,Inactive,Inactive,Inactive,Inactive,Inactive,Inactive,Inactive,Inactive,Inactive,Inactive,Inactive,Inactive,Chad Pennington,PennCh01
3,4,2000,2000-09-24,4,4,,NYJ,@,TAM,W 21-17,Inactive,Inactive,Inactive,Inactive,Inactive,Inactive,Inactive,Inactive,Inactive,Inactive,Inactive,Inactive,Inactive,Inactive,Inactive,Inactive,Inactive,Inactive,Inactive,Inactive,Inactive,Inactive,Inactive,Inactive,Inactive,Inactive,Inactive,Inactive,Inactive,Inactive,Inactive,Inactive,Inactive,Inactive,Inactive,Inactive,Chad Pennington,PennCh01
4,5,2000,2000-10-08,5,6,,NYJ,,PIT,L 3-20,Inactive,Inactive,Inactive,Inactive,Inactive,Inactive,Inactive,Inactive,Inactive,Inactive,Inactive,Inactive,Inactive,Inactive,Inactive,Inactive,Inactive,Inactive,Inactive,Inactive,Inactive,Inactive,Inactive,Inactive,Inactive,Inactive,Inactive,Inactive,Inactive,Inactive,Inactive,Inactive,Inactive,Inactive,Inactive,Inactive,Chad Pennington,PennCh01
5,6,2000,2000-10-15,6,7,,NYJ,@,NWE,W 34-17,Inactive,Inactive,Inactive,Inactive,Inactive,Inactive,Inactive,Inactive,Inactive,Inactive,Inactive,Inactive,Inactive,Inactive,Inactive,Inactive,Inactive,Inactive,Inactive,Inactive,Inactive,Inactive,Inactive,Inactive,Inactive,Inactive,Inactive,Inactive,Inactive,Inactive,Inactive,Inactive,Inactive,Inactive,Inactive,Inactive,Chad Pennington,PennCh01
6,7,2000,2000-10-23,7,8,,NYJ,,MIA,W 40-37,Inactive,Inactive,Inactive,Inactive,Inactive,Inactive,Inactive,Inactive,Inactive,Inactive,Inactive,Inactive,Inactive,Inactive,Inactive,Inactive,Inactive,Inactive,Inactive,Inactive,Inactive,Inactive,Inactive,Inactive,Inactive,Inactive,Inactive,Inactive,Inactive,Inactive,Inactive,Inactive,Inactive,Inactive,Inactive,Inactive,Chad Pennington,PennCh01
7,8,2000,2000-10-29,8,9,,NYJ,@,BUF,L 20-23,Inactive,Inactive,Inactive,Inactive,Inactive,Inactive,Inactive,Inactive,Inactive,Inactive,Inactive,Inactive,Inactive,Inactive,Inactive,Inactive,Inactive,Inactive,Inactive,Inactive,Inactive,Inactive,Inactive,Inactive,Inactive,Inactive,Inactive,Inactive,Inactive,Inactive,Inactive,Inactive,Inactive,Inactive,Inactive,Inactive,Chad Pennington,PennCh01
8,9,2000,2000-11-05,9,10,,NYJ,,DEN,L 23-30,Inactive,Inactive,Inactive,Inactive,Inactive,Inactive,Inactive,Inactive,Inactive,Inactive,Inactive,Inactive,Inactive,Inactive,Inactive,Inactive,Inactive,Inactive,Inactive,Inactive,Inactive,Inactive,Inactive,Inactive,Inactive,Inactive,Inactive,Inactive,Inactive,Inactive,Inactive,Inactive,Inactive,Inactive,Inactive,Inactive,Chad Pennington,PennCh01
9,10,2000,2000-11-12,10,11,,NYJ,@,IND,L 15-23,Inactive,Inactive,Inactive,Inactive,Inactive,Inactive,Inactive,Inactive,Inactive,Inactive,Inactive,Inactive,Inactive,Inactive,Inactive,Inactive,Inactive,Inactive,Inactive,Inactive,Inactive,Inactive,Inactive,Inactive,Inactive,Inactive,Inactive,Inactive,Inactive,Inactive,Inactive,Inactive,Inactive,Inactive,Inactive,Inactive,Chad Pennington,PennCh01
10,11,2000,2000-11-19,11,12,,NYJ,@,MIA,W 20-3,Inactive,Inactive,Inactive,Inactive,Inactive,Inactive,Inactive,Inactive,Inactive,Inactive,Inactive,Inactive,Inactive,Inactive,Inactive,Inactive,Inactive,Inactive,Inactive,Inactive,Inactive,Inactive,Inactive,Inactive,Inactive,Inactive,Inactive,Inactive,Inactive,Inactive,Inactive,Inactive,Inactive,Inactive,Inactive,Inactive,Chad Pennington,PennCh01
11,12,2000,2000-11-26,12,13,,NYJ,,CHI,W 17-10,Inactive,Inactive,Inactive,Inactive,Inactive,Inactive,Inactive,Inactive,Inactive,Inactive,Inactive,Inactive,Inactive,Inactive,Inactive,Inactive,Inactive,Inactive,Inactive,Inactive,Inactive,Inactive,Inactive,Inactive,Inactive,Inactive,Inactive,Inactive,Inactive,Inactive,Inactive,Inactive,Inactive,Inactive,Inactive,Inactive,Chad Pennington,PennCh01
12,13,2000,2000-12-03,13,14,,NYJ,,IND,W 27-17,Inactive,Inactive,Inactive,Inactive,Inactive,Inactive,Inactive,Inactive,Inactive,Inactive,Inactive,Inactive,Inactive,Inactive,Inactive,Inactive,Inactive,Inactive,Inactive,Inactive,Inactive,Inactive,Inactive,Inactive,Inactive,Inactive,Inactive,Inactive,Inactive,Inactive,Inactive,Inactive,Inactive,Inactive,Inactive,Inactive,Chad Pennington,PennCh01
13,14,2000,2000-12-10,14,15,24.167,NYJ,@,OAK,L 7-31,,2,5,40.00,67,1,0,127.1,1,4,13.40,17.40,1,0,0.00,0,0,0,0,,0,0.0%,,0,0,0,,0,0,0,0,0,0,,0,,Chad Pennington,PennCh01
14,15,2000,2000-12-17,15,16,,NYJ,,DET,L 7-10,Inactive,Inactive,Inactive,Inactive,Inactive,Inactive,Inactive,Inactive,Inactive,Inactive,Inactive,Inactive,Inactive,Inactive,Inactive,Inactive,Inactive,Inactive,Inactive,Inactive,Inactive,Inactive,Inactive,Inactive,Inactive,Inactive,Inactive,Inactive,Inactive,Inactive,Inactive,Inactive,Inactive,Inactive,Inactive,Inactive,Chad Pennington,PennCh01
15,16,2000,2000-12-24,16,17,,NYJ,@,BAL,L 20-34,Inactive,Inactive,Inactive,Inactive,Inactive,Inactive,Inactive,Inactive,Inactive,Inactive,Inactive,Inactive,Inactive,Inactive,Inactive,Inactive,Inactive,Inactive,Inactive,Inactive,Inactive,Inactive,Inactive,Inactive,Inactive,Inactive,Inactive,Inactive,Inactive,Inactive,Inactive,Inactive,Inactive,Inactive,Inactive,Inactive,Chad Pennington,PennCh01
16,Rk,Year,Date,G#,Week,Age,Tm,,Opp,Result,GS,Cmp,Att,Cmp%,Yds,TD,Int,Rate,Sk,Yds,Y/A,AY/A,Att,Yds,Y/A,TD,Tgt,Rec,Yds,Y/R,TD,Ctch%,Y/Tgt,TD,Pts,Fmb,FL,FF,FR,Yds,TD,Pnt,Yds,Y/P,Blck,Status,Chad Pennington,PennCh01
17,17,2001,2001-09-09,1,1,25.075,NYJ,,IND,L 24-45,,1,6,16.67,24,0,0,43.7,0,0,4.00,4.00,0,0,,0,0,0,0,,0,0.0%,,0,0,0,,0,0,0,0,0,0,,0,,Chad Pennington,PennCh01
18,18,2001,2001-09-23,2,2,,NYJ,@,NWE,W 10-3,Did Not Play,Did Not Play,Did Not Play,Did Not Play,Did Not Play,Did Not Play,Did Not Play,Did Not Play,Did Not Play,Did Not Play,Did Not Play,Did Not Play,Did Not Play,Did Not Play,Did Not Play,Did Not Play,Did Not Play,Did Not Play,Did Not Play,Did Not Play,Did Not Play,Did Not Play,Did Not Play,Did Not Play,Did Not Play,Did Not Play,Did Not Play,Did Not Play,Did Not Play,Did Not Play,Did Not Play,Did Not Play,Did Not Play,Did Not Play,Did Not Play,Did Not Play,Chad Pennington,PennCh01
19,19,2001,2001-10-01,3,3,,NYJ,,SFO,L 17-19,Did Not Play,Did Not Play,Did Not Play,Did Not Play,Did Not Play,Did Not Play,Did Not Play,Did Not Play,Did Not Play,Did Not Play,Did Not Play,Did Not Play,Did Not Play,Did Not Play,Did Not Play,Did Not Play,Did Not Play,Did Not Play,Did Not Play,Did Not Play,Did Not Play,Did Not Play,Did Not Play,Did Not Play,Did Not Play,Did Not Play,Did Not Play,Did Not Play,Did Not Play,Did Not Play,Did Not Play,Did Not Play,Did Not Play,Did Not Play,Did Not Play,Did Not Play,Chad Pennington,PennCh01
20,20,2001,2001-10-07,4,4,,NYJ,@,BUF,W 42-36,Did Not Play,Did Not Play,Did Not Play,Did Not Play,Did Not Play,Did Not Play,Did Not Play,Did Not Play,Did Not Play,Did Not Play,Did Not Play,Did Not Play,Did Not Play,Did Not Play,Did Not Play,Did Not Play,Did Not Play,Did Not Play,Did Not Play,Did Not Play,Did Not Play,Did Not Play,Did Not Play,Did Not Play,Did Not Play,Did Not Play,Did Not Play,Did Not Play,Did Not Play,Did Not Play,Did Not Play,Did Not Play,Did Not Play,Did Not Play,Did Not Play,Did Not Play,Chad Pennington,PennCh01
21,21,2001,2001-10-14,5,5,,NYJ,,MIA,W 21-17,Did Not Play,Did Not Play,Did Not Play,Did Not Play,Did Not Play,Did Not Play,Did Not Play,Did Not Play,Did Not Play,Did Not Play,Did Not Play,Did Not Play,Did Not Play,Did Not Play,Did Not Play,Did Not Play,Did Not Play,Did Not Play,Did Not Play,Did Not Play,Did Not Play,Did Not Play,Did Not Play,Did Not Play,Did Not Play,Did Not Play,Did Not Play,Did Not Play,Did Not Play,Did Not Play,Did Not Play,Did Not Play,Did Not Play,Did Not Play,Did Not Play,Did Not Play,Chad Pennington,PennCh01
22,22,2001,2001-10-21,6,6,25.117,NYJ,,STL,L 14-34,,9,14,64.29,68,1,0,99.7,1,8,4.86,6.29,1,11,11.00,0,0,0,0,,0,0.0%,,0,0,0,,0,0,0,0,0,0,,0,,Chad Pennington,PennCh01
23,23,2001,2001-10-28,7,7,,NYJ,@,CAR,W 13-12,Inactive,Inactive,Inactive,Inactive,Inactive,Inactive,Inactive,Inactive,Inactive,Inactive,Inactive,Inactive,Inactive,Inactive,Inactive,Inactive,Inactive,Inactive,Inactive,Inactive,Inactive,Inactive,Inactive,Inactive,Inactive,Inactive,Inactive,Inactive,Inactive,Inactive,Inactive,Inactive,Inactive,Inactive,Inactive,Inactive,Chad Pennington,PennCh01
24,24,2001,2001-11-04,8,8,,NYJ,@,NOR,W 16-9,Inactive,Inactive,Inactive,Inactive,Inactive,Inactive,Inactive,Inactive,Inactive,Inactive,Inactive,Inactive,Inactive,Inactive,Inactive,Inactive,Inactive,Inactive,Inactive,Inactive,Inactive,Inactive,Inactive,Inactive,Inactive,Inactive,Inactive,Inactive,Inactive,Inactive,Inactive,Inactive,Inactive,Inactive,Inactive,Inactive,Chad Pennington,PennCh01
25,25,2001,2001-11-11,9,9,,NYJ,,KAN,W 27-7,Inactive,Inactive,Inactive,Inactive,Inactive,Inactive,Inactive,Inactive,Inactive,Inactive,Inactive,Inactive,Inactive,Inactive,Inactive,Inactive,Inactive,Inactive,Inactive,Inactive,Inactive,Inactive,Inactive,Inactive,Inactive,Inactive,Inactive,Inactive,Inactive,Inactive,Inactive,Inactive,Inactive,Inactive,Inactive,Inactive,Chad Pennington,PennCh01
26,26,2001,2001-11-18,10,10,,NYJ,@,MIA,W 24-0,Inactive,Inactive,Inactive,Inactive,Inactive,Inactive,Inactive,Inactive,Inactive,Inactive,Inactive,Inactive,Inactive,Inactive,Inactive,Inactive,Inactive,Inactive,Inactive,Inactive,Inactive,Inactive,Inactive,Inactive,Inactive,Inactive,Inactive,Inactive,Inactive,Inactive,Inactive,Inactive,Inactive,Inactive,Inactive,Inactive,Chad Pennington,PennCh01
27,27,2001,2001-12-02,11,12,,NYJ,,NWE,L 16-17,Inactive,Inactive,Inactive,Inactive,Inactive,Inactive,Inactive,Inactive,Inactive,Inactive,Inactive,Inactive,Inactive,Inactive,Inactive,Inactive,Inactive,Inactive,Inactive,Inactive,Inactive,Inactive,Inactive,Inactive,Inactive,Inactive,Inactive,Inactive,Inactive,Inactive,Inactive,Inactive,Inactive,Inactive,Inactive,Inactive,Chad Pennington,PennCh01
28,28,2001,2001-12-09,12,13,,NYJ,@,PIT,L 7-18,Inactive,Inactive,Inactive,Inactive,Inactive,Inactive,Inactive,Inactive,Inactive,Inactive,Inactive,Inactive,Inactive,Inactive,Inactive,Inactive,Inactive,Inactive,Inactive,Inactive,Inactive,Inactive,Inactive,Inactive,Inactive,Inactive,Inactive,Inactive,Inactive,Inactive,Inactive,Inactive,Inactive,Inactive,Inactive,Inactive,Chad Pennington,PennCh01
29,29,2001,2001-12-16,13,14,,NYJ,,CIN,W 15-14,Inactive,Inactive,Inactive,Inactive,Inactive,Inactive,Inactive,Inactive,Inactive,Inactive,Inactive,Inactive,Inactive,Inactive,Inactive,Inactive,Inactive,Inactive,Inactive,Inactive,Inactive,Inactive,Inactive,Inactive,Inactive,Inactive,Inactive,Inactive,Inactive,Inactive,Inactive,Inactive,Inactive,Inactive,Inactive,Inactive,Chad Pennington,PennCh01
30,30,2001,2001-12-23,14,15,,NYJ,@,IND,W 29-28,Inactive,Inactive,Inactive,Inactive,Inactive,Inactive,Inactive,Inactive,Inactive,Inactive,Inactive,Inactive,Inactive,Inactive,Inactive,Inactive,Inactive,Inactive,Inactive,Inactive,Inactive,Inactive,Inactive,Inactive,Inactive,Inactive,Inactive,Inactive,Inactive,Inactive,Inactive,Inactive,Inactive,Inactive,Inactive,Inactive,Chad Pennington,PennCh01
31,31,2001,2001-12-30,15,16,,NYJ,,BUF,L 9-14,Inactive,Inactive,Inactive,Inactive,Inactive,Inactive,Inactive,Inactive,Inactive,Inactive,Inactive,Inactive,Inactive,Inactive,Inactive,Inactive,Inactive,Inactive,Inactive,Inactive,Inactive,Inactive,Inactive,Inactive,Inactive,Inactive,Inactive,Inactive,Inactive,Inactive,Inactive,Inactive,Inactive,Inactive,Inactive,Inactive,Chad Pennington,PennCh01
32,32,2001,2002-01-06,16,17,,NYJ,@,OAK,W 24-22,Inactive,Inactive,Inactive,Inactive,Inactive,Inactive,Inactive,Inactive,Inactive,Inactive,Inactive,Inactive,Inactive,Inactive,Inactive,Inactive,Inactive,Inactive,Inactive,Inactive,Inactive,Inactive,Inactive,Inactive,Inactive,Inactive,Inactive,Inactive,Inactive,Inactive,Inactive,Inactive,Inactive,Inactive,Inactive,Inactive,Chad Pennington,PennCh01
33,Rk,Year,Date,G#,Week,Age,Tm,,Opp,Result,GS,Cmp,Att,Cmp%,Yds,TD,Int,Rate,Sk,Yds,Y/A,AY/A,Att,Yds,Y/A,TD,Tgt,Rec,Yds,Y/R,TD,Ctch%,Y/Tgt,TD,Pts,Fmb,FL,FF,FR,Yds,TD,Pnt,Yds,Y/P,Blck,Status,Chad Pennington,PennCh01
34,33,2002,2002-09-08,1,1,,NYJ,@,BUF,W 37-31,Did Not Play,Did Not Play,Did Not Play,Did Not Play,Did Not Play,Did Not Play,Did Not Play,Did Not Play,Did Not Play,Did Not Play,Did Not Play,Did Not Play,Did Not Play,Did Not Play,Did Not Play,Did Not Play,Did Not Play,Did Not Play,Did Not Play,Did Not Play,Did Not Play,Did Not Play,Did Not Play,Did Not Play,Did Not Play,Did Not Play,Did Not Play,Did Not Play,Did Not Play,Did Not Play,Did Not Play,Did Not Play,Did Not Play,Did Not Play,Did Not Play,Did Not Play,Chad Pennington,PennCh01
35,34,2002,2002-09-15,2,2,26.081,NYJ,,NWE,L 7-44,,3,10,30.00,39,0,0,43.3,2,4,3.90,3.90,1,9,9.00,0,0,0,0,,0,0.0%,,0,0,0,,0,0,0,0,0,0,,0,,Chad Pennington,PennCh01
36,35,2002,2002-09-22,3,3,26.088,NYJ,@,MIA,L 3-30,,2,3,66.67,32,0,1,62.5,1,8,10.67,-4.33,0,0,,0,0,0,0,,0,0.0%,,0,0,0,,0,0,0,0,0,0,,0,,Chad Pennington,PennCh01
37,36,2002,2002-09-29,4,4,26.095,NYJ,@,JAX,L 3-28,,21,34,61.76,281,0,1,75.7,1,4,8.26,6.94,0,0,,0,0,0,0,,0,0.0%,,0,0,0,,0,0,0,0,0,0,,0,,Chad Pennington,PennCh01
38,37,2002,2002-10-06,5,5,26.102,NYJ,,KAN,L 25-29,*,22,29,75.86,237,2,1,108.0,3,25,8.17,8.00,3,3,1.00,0,0,0,0,,0,0.0%,,0,0,0,,0,0,0,0,0,0,,0,,Chad Pennington,PennCh01
39,38,2002,2002-10-20,6,7,26.116,NYJ,,MIN,W 20-7,*,24,29,82.76,324,1,0,124.7,2,8,11.17,11.86,0,0,,0,0,0,0,,0,0.0%,,0,0,0,,0,0,0,0,0,0,,0,,Chad Pennington,PennCh01
40,39,2002,2002-10-27,7,8,26.123,NYJ,,CLE,L 21-24,*,19,26,73.08,183,2,1,101.9,1,8,7.04,6.85,1,-1,-1.00,0,0,0,0,,0,0.0%,,0,0,1,1,0,0,0,0,0,0,,0,,Chad Pennington,PennCh01
41,40,2002,2002-11-03,8,9,26.130,NYJ,@,SDG,W 44-13,*,28,37,75.68,253,1,0,102.6,2,5,6.84,7.38,3,21,7.00,1,0,0,0,,0,0.0%,,1,6,0,,0,0,0,0,0,0,,0,,Chad Pennington,PennCh01
42,41,2002,2002-11-10,9,10,26.137,NYJ,,MIA,W 13-10,*,17,27,62.96,167,0,0,80.3,1,0,6.19,6.19,4,2,0.50,0,0,0,0,,0,0.0%,,0,0,0,,0,0,0,0,0,0,,0,,Chad Pennington,PennCh01
43,42,2002,2002-11-17,10,11,26.144,NYJ,@,DET,W 31-14,*,21,26,80.77,229,4,1,126.9,1,10,8.81,10.15,5,1,0.20,0,0,0,0,,0,0.0%,,0,0,0,,0,0,0,0,0,0,,0,,Chad Pennington,PennCh01
44,43,2002,2002-11-24,11,12,26.151,NYJ,,BUF,W 31-13,*,15,24,62.50,178,1,0,99.0,1,8,7.42,8.25,2,4,2.00,1,0,0,0,,0,0.0%,,1,6,0,,0,0,0,0,0,0,,0,,Chad Pennington,PennCh01
45,44,2002,2002-12-02,12,13,26.159,NYJ,@,OAK,L 20-26,*,22,34,64.71,265,2,1,95.8,2,19,7.79,7.65,1,3,3.00,0,0,0,0,,0,0.0%,,0,0,0,,0,0,0,0,0,0,,0,,Chad Pennington,PennCh01
46,45,2002,2002-12-08,13,14,26.165,NYJ,,DEN,W 19-13,*,19,30,63.33,244,1,0,99.9,3,27,8.13,8.80,3,4,1.33,0,0,0,0,,0,0.0%,,0,0,0,,0,0,0,0,0,0,,0,,Chad Pennington,PennCh01
47,46,2002,2002-12-15,14,15,26.172,NYJ,@,CHI,L 13-20,*,22,33,66.67,207,1,0,93.9,1,7,6.27,6.88,1,0,0.00,0,0,0,0,,0,0.0%,,0,0,1,0,0,1,0,0,0,0,,0,,Chad Pennington,PennCh01
48,47,2002,2002-12-22,15,16,26.179,NYJ,@,NWE,W 30-17,*,23,33,69.70,285,3,0,126.5,0,0,8.64,10.45,3,0,0.00,0,0,0,0,,0,0.0%,,0,0,0,,0,0,0,0,0,0,,0,,Chad Pennington,PennCh01
49,48,2002,2002-12-29,16,17,26.186,NYJ,,GNB,W 42-17,*,17,24,70.83,196,4,0,134.7,1,2,8.17,11.50,2,3,1.50,0,0,0,0,,0,0.0%,,0,0,0,,0,0,0,0,0,0,,0,,Chad Pennington,PennCh01
50,Rk,Year,Date,G#,Week,Age,Tm,,Opp,Result,GS,Cmp,Att,Cmp%,Yds,TD,Int,Rate,Sk,Yds,Y/A,AY/A,Att,Yds,Y/A,TD,Tgt,Rec,Yds,Y/R,TD,Ctch%,Y/Tgt,TD,Pts,Fmb,FL,FF,FR,Yds,TD,Pnt,Yds,Y/P,Blck,Status,Chad Pennington,PennCh01
51,49,2003,2003-09-04,1,1,,NYJ,@,WAS,L 13-16,Inactive,Inactive,Inactive,Inactive,Inactive,Inactive,Inactive,Inactive,Inactive,Inactive,Inactive,Inactive,Inactive,Inactive,Inactive,Inactive,Inactive,Inactive,Inactive,Inactive,Inactive,Inactive,Inactive,Inactive,Inactive,Inactive,Inactive,Inactive,Inactive,Inactive,Inactive,Inactive,Inactive,Inactive,Inactive,Inactive,Chad Pennington,PennCh01
52,50,2003,2003-09-14,2,2,,NYJ,,MIA,L 10-21,Inactive,Inactive,Inactive,Inactive,Inactive,Inactive,Inactive,Inactive,Inactive,Inactive,Inactive,Inactive,Inactive,Inactive,Inactive,Inactive,Inactive,Inactive,Inactive,Inactive,Inactive,Inactive,Inactive,Inactive,Inactive,Inactive,Inactive,Inactive,Inactive,Inactive,Inactive,Inactive,Inactive,Inactive,Inactive,Inactive,Chad Pennington,PennCh01
53,51,2003,2003-09-21,3,3,,NYJ,@,NWE,L 16-23,Inactive,Inactive,Inactive,Inactive,Inactive,Inactive,Inactive,Inactive,Inactive,Inactive,Inactive,Inactive,Inactive,Inactive,Inactive,Inactive,Inactive,Inactive,Inactive,Inactive,Inactive,Inactive,Inactive,Inactive,Inactive,Inactive,Inactive,Inactive,Inactive,Inactive,Inactive,Inactive,Inactive,Inactive,Inactive,Inactive,Chad Pennington,PennCh01
54,52,2003,2003-09-28,4,4,,NYJ,,DAL,L 6-17,Inactive,Inactive,Inactive,Inactive,Inactive,Inactive,Inactive,Inactive,Inactive,Inactive,Inactive,Inactive,Inactive,Inactive,Inactive,Inactive,Inactive,Inactive,Inactive,Inactive,Inactive,Inactive,Inactive,Inactive,Inactive,Inactive,Inactive,Inactive,Inactive,Inactive,Inactive,Inactive,Inactive,Inactive,Inactive,Inactive,Chad Pennington,PennCh01
55,53,2003,2003-10-12,5,6,,NYJ,,BUF,W 30-3,Inactive,Inactive,Inactive,Inactive,Inactive,Inactive,Inactive,Inactive,Inactive,Inactive,Inactive,Inactive,Inactive,Inactive,Inactive,Inactive,Inactive,Inactive,Inactive,Inactive,Inactive,Inactive,Inactive,Inactive,Inactive,Inactive,Inactive,Inactive,Inactive,Inactive,Inactive,Inactive,Inactive,Inactive,Inactive,Inactive,Chad Pennington,PennCh01
56,54,2003,2003-10-19,6,7,,NYJ,@,HOU,W 19-14,Inactive,Inactive,Inactive,Inactive,Inactive,Inactive,Inactive,Inactive,Inactive,Inactive,Inactive,Inactive,Inactive,Inactive,Inactive,Inactive,Inactive,Inactive,Inactive,Inactive,Inactive,Inactive,Inactive,Inactive,Inactive,Inactive,Inactive,Inactive,Inactive,Inactive,Inactive,Inactive,Inactive,Inactive,Inactive,Inactive,Chad Pennington,PennCh01
57,55,2003,2003-10-26,7,8,27.122,NYJ,@,PHI,L 17-24,,14,24,58.33,154,0,1,60.1,2,14,6.42,4.54,0,0,,0,0,0,0,,0,0.0%,,0,0,0,,0,0,0,0,0,0,,0,,Chad Pennington,PennCh01
58,56,2003,2003-11-02,8,9,27.129,NYJ,,NYG,L 28-31,*,27,45,60.00,281,4,2,89.2,3,21,6.24,6.02,2,1,0.50,0,0,0,0,,0,0.0%,,0,0,2,1,0,0,0,0,0,0,,0,,Chad Pennington,PennCh01
59,57,2003,2003-11-09,9,10,27.136,NYJ,@,OAK,W 27-24,*,18,27,66.67,269,2,0,123.8,0,0,9.96,11.44,3,0,0.00,0,0,0,0,,0,0.0%,,0,0,1,0,0,3,-1,0,0,0,,0,,Chad Pennington,PennCh01
60,58,2003,2003-11-16,10,11,27.143,NYJ,@,IND,L 31-38,*,11,14,78.57,219,3,0,158.3,3,27,15.64,19.93,2,2,1.00,0,0,0,0,,0,0.0%,,0,0,0,,0,0,0,0,0,0,,0,,Chad Pennington,PennCh01
61,59,2003,2003-11-23,11,12,27.150,NYJ,,JAX,W 13-10,*,25,39,64.10,236,1,1,78.6,2,15,6.05,5.41,0,0,,0,0,0,0,,0,0.0%,,0,0,0,,0,0,0,0,0,0,,0,,Chad Pennington,PennCh01
62,60,2003,2003-12-01,12,13,27.158,NYJ,,TEN,W 24-17,*,18,23,78.26,231,2,2,101.3,2,8,10.04,7.87,4,16,4.00,0,0,0,0,,0,0.0%,,0,0,0,,0,0,0,0,0,0,,0,,Chad Pennington,PennCh01
63,61,2003,2003-12-07,13,14,27.164,NYJ,@,BUF,L 6-17,*,15,29,51.72,155,0,1,53.1,5,28,5.34,3.79,1,4,4.00,0,0,0,0,,0,0.0%,,0,0,1,0,0,1,0,0,0,0,,0,,Chad Pennington,PennCh01
64,62,2003,2003-12-14,14,15,27.171,NYJ,,PIT,W 6-0,*,15,25,60.00,144,0,0,76.1,0,0,5.76,5.76,5,-1,-0.20,0,0,0,0,,0,0.0%,,0,0,2,1,0,1,-16,0,0,0,,0,,Chad Pennington,PennCh01
65,63,2003,2003-12-20,15,16,27.177,NYJ,,NWE,L 16-21,*,24,43,55.81,229,0,5,31.2,4,17,5.33,0.09,4,20,5.00,2,0,0,0,,0,0.0%,,2,12,2,0,0,1,0,0,0,0,,0,,Chad Pennington,PennCh01
66,64,2003,2003-12-28,16,17,27.185,NYJ,@,MIA,L 21-23,*,22,28,78.57,221,1,0,111.5,4,30,7.89,8.61,0,0,,0,0,0,0,,0,0.0%,,0,0,0,,0,0,0,0,0,0,,0,,Chad Pennington,PennCh01
67,Rk,Year,Date,G#,Week,Age,Tm,,Opp,Result,GS,Cmp,Att,Cmp%,Yds,TD,Int,Rate,Sk,Yds,Y/A,AY/A,Att,Yds,Y/A,TD,Tgt,Rec,Yds,Y/R,TD,Ctch%,Y/Tgt,TD,Pts,Fmb,FL,FF,FR,Yds,TD,Pnt,Yds,Y/P,Blck,Status,Chad Pennington,PennCh01
68,65,2004,2004-09-12,1,1,28.078,NYJ,,CIN,W 31-24,*,20,27,74.07,224,2,0,123.1,1,5,8.30,9.78,2,-2,-1.00,0,0,0,0,,0,0.0%,,0,0,1,0,0,1,0,0,0,0,,0,,Chad Pennington,PennCh01
69,66,2004,2004-09-19,2,2,28.085,NYJ,@,SDG,W 34-28,*,22,29,75.86,258,2,0,125.4,0,0,8.90,10.28,2,1,0.50,0,0,0,0,,0,0.0%,,0,0,0,,0,0,0,0,0,0,,0,,Chad Pennington,PennCh01
70,67,2004,2004-10-03,3,4,28.099,NYJ,@,MIA,W 17-9,*,14,24,58.33,143,0,1,58.2,3,18,5.96,4.08,6,3,0.50,0,0,0,0,,0,0.0%,,0,0,1,0,0,0,-3,0,0,0,,0,,Chad Pennington,PennCh01
71,68,2004,2004-10-10,4,5,28.106,NYJ,,BUF,W 16-14,*,31,42,73.81,304,1,1,91.8,2,6,7.24,6.64,0,0,,0,0,0,0,,0,0.0%,,0,0,1,0,0,0,0,0,0,0,,0,,Chad Pennington,PennCh01
72,69,2004,2004-10-17,5,6,28.113,NYJ,,SFO,W 22-14,*,20,30,66.67,222,0,0,88.5,0,0,7.40,7.40,4,18,4.50,0,0,0,0,,0,0.0%,,0,0,0,,0,0,0,0,0,0,,0,,Chad Pennington,PennCh01
73,70,2004,2004-10-24,6,7,28.120,NYJ,@,NWE,L 7-13,*,19,30,63.33,162,0,0,77.4,0,0,5.40,5.40,3,15,5.00,1,0,0,0,,0,0.0%,,1,6,0,,0,0,0,0,0,0,,0,,Chad Pennington,PennCh01
74,71,2004,2004-11-01,7,8,28.128,NYJ,,MIA,W 41-14,*,11,19,57.89,189,3,0,131.4,1,0,9.95,13.11,2,22,11.00,0,0,0,0,,0,0.0%,,0,0,0,,0,0,0,0,0,0,,0,,Chad Pennington,PennCh01
75,72,2004,2004-11-07,8,9,28.134,NYJ,@,BUF,L 17-22,*,7,15,46.67,141,1,1,74.6,1,13,9.40,7.73,2,14,7.00,0,0,0,0,,0,0.0%,,0,0,1,1,0,0,0,0,0,0,,0,,Chad Pennington,PennCh01
76,73,2004,2004-11-14,9,10,,NYJ,,BAL,L 17-20,Inactive,Inactive,Inactive,Inactive,Inactive,Inactive,Inactive,Inactive,Inactive,Inactive,Inactive,Inactive,Inactive,Inactive,Inactive,Inactive,Inactive,Inactive,Inactive,Inactive,Inactive,Inactive,Inactive,Inactive,Inactive,Inactive,Inactive,Inactive,Inactive,Inactive,Inactive,Inactive,Inactive,Inactive,Inactive,Inactive,Chad Pennington,PennCh01
77,74,2004,2004-11-21,10,11,,NYJ,@,CLE,W 10-7,Inactive,Inactive,Inactive,Inactive,Inactive,Inactive,Inactive,Inactive,Inactive,Inactive,Inactive,Inactive,Inactive,Inactive,Inactive,Inactive,Inactive,Inactive,Inactive,Inactive,Inactive,Inactive,Inactive,Inactive,Inactive,Inactive,Inactive,Inactive,Inactive,Inactive,Inactive,Inactive,Inactive,Inactive,Inactive,Inactive,Chad Pennington,PennCh01
78,75,2004,2004-11-28,11,12,,NYJ,@,ARI,W 13-3,Inactive,Inactive,Inactive,Inactive,Inactive,Inactive,Inactive,Inactive,Inactive,Inactive,Inactive,Inactive,Inactive,Inactive,Inactive,Inactive,Inactive,Inactive,Inactive,Inactive,Inactive,Inactive,Inactive,Inactive,Inactive,Inactive,Inactive,Inactive,Inactive,Inactive,Inactive,Inactive,Inactive,Inactive,Inactive,Inactive,Chad Pennington,PennCh01
79,76,2004,2004-12-05,12,13,28.162,NYJ,,HOU,W 29-7,*,20,27,74.07,155,2,1,97.0,1,5,5.74,5.56,2,16,8.00,0,0,0,0,,0,0.0%,,0,0,0,,0,0,0,0,0,0,,0,,Chad Pennington,PennCh01
80,77,2004,2004-12-12,13,14,28.169,NYJ,@,PIT,L 6-17,*,17,31,54.84,189,0,3,33.6,0,0,6.10,1.74,4,16,4.00,0,0,0,0,,0,0.0%,,0,0,0,,0,0,0,0,0,0,,0,,Chad Pennington,PennCh01
81,78,2004,2004-12-19,14,15,28.176,NYJ,,SEA,W 37-14,*,18,24,75.00,253,3,0,148.1,0,0,10.54,13.04,1,-1,-1.00,0,0,0,0,,0,0.0%,,0,0,0,,0,0,0,0,0,0,,0,,Chad Pennington,PennCh01
82,79,2004,2004-12-26,15,16,28.183,NYJ,,NWE,L 7-23,*,22,36,61.11,252,1,2,68.3,3,19,7.00,5.06,3,7,2.33,0,0,0,0,,0,0.0%,,0,0,1,1,0,0,0,0,0,0,,0,,Chad Pennington,PennCh01
83,80,2004,2005-01-02,16,17,28.190,NYJ,@,STL,L 29-32,*,21,36,58.33,181,1,0,80.9,6,37,5.03,5.58,3,17,5.67,0,0,0,0,,0,0.0%,,0,0,0,,0,0,0,0,0,0,,0,,Chad Pennington,PennCh01
84,Rk,Year,Date,G#,Week,Age,Tm,,Opp,Result,GS,Cmp,Att,Cmp%,Yds,TD,Int,Rate,Sk,Yds,Y/A,AY/A,Att,Yds,Y/A,TD,Tgt,Rec,Yds,Y/R,TD,Ctch%,Y/Tgt,TD,Pts,Fmb,FL,FF,FR,Yds,TD,Pnt,Yds,Y/P,Blck,Status,Chad Pennington,PennCh01
85,81,2005,2005-09-11,1,1,29.077,NYJ,@,KAN,L 7-27,*,21,34,61.76,264,0,1,73.7,3,19,7.76,6.44,2,0,0.00,0,0,0,0,,0,0.0%,,0,0,6,2,0,3,-22,0,0,0,,0,,Chad Pennington,PennCh01
86,82,2005,2005-09-18,2,2,29.084,NYJ,,MIA,W 17-7,*,19,30,63.33,190,2,0,103.5,2,17,6.33,7.67,1,12,12.00,0,0,0,0,,0,0.0%,,0,0,0,,0,0,0,0,0,0,,0,,Chad Pennington,PennCh01
87,83,2005,2005-09-25,3,3,29.091,NYJ,,JAX,L 20-26,*,9,19,47.37,76,0,2,18.6,4,16,4.00,-0.74,3,15,5.00,0,0,0,0,,0,0.0%,,0,0,2,0,0,1,0,0,0,0,,0,,Chad Pennington,PennCh01
88,84,2005,2005-10-02,4,4,,NYJ,@,BAL,L 3-13,Inactive,Inactive,Inactive,Inactive,Inactive,Inactive,Inactive,Inactive,Inactive,Inactive,Inactive,Inactive,Inactive,Inactive,Inactive,Inactive,Inactive,Inactive,Inactive,Inactive,Inactive,Inactive,Inactive,Inactive,Inactive,Inactive,Inactive,Inactive,Inactive,Inactive,Inactive,Inactive,Inactive,Inactive,Inactive,Inactive,Chad Pennington,PennCh01
89,85,2005,2005-10-09,5,5,,NYJ,,TAM,W 14-12,Inactive,Inactive,Inactive,Inactive,Inactive,Inactive,Inactive,Inactive,Inactive,Inactive,Inactive,Inactive,Inactive,Inactive,Inactive,Inactive,Inactive,Inactive,Inactive,Inactive,Inactive,Inactive,Inactive,Inactive,Inactive,Inactive,Inactive,Inactive,Inactive,Inactive,Inactive,Inactive,Inactive,Inactive,Inactive,Inactive,Chad Pennington,PennCh01
90,86,2005,2005-10-16,6,6,,NYJ,@,BUF,L 17-27,Inactive,Inactive,Inactive,Inactive,Inactive,Inactive,Inactive,Inactive,Inactive,Inactive,Inactive,Inactive,Inactive,Inactive,Inactive,Inactive,Inactive,Inactive,Inactive,Inactive,Inactive,Inactive,Inactive,Inactive,Inactive,Inactive,Inactive,Inactive,Inactive,Inactive,Inactive,Inactive,Inactive,Inactive,Inactive,Inactive,Chad Pennington,PennCh01
91,87,2005,2005-10-24,7,7,,NYJ,@,ATL,L 14-27,Inactive,Inactive,Inactive,Inactive,Inactive,Inactive,Inactive,Inactive,Inactive,Inactive,Inactive,Inactive,Inactive,Inactive,Inactive,Inactive,Inactive,Inactive,Inactive,Inactive,Inactive,Inactive,Inactive,Inactive,Inactive,Inactive,Inactive,Inactive,Inactive,Inactive,Inactive,Inactive,Inactive,Inactive,Inactive,Inactive,Chad Pennington,PennCh01
92,88,2005,2005-11-06,8,9,,NYJ,,SDG,L 26-31,Injured Reserve,Injured Reserve,Injured Reserve,Injured Reserve,Injured Reserve,Injured Reserve,Injured Reserve,Injured Reserve,Injured Reserve,Injured Reserve,Injured Reserve,Injured Reserve,Injured Reserve,Injured Reserve,Injured Reserve,Injured Reserve,Injured Reserve,Injured Reserve,Injured Reserve,Injured Reserve,Injured Reserve,Injured Reserve,Injured Reserve,Injured Reserve,Injured Reserve,Injured Reserve,Injured Reserve,Injured Reserve,Injured Reserve,Injured Reserve,Injured Reserve,Injured Reserve,Injured Reserve,Injured Reserve,Injured Reserve,Injured Reserve,Chad Pennington,PennCh01
93,89,2005,2005-11-13,9,10,,NYJ,@,CAR,L 3-30,Injured Reserve,Injured Reserve,Injured Reserve,Injured Reserve,Injured Reserve,Injured Reserve,Injured Reserve,Injured Reserve,Injured Reserve,Injured Reserve,Injured Reserve,Injured Reserve,Injured Reserve,Injured Reserve,Injured Reserve,Injured Reserve,Injured Reserve,Injured Reserve,Injured Reserve,Injured Reserve,Injured Reserve,Injured Reserve,Injured Reserve,Injured Reserve,Injured Reserve,Injured Reserve,Injured Reserve,Injured Reserve,Injured Reserve,Injured Reserve,Injured Reserve,Injured Reserve,Injured Reserve,Injured Reserve,Injured Reserve,Injured Reserve,Chad Pennington,PennCh01
94,90,2005,2005-11-20,10,11,,NYJ,@,DEN,L 0-27,Injured Reserve,Injured Reserve,Injured Reserve,Injured Reserve,Injured Reserve,Injured Reserve,Injured Reserve,Injured Reserve,Injured Reserve,Injured Reserve,Injured Reserve,Injured Reserve,Injured Reserve,Injured Reserve,Injured Reserve,Injured Reserve,Injured Reserve,Injured Reserve,Injured Reserve,Injured Reserve,Injured Reserve,Injured Reserve,Injured Reserve,Injured Reserve,Injured Reserve,Injured Reserve,Injured Reserve,Injured Reserve,Injured Reserve,Injured Reserve,Injured Reserve,Injured Reserve,Injured Reserve,Injured Reserve,Injured Reserve,Injured Reserve,Chad Pennington,PennCh01
95,91,2005,2005-11-27,11,12,,NYJ,,NOR,L 19-21,Injured Reserve,Injured Reserve,Injured Reserve,Injured Reserve,Injured Reserve,Injured Reserve,Injured Reserve,Injured Reserve,Injured Reserve,Injured Reserve,Injured Reserve,Injured Reserve,Injured Reserve,Injured Reserve,Injured Reserve,Injured Reserve,Injured Reserve,Injured Reserve,Injured Reserve,Injured Reserve,Injured Reserve,Injured Reserve,Injured Reserve,Injured Reserve,Injured Reserve,Injured Reserve,Injured Reserve,Injured Reserve,Injured Reserve,Injured Reserve,Injured Reserve,Injured Reserve,Injured Reserve,Injured Reserve,Injured Reserve,Injured Reserve,Chad Pennington,PennCh01
96,92,2005,2005-12-04,12,13,,NYJ,@,NWE,L 3-16,Injured Reserve,Injured Reserve,Injured Reserve,Injured Reserve,Injured Reserve,Injured Reserve,Injured Reserve,Injured Reserve,Injured Reserve,Injured Reserve,Injured Reserve,Injured Reserve,Injured Reserve,Injured Reserve,Injured Reserve,Injured Reserve,Injured Reserve,Injured Reserve,Injured Reserve,Injured Reserve,Injured Reserve,Injured Reserve,Injured Reserve,Injured Reserve,Injured Reserve,Injured Reserve,Injured Reserve,Injured Reserve,Injured Reserve,Injured Reserve,Injured Reserve,Injured Reserve,Injured Reserve,Injured Reserve,Injured Reserve,Injured Reserve,Chad Pennington,PennCh01
97,93,2005,2005-12-11,13,14,,NYJ,,OAK,W 26-10,Injured Reserve,Injured Reserve,Injured Reserve,Injured Reserve,Injured Reserve,Injured Reserve,Injured Reserve,Injured Reserve,Injured Reserve,Injured Reserve,Injured Reserve,Injured Reserve,Injured Reserve,Injured Reserve,Injured Reserve,Injured Reserve,Injured Reserve,Injured Reserve,Injured Reserve,Injured Reserve,Injured Reserve,Injured Reserve,Injured Reserve,Injured Reserve,Injured Reserve,Injured Reserve,Injured Reserve,Injured Reserve,Injured Reserve,Injured Reserve,Injured Reserve,Injured Reserve,Injured Reserve,Injured Reserve,Injured Reserve,Injured Reserve,Chad Pennington,PennCh01
98,94,2005,2005-12-18,14,15,,NYJ,@,MIA,L 20-24,Injured Reserve,Injured Reserve,Injured Reserve,Injured Reserve,Injured Reserve,Injured Reserve,Injured Reserve,Injured Reserve,Injured Reserve,Injured Reserve,Injured Reserve,Injured Reserve,Injured Reserve,Injured Reserve,Injured Reserve,Injured Reserve,Injured Reserve,Injured Reserve,Injured Reserve,Injured Reserve,Injured Reserve,Injured Reserve,Injured Reserve,Injured Reserve,Injured Reserve,Injured Reserve,Injured Reserve,Injured Reserve,Injured Reserve,Injured Reserve,Injured Reserve,Injured Reserve,Injured Reserve,Injured Reserve,Injured Reserve,Injured Reserve,Chad Pennington,PennCh01
99,95,2005,2005-12-26,15,16,,NYJ,,NWE,L 21-31,Injured Reserve,Injured Reserve,Injured Reserve,Injured Reserve,Injured Reserve,Injured Reserve,Injured Reserve,Injured Reserve,Injured Reserve,Injured Reserve,Injured Reserve,Injured Reserve,Injured Reserve,Injured Reserve,Injured Reserve,Injured Reserve,Injured Reserve,Injured Reserve,Injured Reserve,Injured Reserve,Injured Reserve,Injured Reserve,Injured Reserve,Injured Reserve,Injured Reserve,Injured Reserve,Injured Reserve,Injured Reserve,Injured Reserve,Injured Reserve,Injured Reserve,Injured Reserve,Injured Reserve,Injured Reserve,Injured Reserve,Injured Reserve,Chad Pennington,PennCh01
100,96,2005,2006-01-01,16,17,,NYJ,,BUF,W 30-26,Injured Reserve,Injured Reserve,Injured Reserve,Injured Reserve,Injured Reserve,Injured Reserve,Injured Reserve,Injured Reserve,Injured Reserve,Injured Reserve,Injured Reserve,Injured Reserve,Injured Reserve,Injured Reserve,Injured Reserve,Injured Reserve,Injured Reserve,Injured Reserve,Injured Reserve,Injured Reserve,Injured Reserve,Injured Reserve,Injured Reserve,Injured Reserve,Injured Reserve,Injured Reserve,Injured Reserve,Injured Reserve,Injured Reserve,Injured Reserve,Injured Reserve,Injured Reserve,Injured Reserve,Injured Reserve,Injured Reserve,Injured Reserve,Chad Pennington,PennCh01
101,Rk,Year,Date,G#,Week,Age,Tm,,Opp,Result,GS,Cmp,Att,Cmp%,Yds,TD,Int,Rate,Sk,Yds,Y/A,AY/A,Att,Yds,Y/A,TD,Tgt,Rec,Yds,Y/R,TD,Ctch%,Y/Tgt,TD,Pts,Fmb,FL,FF,FR,Yds,TD,Pnt,Yds,Y/P,Blck,Status,Chad Pennington,PennCh01
102,97,2006,2006-09-10,1,1,30.076,NYJ,@,TEN,W 23-16,*,24,33,72.73,319,2,0,123.2,2,17,9.67,10.88,2,7,3.50,0,0,0,0,,0,0.0%,,0,0,1,1,0,0,0,0,0,0,,0,,Chad Pennington,PennCh01
103,98,2006,2006-09-17,2,2,30.083,NYJ,,NWE,L 17-24,*,22,37,59.46,306,2,1,92.8,4,20,8.27,8.14,2,2,1.00,0,0,0,0,,0,0.0%,,0,0,0,,0,0,0,0,0,0,,0,,Chad Pennington,PennCh01
104,99,2006,2006-09-24,3,3,30.090,NYJ,@,BUF,W 28-20,*,19,29,65.52,183,1,0,94.5,1,1,6.31,7.00,3,8,2.67,0,0,0,0,,0,0.0%,,0,0,0,,0,0,0,0,0,0,,0,,Chad Pennington,PennCh01
105,100,2006,2006-10-01,4,4,30.097,NYJ,,IND,L 28-31,*,17,23,73.91,207,1,1,97.6,3,21,9.00,7.91,1,5,5.00,0,0,0,7,,0,0.0%,,0,0,1,1,0,0,0,0,0,0,,0,,Chad Pennington,PennCh01
106,101,2006,2006-10-08,5,5,30.104,NYJ,@,JAX,L 0-41,*,10,17,58.82,71,0,3,28.9,4,20,4.18,-3.76,2,17,8.50,0,0,0,0,,0,0.0%,,0,0,0,,0,0,0,0,0,0,,0,,Chad Pennington,PennCh01
107,102,2006,2006-10-15,6,6,30.111,NYJ,,MIA,W 20-17,*,17,29,58.62,175,2,0,99.1,2,6,6.03,7.41,1,-1,-1.00,0,0,0,0,,0,0.0%,,0,0,0,,0,0,0,0,0,0,,0,,Chad Pennington,PennCh01
108,103,2006,2006-10-22,7,7,30.118,NYJ,,DET,W 31-24,*,16,22,72.73,189,1,1,94.7,2,12,8.59,7.45,5,2,0.40,0,0,0,0,,0,0.0%,,0,0,1,0,0,1,0,0,0,0,,0,,Chad Pennington,PennCh01
109,104,2006,2006-10-29,8,8,30.125,NYJ,@,CLE,L 13-20,*,11,28,39.29,108,0,2,21.1,1,3,3.86,0.64,3,9,3.00,0,0,0,0,,0,0.0%,,0,0,0,,0,0,0,0,0,0,,0,,Chad Pennington,PennCh01
110,105,2006,2006-11-12,9,10,30.139,NYJ,@,NWE,W 17-14,*,22,33,66.67,168,1,1,76.3,1,7,5.09,4.33,2,4,2.00,0,0,0,0,,0,0.0%,,0,0,0,,0,0,0,0,1,29,29.00,0,,Chad Pennington,PennCh01
111,106,2006,2006-11-19,10,11,30.146,NYJ,,CHI,L 0-10,*,19,35,54.29,162,0,2,42.8,2,6,4.63,2.06,0,0,,0,0,0,0,,0,0.0%,,0,0,0,,0,0,0,0,0,0,,0,,Chad Pennington,PennCh01
112,107,2006,2006-11-26,11,12,30.153,NYJ,,HOU,W 26-11,*,24,31,77.42,286,1,0,115.8,1,9,9.23,9.87,1,2,2.00,0,0,0,0,,0,0.0%,,0,0,0,,0,0,0,0,0,0,,0,,Chad Pennington,PennCh01
113,108,2006,2006-12-03,12,13,30.160,NYJ,@,GNB,W 38-10,*,25,35,71.43,263,2,2,88.2,0,0,7.51,6.09,0,0,,0,0,0,0,,0,0.0%,,0,0,0,,0,0,0,0,0,0,,0,,Chad Pennington,PennCh01
114,109,2006,2006-12-10,13,14,30.167,NYJ,,BUF,L 13-31,*,22,35,62.86,182,1,2,61.8,3,18,5.20,3.20,3,17,5.67,0,0,0,0,,0,0.0%,,0,0,2,1,0,0,0,0,0,0,,0,,Chad Pennington,PennCh01
115,110,2006,2006-12-17,14,15,30.174,NYJ,@,MIN,W 26-13,*,29,39,74.36,339,1,1,98.1,2,16,8.69,8.05,3,11,3.67,0,0,0,0,,0,0.0%,,0,0,1,1,0,0,0,0,0,0,,0,,Chad Pennington,PennCh01
116,111,2006,2006-12-25,15,16,30.182,NYJ,@,MIA,W 13-10,*,14,29,48.28,237,1,0,87.9,1,8,8.17,8.86,4,26,6.50,0,0,0,0,,0,0.0%,,0,0,1,0,0,0,-3,0,0,0,,0,,Chad Pennington,PennCh01
117,112,2006,2006-12-31,16,17,30.188,NYJ,,OAK,W 23-3,*,22,30,73.33,157,1,0,96.1,1,8,5.23,5.90,3,0,0.00,0,0,0,0,,0,0.0%,,0,0,0,,0,0,0,0,0,0,,0,,Chad Pennington,PennCh01
118,Rk,Year,Date,G#,Week,Age,Tm,,Opp,Result,GS,Cmp,Att,Cmp%,Yds,TD,Int,Rate,Sk,Yds,Y/A,AY/A,Att,Yds,Y/A,TD,Tgt,Rec,Yds,Y/R,TD,Ctch%,Y/Tgt,TD,Pts,Fmb,FL,FF,FR,Yds,TD,Pnt,Yds,Y/P,Blck,Status,Chad Pennington,PennCh01
119,113,2007,2007-09-09,1,1,31.075,NYJ,,NWE,L 14-38,*,16,21,76.19,167,2,0,130.5,4,30,7.95,9.86,1,3,3.00,0,0,0,0,,0,0.0%,,0,0,0,,0,0,0,0,0,0,,0,,Chad Pennington,PennCh01
120,114,2007,2007-09-16,2,2,,NYJ,@,BAL,L 13-20,Did Not Play,Did Not Play,Did Not Play,Did Not Play,Did Not Play,Did Not Play,Did Not Play,Did Not Play,Did Not Play,Did Not Play,Did Not Play,Did Not Play,Did Not Play,Did Not Play,Did Not Play,Did Not Play,Did Not Play,Did Not Play,Did Not Play,Did Not Play,Did Not Play,Did Not Play,Did Not Play,Did Not Play,Did Not Play,Did Not Play,Did Not Play,Did Not Play,Did Not Play,Did Not Play,Did Not Play,Did Not Play,Did Not Play,Did Not Play,Did Not Play,Did Not Play,Chad Pennington,PennCh01
121,115,2007,2007-09-23,3,3,31.089,NYJ,,MIA,W 31-28,*,15,22,68.18,124,2,0,112.7,1,9,5.64,7.45,4,-1,-0.25,1,0,0,0,,0,0.0%,,1,6,0,,0,0,0,0,0,0,,0,,Chad Pennington,PennCh01
122,116,2007,2007-09-30,4,4,31.096,NYJ,@,BUF,L 14-17,*,32,39,82.05,291,1,2,84.9,1,4,7.46,5.67,1,1,1.00,0,0,0,0,,0,0.0%,,0,0,0,,0,0,0,0,0,0,,0,,Chad Pennington,PennCh01
123,117,2007,2007-10-07,5,5,31.103,NYJ,@,NYG,L 24-35,*,21,36,58.33,229,1,3,51.7,1,7,6.36,3.17,2,6,3.00,0,0,0,0,,0,0.0%,,0,0,0,,0,0,0,0,0,0,,0,,Chad Pennington,PennCh01
124,118,2007,2007-10-14,6,6,31.110,NYJ,,PHI,L 9-16,*,11,21,52.38,128,0,1,51.3,3,19,6.10,3.95,4,2,0.50,0,0,0,0,,0,0.0%,,0,0,0,,0,0,0,0,0,0,,0,,Chad Pennington,PennCh01
125,119,2007,2007-10-21,7,7,31.117,NYJ,@,CIN,L 31-38,*,20,31,64.52,272,3,1,111.2,2,14,8.77,9.26,3,7,2.33,0,0,0,0,,0,0.0%,,0,0,0,0,0,0,0,0,0,0,,0,,Chad Pennington,PennCh01
126,120,2007,2007-10-28,8,8,31.124,NYJ,,BUF,L 3-13,*,13,20,65.00,106,0,0,78.3,3,19,5.30,5.30,2,5,2.50,0,0,0,0,,0,0.0%,,0,0,2,0,0,0,-3,0,0,0,,0,,Chad Pennington,PennCh01
127,121,2007,2007-11-04,9,9,,NYJ,,WAS,L 20-23,Did Not Play,Did Not Play,Did Not Play,Did Not Play,Did Not Play,Did Not Play,Did Not Play,Did Not Play,Did Not Play,Did Not Play,Did Not Play,Did Not Play,Did Not Play,Did Not Play,Did Not Play,Did Not Play,Did Not Play,Did Not Play,Did Not Play,Did Not Play,Did Not Play,Did Not Play,Did Not Play,Did Not Play,Did Not Play,Did Not Play,Did Not Play,Did Not Play,Did Not Play,Did Not Play,Did Not Play,Did Not Play,Did Not Play,Did Not Play,Did Not Play,Did Not Play,Chad Pennington,PennCh01
128,122,2007,2007-11-18,10,11,,NYJ,,PIT,W 19-16,Did Not Play,Did Not Play,Did Not Play,Did Not Play,Did Not Play,Did Not Play,Did Not Play,Did Not Play,Did Not Play,Did Not Play,Did Not Play,Did Not Play,Did Not Play,Did Not Play,Did Not Play,Did Not Play,Did Not Play,Did Not Play,Did Not Play,Did Not Play,Did Not Play,Did Not Play,Did Not Play,Did Not Play,Did Not Play,Did Not Play,Did Not Play,Did Not Play,Did Not Play,Did Not Play,Did Not Play,Did Not Play,Did Not Play,Did Not Play,Did Not Play,Did Not Play,Chad Pennington,PennCh01
129,123,2007,2007-11-22,11,12,,NYJ,@,DAL,L 3-34,Did Not Play,Did Not Play,Did Not Play,Did Not Play,Did Not Play,Did Not Play,Did Not Play,Did Not Play,Did Not Play,Did Not Play,Did Not Play,Did Not Play,Did Not Play,Did Not Play,Did Not Play,Did Not Play,Did Not Play,Did Not Play,Did Not Play,Did Not Play,Did Not Play,Did Not Play,Did Not Play,Did Not Play,Did Not Play,Did Not Play,Did Not Play,Did Not Play,Did Not Play,Did Not Play,Did Not Play,Did Not Play,Did Not Play,Did Not Play,Did Not Play,Did Not Play,Chad Pennington,PennCh01
130,124,2007,2007-12-02,12,13,,NYJ,@,MIA,W 40-13,Did Not Play,Did Not Play,Did Not Play,Did Not Play,Did Not Play,Did Not Play,Did Not Play,Did Not Play,Did Not Play,Did Not Play,Did Not Play,Did Not Play,Did Not Play,Did Not Play,Did Not Play,Did Not Play,Did Not Play,Did Not Play,Did Not Play,Did Not Play,Did Not Play,Did Not Play,Did Not Play,Did Not Play,Did Not Play,Did Not Play,Did Not Play,Did Not Play,Did Not Play,Did Not Play,Did Not Play,Did Not Play,Did Not Play,Did Not Play,Did Not Play,Did Not Play,Chad Pennington,PennCh01
131,125,2007,2007-12-09,13,14,,NYJ,,CLE,L 18-24,Did Not Play,Did Not Play,Did Not Play,Did Not Play,Did Not Play,Did Not Play,Did Not Play,Did Not Play,Did Not Play,Did Not Play,Did Not Play,Did Not Play,Did Not Play,Did Not Play,Did Not Play,Did Not Play,Did Not Play,Did Not Play,Did Not Play,Did Not Play,Did Not Play,Did Not Play,Did Not Play,Did Not Play,Did Not Play,Did Not Play,Did Not Play,Did Not Play,Did Not Play,Did Not Play,Did Not Play,Did Not Play,Did Not Play,Did Not Play,Did Not Play,Did Not Play,Chad Pennington,PennCh01
132,126,2007,2007-12-16,14,15,31.173,NYJ,@,NWE,L 10-20,,25,38,65.79,184,0,0,77.1,5,40,4.84,4.84,1,4,4.00,0,0,0,0,,0,0.0%,,0,0,1,0,0,1,0,0,0,0,,0,,Chad Pennington,PennCh01
133,127,2007,2007-12-23,15,16,31.180,NYJ,@,TEN,L 6-10,*,26,32,81.25,264,1,2,85.4,6,36,8.25,6.06,2,5,2.50,0,0,0,0,,0,0.0%,,0,0,2,0,0,1,0,0,0,0,,0,,Chad Pennington,PennCh01
134,128,2007,2007-12-30,16,17,,NYJ,,KAN,W 13-10,Did Not Play,Did Not Play,Did Not Play,Did Not Play,Did Not Play,Did Not Play,Did Not Play,Did Not Play,Did Not Play,Did Not Play,Did Not Play,Did Not Play,Did Not Play,Did Not Play,Did Not Play,Did Not Play,Did Not Play,Did Not Play,Did Not Play,Did Not Play,Did Not Play,Did Not Play,Did Not Play,Did Not Play,Did Not Play,Did Not Play,Did Not Play,Did Not Play,Did Not Play,Did Not Play,Did Not Play,Did Not Play,Did Not Play,Did Not Play,Did Not Play,Did Not Play,Chad Pennington,PennCh01
135,Rk,Year,Date,G#,Week,Age,Tm,,Opp,Result,GS,Cmp,Att,Cmp%,Yds,TD,Int,Rate,Sk,Yds,Y/A,AY/A,Att,Yds,Y/A,TD,Tgt,Rec,Yds,Y/R,TD,Ctch%,Y/Tgt,TD,Pts,Fmb,FL,FF,FR,Yds,TD,Pnt,Yds,Y/P,Blck,Status,Chad Pennington,PennCh01
136,129,2008,2008-09-07,1,1,32.073,MIA,,NYJ,L 14-20,*,26,43,60.47,251,2,1,82.6,4,23,5.84,5.72,0,0,,0,0,0,0,,0,0.0%,,0,0,0,,0,0,0,0,0,0,,0,,Chad Pennington,PennCh01
137,130,2008,2008-09-14,2,2,32.080,MIA,@,ARI,L 10-31,*,10,20,50.00,112,0,0,67.1,2,15,5.60,5.60,1,6,6.00,0,0,0,0,,0,0.0%,,0,0,0,,0,0,0,0,0,0,,0,,Chad Pennington,PennCh01
138,131,2008,2008-09-21,3,3,32.087,MIA,@,NWE,W 38-13,*,17,20,85.00,226,0,0,113.7,0,0,11.30,11.30,0,0,,0,0,0,0,,0,0.0%,,0,0,0,,0,0,0,0,0,0,,0,,Chad Pennington,PennCh01
139,132,2008,2008-10-05,4,5,32.101,MIA,,SDG,W 17-10,*,22,29,75.86,228,1,0,109.6,1,5,7.86,8.55,3,3,1.00,0,0,0,0,,0,0.0%,,0,0,0,,0,0,0,0,0,0,,0,,Chad Pennington,PennCh01
140,133,2008,2008-10-12,5,6,32.108,MIA,@,HOU,L 28-29,*,19,25,76.00,284,2,1,122.7,2,10,11.36,11.16,0,0,,0,0,0,0,,0,0.0%,,0,0,1,0,0,0,0,0,0,0,,0,,Chad Pennington,PennCh01
141,134,2008,2008-10-19,6,7,32.115,MIA,,BAL,L 13-27,*,24,35,68.57,295,1,1,92.0,1,7,8.43,7.71,4,25,6.25,0,0,0,0,,0,0.0%,,0,0,0,,0,0,0,0,0,0,,0,,Chad Pennington,PennCh01
142,135,2008,2008-10-26,7,8,32.122,MIA,,BUF,W 25-16,*,22,30,73.33,314,1,0,117.9,1,8,10.47,11.13,4,-5,-1.25,0,0,0,0,,0,0.0%,,0,0,0,,0,0,0,0,0,0,,0,,Chad Pennington,PennCh01
143,136,2008,2008-11-02,8,9,32.129,MIA,@,DEN,W 26-17,*,23,40,57.50,281,0,1,68.9,2,7,7.03,5.90,2,-1,-0.50,0,0,0,0,,0,0.0%,,0,0,0,,0,0,0,0,0,0,,0,,Chad Pennington,PennCh01
144,137,2008,2008-11-09,9,10,32.136,MIA,,SEA,W 21-19,*,22,36,61.11,209,1,1,74.9,2,3,5.81,5.11,2,1,0.50,0,0,0,0,,0,0.0%,,0,0,0,,0,0,0,0,0,0,,0,,Chad Pennington,PennCh01
145,138,2008,2008-11-16,10,11,32.143,MIA,,OAK,W 17-15,*,16,22,72.73,174,0,0,95.6,3,14,7.91,7.91,1,7,7.00,0,0,0,0,,0,0.0%,,0,0,0,,0,0,0,0,0,0,,0,,Chad Pennington,PennCh01
146,139,2008,2008-11-23,11,12,32.150,MIA,,NWE,L 28-48,*,24,41,58.54,341,3,1,99.7,3,15,8.32,8.68,1,7,7.00,1,0,0,0,,0,0.0%,,1,6,0,,0,0,0,0,0,0,,0,,Chad Pennington,PennCh01
147,140,2008,2008-11-30,12,13,32.157,MIA,@,STL,W 16-12,*,13,23,56.52,166,0,0,79.3,0,0,7.22,7.22,3,15,5.00,0,0,0,0,,0,0.0%,,0,0,1,0,0,1,-3,0,0,0,,0,,Chad Pennington,PennCh01
148,141,2008,2008-12-07,13,14,32.164,MIA,@,BUF,W 16-3,*,23,29,79.31,181,1,0,104.2,1,1,6.24,6.93,3,0,0.00,0,0,0,0,,0,0.0%,,0,0,0,,0,0,0,0,0,0,,0,,Chad Pennington,PennCh01
149,142,2008,2008-12-14,14,15,32.171,MIA,,SFO,W 14-9,*,12,19,63.16,156,2,0,124.0,1,6,8.21,10.32,3,4,1.33,0,0,0,0,,0,0.0%,,0,0,0,,0,0,0,0,0,0,,0,,Chad Pennington,PennCh01
150,143,2008,2008-12-21,15,16,32.178,MIA,@,KAN,W 38-31,*,26,34,76.47,235,3,1,111.8,0,0,6.91,7.35,2,-2,-1.00,0,0,0,0,,0,0.0%,,0,0,0,,0,0,0,0,0,0,,0,,Chad Pennington,PennCh01
151,144,2008,2008-12-28,16,17,32.185,MIA,@,NYJ,W 24-17,*,22,30,73.33,200,2,0,113.2,1,7,6.67,8.00,1,2,2.00,0,0,0,0,,0,0.0%,,0,0,1,1,0,0,0,0,0,0,,0,,Chad Pennington,PennCh01
152,Rk,Year,Date,G#,Week,Age,Tm,,Opp,Result,GS,Cmp,Att,Cmp%,Yds,TD,Int,Rate,Sk,Yds,Y/A,AY/A,Att,Yds,Y/A,TD,Tgt,Rec,Yds,Y/R,TD,Ctch%,Y/Tgt,TD,Pts,Fmb,FL,FF,FR,Yds,TD,Pnt,Yds,Y/P,Blck,Status,Chad Pennington,PennCh01
153,145,2009,2009-09-13,1,1,33.079,MIA,@,ATL,L 7-19,*,21,29,72.41,176,1,1,84.8,4,13,6.07,5.21,0,0,,0,0,0,0,,0,0.0%,,0,0,1,1,0,0,0,0,0,0,,0,,Chad Pennington,PennCh01
154,146,2009,2009-09-21,2,2,33.087,MIA,,IND,L 23-27,*,22,33,66.67,183,0,1,68.1,2,19,5.55,4.18,1,4,4.00,0,0,0,0,,0,0.0%,,0,0,1,0,0,0,0,0,0,0,,0,,Chad Pennington,PennCh01
155,147,2009,2009-09-27,3,3,33.093,MIA,@,SDG,L 13-23,*,8,12,66.67,54,0,0,76.4,0,0,4.50,4.50,2,3,1.50,0,0,0,0,,0,0.0%,,0,0,1,1,0,0,0,0,0,0,,0,,Chad Pennington,PennCh01
156,148,2009,2009-10-04,4,4,,MIA,,BUF,W 38-10,Injured Reserve,Injured Reserve,Injured Reserve,Injured Reserve,Injured Reserve,Injured Reserve,Injured Reserve,Injured Reserve,Injured Reserve,Injured Reserve,Injured Reserve,Injured Reserve,Injured Reserve,Injured Reserve,Injured Reserve,Injured Reserve,Injured Reserve,Injured Reserve,Injured Reserve,Injured Reserve,Injured Reserve,Injured Reserve,Injured Reserve,Injured Reserve,Injured Reserve,Injured Reserve,Injured Reserve,Injured Reserve,Injured Reserve,Injured Reserve,Injured Reserve,Injured Reserve,Injured Reserve,Injured Reserve,Injured Reserve,Injured Reserve,Chad Pennington,PennCh01
157,149,2009,2009-10-12,5,5,,MIA,,NYJ,W 31-27,Injured Reserve,Injured Reserve,Injured Reserve,Injured Reserve,Injured Reserve,Injured Reserve,Injured Reserve,Injured Reserve,Injured Reserve,Injured Reserve,Injured Reserve,Injured Reserve,Injured Reserve,Injured Reserve,Injured Reserve,Injured Reserve,Injured Reserve,Injured Reserve,Injured Reserve,Injured Reserve,Injured Reserve,Injured Reserve,Injured Reserve,Injured Reserve,Injured Reserve,Injured Reserve,Injured Reserve,Injured Reserve,Injured Reserve,Injured Reserve,Injured Reserve,Injured Reserve,Injured Reserve,Injured Reserve,Injured Reserve,Injured Reserve,Chad Pennington,PennCh01
158,150,2009,2009-10-25,6,7,,MIA,,NOR,L 34-46,Injured Reserve,Injured Reserve,Injured Reserve,Injured Reserve,Injured Reserve,Injured Reserve,Injured Reserve,Injured Reserve,Injured Reserve,Injured Reserve,Injured Reserve,Injured Reserve,Injured Reserve,Injured Reserve,Injured Reserve,Injured Reserve,Injured Reserve,Injured Reserve,Injured Reserve,Injured Reserve,Injured Reserve,Injured Reserve,Injured Reserve,Injured Reserve,Injured Reserve,Injured Reserve,Injured Reserve,Injured Reserve,Injured Reserve,Injured Reserve,Injured Reserve,Injured Reserve,Injured Reserve,Injured Reserve,Injured Reserve,Injured Reserve,Chad Pennington,PennCh01
159,151,2009,2009-11-01,7,8,,MIA,@,NYJ,W 30-25,Injured Reserve,Injured Reserve,Injured Reserve,Injured Reserve,Injured Reserve,Injured Reserve,Injured Reserve,Injured Reserve,Injured Reserve,Injured Reserve,Injured Reserve,Injured Reserve,Injured Reserve,Injured Reserve,Injured Reserve,Injured Reserve,Injured Reserve,Injured Reserve,Injured Reserve,Injured Reserve,Injured Reserve,Injured Reserve,Injured Reserve,Injured Reserve,Injured Reserve,Injured Reserve,Injured Reserve,Injured Reserve,Injured Reserve,Injured Reserve,Injured Reserve,Injured Reserve,Injured Reserve,Injured Reserve,Injured Reserve,Injured Reserve,Chad Pennington,PennCh01
160,152,2009,2009-11-08,8,9,,MIA,@,NWE,L 17-27,Injured Reserve,Injured Reserve,Injured Reserve,Injured Reserve,Injured Reserve,Injured Reserve,Injured Reserve,Injured Reserve,Injured Reserve,Injured Reserve,Injured Reserve,Injured Reserve,Injured Reserve,Injured Reserve,Injured Reserve,Injured Reserve,Injured Reserve,Injured Reserve,Injured Reserve,Injured Reserve,Injured Reserve,Injured Reserve,Injured Reserve,Injured Reserve,Injured Reserve,Injured Reserve,Injured Reserve,Injured Reserve,Injured Reserve,Injured Reserve,Injured Reserve,Injured Reserve,Injured Reserve,Injured Reserve,Injured Reserve,Injured Reserve,Chad Pennington,PennCh01
161,153,2009,2009-11-15,9,10,,MIA,,TAM,W 25-23,Injured Reserve,Injured Reserve,Injured Reserve,Injured Reserve,Injured Reserve,Injured Reserve,Injured Reserve,Injured Reserve,Injured Reserve,Injured Reserve,Injured Reserve,Injured Reserve,Injured Reserve,Injured Reserve,Injured Reserve,Injured Reserve,Injured Reserve,Injured Reserve,Injured Reserve,Injured Reserve,Injured Reserve,Injured Reserve,Injured Reserve,Injured Reserve,Injured Reserve,Injured Reserve,Injured Reserve,Injured Reserve,Injured Reserve,Injured Reserve,Injured Reserve,Injured Reserve,Injured Reserve,Injured Reserve,Injured Reserve,Injured Reserve,Chad Pennington,PennCh01
162,154,2009,2009-11-19,10,11,,MIA,@,CAR,W 24-17,Injured Reserve,Injured Reserve,Injured Reserve,Injured Reserve,Injured Reserve,Injured Reserve,Injured Reserve,Injured Reserve,Injured Reserve,Injured Reserve,Injured Reserve,Injured Reserve,Injured Reserve,Injured Reserve,Injured Reserve,Injured Reserve,Injured Reserve,Injured Reserve,Injured Reserve,Injured Reserve,Injured Reserve,Injured Reserve,Injured Reserve,Injured Reserve,Injured Reserve,Injured Reserve,Injured Reserve,Injured Reserve,Injured Reserve,Injured Reserve,Injured Reserve,Injured Reserve,Injured Reserve,Injured Reserve,Injured Reserve,Injured Reserve,Chad Pennington,PennCh01
163,155,2009,2009-11-29,11,12,,MIA,@,BUF,L 14-31,Injured Reserve,Injured Reserve,Injured Reserve,Injured Reserve,Injured Reserve,Injured Reserve,Injured Reserve,Injured Reserve,Injured Reserve,Injured Reserve,Injured Reserve,Injured Reserve,Injured Reserve,Injured Reserve,Injured Reserve,Injured Reserve,Injured Reserve,Injured Reserve,Injured Reserve,Injured Reserve,Injured Reserve,Injured Reserve,Injured Reserve,Injured Reserve,Injured Reserve,Injured Reserve,Injured Reserve,Injured Reserve,Injured Reserve,Injured Reserve,Injured Reserve,Injured Reserve,Injured Reserve,Injured Reserve,Injured Reserve,Injured Reserve,Chad Pennington,PennCh01
164,156,2009,2009-12-06,12,13,,MIA,,NWE,W 22-21,Injured Reserve,Injured Reserve,Injured Reserve,Injured Reserve,Injured Reserve,Injured Reserve,Injured Reserve,Injured Reserve,Injured Reserve,Injured Reserve,Injured Reserve,Injured Reserve,Injured Reserve,Injured Reserve,Injured Reserve,Injured Reserve,Injured Reserve,Injured Reserve,Injured Reserve,Injured Reserve,Injured Reserve,Injured Reserve,Injured Reserve,Injured Reserve,Injured Reserve,Injured Reserve,Injured Reserve,Injured Reserve,Injured Reserve,Injured Reserve,Injured Reserve,Injured Reserve,Injured Reserve,Injured Reserve,Injured Reserve,Injured Reserve,Chad Pennington,PennCh01
165,157,2009,2009-12-13,13,14,,MIA,@,JAX,W 14-10,Injured Reserve,Injured Reserve,Injured Reserve,Injured Reserve,Injured Reserve,Injured Reserve,Injured Reserve,Injured Reserve,Injured Reserve,Injured Reserve,Injured Reserve,Injured Reserve,Injured Reserve,Injured Reserve,Injured Reserve,Injured Reserve,Injured Reserve,Injured Reserve,Injured Reserve,Injured Reserve,Injured Reserve,Injured Reserve,Injured Reserve,Injured Reserve,Injured Reserve,Injured Reserve,Injured Reserve,Injured Reserve,Injured Reserve,Injured Reserve,Injured Reserve,Injured Reserve,Injured Reserve,Injured Reserve,Injured Reserve,Injured Reserve,Chad Pennington,PennCh01
166,158,2009,2009-12-20,14,15,,MIA,@,TEN,L 24-27,Injured Reserve,Injured Reserve,Injured Reserve,Injured Reserve,Injured Reserve,Injured Reserve,Injured Reserve,Injured Reserve,Injured Reserve,Injured Reserve,Injured Reserve,Injured Reserve,Injured Reserve,Injured Reserve,Injured Reserve,Injured Reserve,Injured Reserve,Injured Reserve,Injured Reserve,Injured Reserve,Injured Reserve,Injured Reserve,Injured Reserve,Injured Reserve,Injured Reserve,Injured Reserve,Injured Reserve,Injured Reserve,Injured Reserve,Injured Reserve,Injured Reserve,Injured Reserve,Injured Reserve,Injured Reserve,Injured Reserve,Injured Reserve,Chad Pennington,PennCh01
167,159,2009,2009-12-27,15,16,,MIA,,HOU,L 20-27,Injured Reserve,Injured Reserve,Injured Reserve,Injured Reserve,Injured Reserve,Injured Reserve,Injured Reserve,Injured Reserve,Injured Reserve,Injured Reserve,Injured Reserve,Injured Reserve,Injured Reserve,Injured Reserve,Injured Reserve,Injured Reserve,Injured Reserve,Injured Reserve,Injured Reserve,Injured Reserve,Injured Reserve,Injured Reserve,Injured Reserve,Injured Reserve,Injured Reserve,Injured Reserve,Injured Reserve,Injured Reserve,Injured Reserve,Injured Reserve,Injured Reserve,Injured Reserve,Injured Reserve,Injured Reserve,Injured Reserve,Injured Reserve,Chad Pennington,PennCh01
168,160,2009,2010-01-03,16,17,,MIA,,PIT,L 24-30,Injured Reserve,Injured Reserve,Injured Reserve,Injured Reserve,Injured Reserve,Injured Reserve,Injured Reserve,Injured Reserve,Injured Reserve,Injured Reserve,Injured Reserve,Injured Reserve,Injured Reserve,Injured Reserve,Injured Reserve,Injured Reserve,Injured Reserve,Injured Reserve,Injured Reserve,Injured Reserve,Injured Reserve,Injured Reserve,Injured Reserve,Injured Reserve,Injured Reserve,Injured Reserve,Injured Reserve,Injured Reserve,Injured Reserve,Injured Reserve,Injured Reserve,Injured Reserve,Injured Reserve,Injured Reserve,Injured Reserve,Injured Reserve,Chad Pennington,PennCh01
169,Rk,Year,Date,G#,Week,Age,Tm,,Opp,Result,GS,Cmp,Att,Cmp%,Yds,TD,Int,Rate,Sk,Yds,Y/A,AY/A,Att,Yds,Y/A,TD,Tgt,Rec,Yds,Y/R,TD,Ctch%,Y/Tgt,TD,Pts,Fmb,FL,FF,FR,Yds,TD,Pnt,Yds,Y/P,Blck,Status,Chad Pennington,PennCh01
170,161,2010,2010-09-12,1,1,,MIA,@,BUF,W 15-10,Did Not Play,Did Not Play,Did Not Play,Did Not Play,Did Not Play,Did Not Play,Did Not Play,Did Not Play,Did Not Play,Did Not Play,Did Not Play,Did Not Play,Did Not Play,Did Not Play,Did Not Play,Did Not Play,Did Not Play,Did Not Play,Did Not Play,Did Not Play,Did Not Play,Did Not Play,Did Not Play,Did Not Play,Did Not Play,Did Not Play,Did Not Play,Did Not Play,Did Not Play,Did Not Play,Did Not Play,Did Not Play,Did Not Play,Did Not Play,Did Not Play,Did Not Play,Chad Pennington,PennCh01
171,162,2010,2010-09-19,2,2,,MIA,@,MIN,W 14-10,Inactive,Inactive,Inactive,Inactive,Inactive,Inactive,Inactive,Inactive,Inactive,Inactive,Inactive,Inactive,Inactive,Inactive,Inactive,Inactive,Inactive,Inactive,Inactive,Inactive,Inactive,Inactive,Inactive,Inactive,Inactive,Inactive,Inactive,Inactive,Inactive,Inactive,Inactive,Inactive,Inactive,Inactive,Inactive,Inactive,Chad Pennington,PennCh01
172,163,2010,2010-09-26,3,3,,MIA,,NYJ,L 23-31,Did Not Play,Did Not Play,Did Not Play,Did Not Play,Did Not Play,Did Not Play,Did Not Play,Did Not Play,Did Not Play,Did Not Play,Did Not Play,Did Not Play,Did Not Play,Did Not Play,Did Not Play,Did Not Play,Did Not Play,Did Not Play,Did Not Play,Did Not Play,Did Not Play,Did Not Play,Did Not Play,Did Not Play,Did Not Play,Did Not Play,Did Not Play,Did Not Play,Did Not Play,Did Not Play,Did Not Play,Did Not Play,Did Not Play,Did Not Play,Did Not Play,Did Not Play,Chad Pennington,PennCh01
173,164,2010,2010-10-04,4,4,,MIA,,NWE,L 14-41,Did Not Play,Did Not Play,Did Not Play,Did Not Play,Did Not Play,Did Not Play,Did Not Play,Did Not Play,Did Not Play,Did Not Play,Did Not Play,Did Not Play,Did Not Play,Did Not Play,Did Not Play,Did Not Play,Did Not Play,Did Not Play,Did Not Play,Did Not Play,Did Not Play,Did Not Play,Did Not Play,Did Not Play,Did Not Play,Did Not Play,Did Not Play,Did Not Play,Did Not Play,Did Not Play,Did Not Play,Did Not Play,Did Not Play,Did Not Play,Did Not Play,Did Not Play,Chad Pennington,PennCh01
174,165,2010,2010-10-17,5,6,,MIA,@,GNB,W 23-20,Did Not Play,Did Not Play,Did Not Play,Did Not Play,Did Not Play,Did Not Play,Did Not Play,Did Not Play,Did Not Play,Did Not Play,Did Not Play,Did Not Play,Did Not Play,Did Not Play,Did Not Play,Did Not Play,Did Not Play,Did Not Play,Did Not Play,Did Not Play,Did Not Play,Did Not Play,Did Not Play,Did Not Play,Did Not Play,Did Not Play,Did Not Play,Did Not Play,Did Not Play,Did Not Play,Did Not Play,Did Not Play,Did Not Play,Did Not Play,Did Not Play,Did Not Play,Chad Pennington,PennCh01
175,166,2010,2010-10-24,6,7,,MIA,,PIT,L 22-23,Did Not Play,Did Not Play,Did Not Play,Did Not Play,Did Not Play,Did Not Play,Did Not Play,Did Not Play,Did Not Play,Did Not Play,Did Not Play,Did Not Play,Did Not Play,Did Not Play,Did Not Play,Did Not Play,Did Not Play,Did Not Play,Did Not Play,Did Not Play,Did Not Play,Did Not Play,Did Not Play,Did Not Play,Did Not Play,Did Not Play,Did Not Play,Did Not Play,Did Not Play,Did Not Play,Did Not Play,Did Not Play,Did Not Play,Did Not Play,Did Not Play,Did Not Play,Chad Pennington,PennCh01
176,167,2010,2010-10-31,7,8,,MIA,@,CIN,W 22-14,Did Not Play,Did Not Play,Did Not Play,Did Not Play,Did Not Play,Did Not Play,Did Not Play,Did Not Play,Did Not Play,Did Not Play,Did Not Play,Did Not Play,Did Not Play,Did Not Play,Did Not Play,Did Not Play,Did Not Play,Did Not Play,Did Not Play,Did Not Play,Did Not Play,Did Not Play,Did Not Play,Did Not Play,Did Not Play,Did Not Play,Did Not Play,Did Not Play,Did Not Play,Did Not Play,Did Not Play,Did Not Play,Did Not Play,Did Not Play,Did Not Play,Did Not Play,Chad Pennington,PennCh01
177,168,2010,2010-11-07,8,9,,MIA,@,BAL,L 10-26,Did Not Play,Did Not Play,Did Not Play,Did Not Play,Did Not Play,Did Not Play,Did Not Play,Did Not Play,Did Not Play,Did Not Play,Did Not Play,Did Not Play,Did Not Play,Did Not Play,Did Not Play,Did Not Play,Did Not Play,Did Not Play,Did Not Play,Did Not Play,Did Not Play,Did Not Play,Did Not Play,Did Not Play,Did Not Play,Did Not Play,Did Not Play,Did Not Play,Did Not Play,Did Not Play,Did Not Play,Did Not Play,Did Not Play,Did Not Play,Did Not Play,Did Not Play,Chad Pennington,PennCh01
178,169,2010,2010-11-14,9,10,34.141,MIA,,TEN,W 29-17,*,1,2,50.00,19,0,0,83.3,0,0,9.50,9.50,0,0,,0,0,0,0,,0,0.0%,,0,0,0,,0,0,0,0,0,0,,0,,Chad Pennington,PennCh01
179,170,2010,2010-11-18,10,11,,MIA,,CHI,L 0-16,Injured Reserve,Injured Reserve,Injured Reserve,Injured Reserve,Injured Reserve,Injured Reserve,Injured Reserve,Injured Reserve,Injured Reserve,Injured Reserve,Injured Reserve,Injured Reserve,Injured Reserve,Injured Reserve,Injured Reserve,Injured Reserve,Injured Reserve,Injured Reserve,Injured Reserve,Injured Reserve,Injured Reserve,Injured Reserve,Injured Reserve,Injured Reserve,Injured Reserve,Injured Reserve,Injured Reserve,Injured Reserve,Injured Reserve,Injured Reserve,Injured Reserve,Injured Reserve,Injured Reserve,Injured Reserve,Injured Reserve,Injured Reserve,Chad Pennington,PennCh01
180,171,2010,2010-11-28,11,12,,MIA,@,OAK,W 33-17,Injured Reserve,Injured Reserve,Injured Reserve,Injured Reserve,Injured Reserve,Injured Reserve,Injured Reserve,Injured Reserve,Injured Reserve,Injured Reserve,Injured Reserve,Injured Reserve,Injured Reserve,Injured Reserve,Injured Reserve,Injured Reserve,Injured Reserve,Injured Reserve,Injured Reserve,Injured Reserve,Injured Reserve,Injured Reserve,Injured Reserve,Injured Reserve,Injured Reserve,Injured Reserve,Injured Reserve,Injured Reserve,Injured Reserve,Injured Reserve,Injured Reserve,Injured Reserve,Injured Reserve,Injured Reserve,Injured Reserve,Injured Reserve,Chad Pennington,PennCh01
181,172,2010,2010-12-05,12,13,,MIA,,CLE,L 10-13,Injured Reserve,Injured Reserve,Injured Reserve,Injured Reserve,Injured Reserve,Injured Reserve,Injured Reserve,Injured Reserve,Injured Reserve,Injured Reserve,Injured Reserve,Injured Reserve,Injured Reserve,Injured Reserve,Injured Reserve,Injured Reserve,Injured Reserve,Injured Reserve,Injured Reserve,Injured Reserve,Injured Reserve,Injured Reserve,Injured Reserve,Injured Reserve,Injured Reserve,Injured Reserve,Injured Reserve,Injured Reserve,Injured Reserve,Injured Reserve,Injured Reserve,Injured Reserve,Injured Reserve,Injured Reserve,Injured Reserve,Injured Reserve,Chad Pennington,PennCh01
182,173,2010,2010-12-12,13,14,,MIA,@,NYJ,W 10-6,Injured Reserve,Injured Reserve,Injured Reserve,Injured Reserve,Injured Reserve,Injured Reserve,Injured Reserve,Injured Reserve,Injured Reserve,Injured Reserve,Injured Reserve,Injured Reserve,Injured Reserve,Injured Reserve,Injured Reserve,Injured Reserve,Injured Reserve,Injured Reserve,Injured Reserve,Injured Reserve,Injured Reserve,Injured Reserve,Injured Reserve,Injured Reserve,Injured Reserve,Injured Reserve,Injured Reserve,Injured Reserve,Injured Reserve,Injured Reserve,Injured Reserve,Injured Reserve,Injured Reserve,Injured Reserve,Injured Reserve,Injured Reserve,Chad Pennington,PennCh01
183,174,2010,2010-12-19,14,15,,MIA,,BUF,L 14-17,Injured Reserve,Injured Reserve,Injured Reserve,Injured Reserve,Injured Reserve,Injured Reserve,Injured Reserve,Injured Reserve,Injured Reserve,Injured Reserve,Injured Reserve,Injured Reserve,Injured Reserve,Injured Reserve,Injured Reserve,Injured Reserve,Injured Reserve,Injured Reserve,Injured Reserve,Injured Reserve,Injured Reserve,Injured Reserve,Injured Reserve,Injured Reserve,Injured Reserve,Injured Reserve,Injured Reserve,Injured Reserve,Injured Reserve,Injured Reserve,Injured Reserve,Injured Reserve,Injured Reserve,Injured Reserve,Injured Reserve,Injured Reserve,Chad Pennington,PennCh01
184,175,2010,2010-12-26,15,16,,MIA,,DET,L 27-34,Injured Reserve,Injured Reserve,Injured Reserve,Injured Reserve,Injured Reserve,Injured Reserve,Injured Reserve,Injured Reserve,Injured Reserve,Injured Reserve,Injured Reserve,Injured Reserve,Injured Reserve,Injured Reserve,Injured Reserve,Injured Reserve,Injured Reserve,Injured Reserve,Injured Reserve,Injured Reserve,Injured Reserve,Injured Reserve,Injured Reserve,Injured Reserve,Injured Reserve,Injured Reserve,Injured Reserve,Injured Reserve,Injured Reserve,Injured Reserve,Injured Reserve,Injured Reserve,Injured Reserve,Injured Reserve,Injured Reserve,Injured Reserve,Chad Pennington,PennCh01
185,176,2010,2011-01-02,16,17,,MIA,@,NWE,L 7-38,Injured Reserve,Injured Reserve,Injured Reserve,Injured Reserve,Injured Reserve,Injured Reserve,Injured Reserve,Injured Reserve,Injured Reserve,Injured Reserve,Injured Reserve,Injured Reserve,Injured Reserve,Injured Reserve,Injured Reserve,Injured Reserve,Injured Reserve,Injured Reserve,Injured Reserve,Injured Reserve,Injured Reserve,Injured Reserve,Injured Reserve,Injured Reserve,Injured Reserve,Injured Reserve,Injured Reserve,Injured Reserve,Injured Reserve,Injured Reserve,Injured Reserve,Injured Reserve,Injured Reserve,Injured Reserve,Injured Reserve,Injured Reserve,Chad Pennington,PennCh01
186,,,89 Games,,,,,,,44-45-0,,1632,2471,66.05,17823,102,64,90.1,162,965,7.21,6.87,180,465,2.58,7,0,0,7,,0,0.0%,,7,42,41,14,0,16,-51,0,1,29,29.00,0,,Chad Pennington,PennCh01
