,Unnamed: 0_level_0,Unnamed: 1_level_0,Unnamed: 2_level_0,Unnamed: 3_level_0,Unnamed: 4_level_0,Unnamed: 5_level_0,Unnamed: 6_level_0,Unnamed: 7_level_0,Unnamed: 8_level_0,Unnamed: 9_level_0,Unnamed: 10_level_0,Passing,Passing,Passing,Passing,Passing,Passing,Passing,Passing,Passing,Passing,Passing,Rushing,Rushing,Rushing,Rushing,Receiving,Receiving,Receiving,Receiving,Scoring,Scoring,Punting,Punting,Punting,Punting,qb,qb_tag
,Rk,Year,Date,G#,Week,Age,Tm,Unnamed: 7_level_1,Opp,Result,GS,Cmp,Att,Cmp%,Yds,TD,Int,Rate,Sk,Yds.1,Y/A,AY/A,Att,Yds,Y/A,TD,Rec,Yds,Y/R,TD,TD,Pts,Pnt,Yds,Y/P,Blck,,
0,1,1970,1970-09-20,1,1,22.018,PIT,,HOU,L 7-19,*,4,16,25.00,70,0,1,19.3,2,10,4.38,1.56,3,20,6.67,0,,,,,0,0,0,0,,0,Terry Bradshaw,BradTe00
1,2,1970,1970-09-27,2,2,22.025,PIT,@,DEN,L 13-16,*,13,26,50.00,211,0,1,61.5,3,33,8.12,6.38,3,9,3.00,0,,,,,0,0,0,0,,0,Terry Bradshaw,BradTe00
2,3,1970,1970-10-03,3,3,22.031,PIT,@,CLE,L 7-15,*,13,29,44.83,207,0,3,29.6,7,78,7.14,2.48,4,44,11.00,1,,,,,1,6,0,0,,0,Terry Bradshaw,BradTe00
3,4,1970,1970-10-11,4,4,22.039,PIT,,BUF,W 23-10,*,3,12,25.00,24,0,0,39.6,1,12,2.00,2.00,2,18,9.00,0,,,,,0,0,0,0,,0,Terry Bradshaw,BradTe00
4,5,1970,1970-10-18,5,5,22.046,PIT,@,HOU,W 7-3,*,8,17,47.06,208,1,3,72.3,3,30,12.24,5.47,3,1,0.33,0,,,,,0,0,0,0,,0,Terry Bradshaw,BradTe00
5,6,1970,1970-10-25,6,6,22.053,PIT,@,OAK,L 14-31,*,12,27,44.44,138,1,4,33.2,5,44,5.11,-0.81,2,19,9.50,0,,,,,0,0,0,0,,0,Terry Bradshaw,BradTe00
6,7,1970,1970-11-02,7,7,22.061,PIT,,CIN,W 21-10,*,4,12,33.33,40,0,0,43.7,,,3.33,3.33,3,15,5.00,0,,,,,0,0,0,0,,0,Terry Bradshaw,BradTe00
7,8,1970,1970-11-15,9,9,22.074,PIT,,KAN,L 14-31,,8,19,42.11,74,1,3,31.4,1,10,3.89,-2.16,3,30,10.00,0,,,,,0,0,0,0,,0,Terry Bradshaw,BradTe00
8,9,1970,1970-11-22,10,10,22.081,PIT,@,CIN,L 7-34,*,8,19,42.11,101,0,3,19.7,,,5.32,-1.79,,,,,,,,,0,0,0,0,,0,Terry Bradshaw,BradTe00
9,10,1970,1970-11-29,11,11,22.088,PIT,,CLE,W 28-9,,4,9,44.44,197,2,0,130.8,1,9,21.89,26.33,5,49,9.80,0,,,,,0,0,0,0,,0,Terry Bradshaw,BradTe00
10,11,1970,1970-12-06,12,12,22.095,PIT,,GNB,L 12-20,,3,20,15.00,110,1,4,27.1,,,5.50,-2.50,3,14,4.67,0,,,,,0,0,0,0,,0,Terry Bradshaw,BradTe00
11,12,1970,1970-12-13,13,13,22.102,PIT,@,ATL,L 16-27,,3,12,25.00,30,0,2,0.0,2,16,2.50,-5.00,1,14,14.00,0,,,,,0,0,0,0,,0,Terry Bradshaw,BradTe00
12,13,1970,1970-12-20,14,14,22.109,PIT,@,PHI,L 20-30,,0,0,,0,0,0,,,,,,0,0,,0,0,0,,0,0,0,3,52,17.33,1,Terry Bradshaw,BradTe00
13,Rk,Year,Date,G#,Week,Age,Tm,,Opp,Result,GS,Cmp,Att,Cmp%,Yds,TD,Int,Rate,Sk,Yds,Y/A,AY/A,Att,Yds,Y/A,TD,Rec,Yds,Y/R,TD,TD,Pts,Pnt,Yds,Y/P,Blck,Terry Bradshaw,BradTe00
14,14,1971,1971-09-19,1,1,23.017,PIT,@,CHI,L 15-17,*,10,24,41.67,129,0,4,19.6,,,5.38,-2.13,2,4,2.00,0,,,,,0,0,0,0,,0,Terry Bradshaw,BradTe00
15,15,1971,1971-09-26,2,2,23.024,PIT,,CIN,W 21-10,*,18,30,60.00,249,2,1,95.0,5,41,8.30,8.13,5,6,1.20,0,,,,,0,0,0,0,,0,Terry Bradshaw,BradTe00
16,16,1971,1971-10-03,3,3,23.031,PIT,,SDG,W 21-17,*,15,24,62.50,175,0,0,84.5,3,18,7.29,7.29,6,38,6.33,1,,,,,1,6,0,0,,0,Terry Bradshaw,BradTe00
17,17,1971,1971-10-10,4,4,23.038,PIT,@,CLE,L 17-27,*,12,27,44.44,126,2,1,67.8,3,24,4.67,4.48,3,15,5.00,0,,,,,0,0,0,0,,0,Terry Bradshaw,BradTe00
18,18,1971,1971-10-18,5,5,23.046,PIT,@,KAN,L 16-38,*,20,39,51.28,269,0,2,52.2,2,18,6.90,4.59,9,37,4.11,0,,,,,0,0,0,0,,0,Terry Bradshaw,BradTe00
19,19,1971,1971-10-24,6,6,23.052,PIT,,HOU,W 23-16,*,21,32,65.63,279,0,3,54.0,1,9,8.72,4.50,8,26,3.25,1,,,,,1,6,0,0,,0,Terry Bradshaw,BradTe00
20,20,1971,1971-10-31,7,7,23.059,PIT,@,BAL,L 21-34,*,20,35,57.14,187,1,1,69.6,3,32,5.34,4.63,3,12,4.00,2,,,,,2,12,0,0,,0,Terry Bradshaw,BradTe00
21,21,1971,1971-11-07,8,8,23.066,PIT,,CLE,W 26-9,*,4,11,36.36,70,0,1,21.0,,,6.36,2.27,4,37,9.25,1,,,,,1,6,0,0,,0,Terry Bradshaw,BradTe00
22,22,1971,1971-11-14,9,9,23.073,PIT,@,MIA,L 21-24,*,25,36,69.44,253,3,2,93.9,4,34,7.03,6.19,2,5,2.50,0,,,,,0,0,0,0,,0,Terry Bradshaw,BradTe00
23,23,1971,1971-11-21,10,10,23.080,PIT,,NYG,W 17-13,*,12,20,60.00,75,1,0,84.4,1,15,3.75,4.75,1,11,11.00,0,,,,,0,0,0,0,,0,Terry Bradshaw,BradTe00
24,24,1971,1971-11-28,11,11,23.087,PIT,,DEN,L 10-22,*,6,17,35.29,68,0,0,48.2,3,25,4.00,4.00,3,16,5.33,0,,,,,0,0,0,0,,0,Terry Bradshaw,BradTe00
25,25,1971,1971-12-05,12,12,23.094,PIT,@,HOU,L 3-29,*,14,31,45.16,111,0,3,15.1,5,52,3.58,-0.77,2,8,4.00,0,,,,,0,0,0,0,,0,Terry Bradshaw,BradTe00
26,26,1971,1971-12-12,13,13,23.101,PIT,@,CIN,W 21-13,,6,13,46.15,105,2,0,113.8,,,8.08,11.15,2,2,1.00,0,,,,,0,0,0,0,,0,Terry Bradshaw,BradTe00
27,27,1971,1971-12-19,14,14,23.108,PIT,,RAM,L 14-23,*,20,34,58.82,163,2,4,51.1,3,19,4.79,0.68,3,30,10.00,0,,,,,0,0,0,0,,0,Terry Bradshaw,BradTe00
28,Rk,Year,Date,G#,Week,Age,Tm,,Opp,Result,GS,Cmp,Att,Cmp%,Yds,TD,Int,Rate,Sk,Yds,Y/A,AY/A,Att,Yds,Y/A,TD,Rec,Yds,Y/R,TD,TD,Pts,Pnt,Yds,Y/P,Blck,Terry Bradshaw,BradTe00
29,28,1972,1972-09-17,1,1,24.015,PIT,,OAK,W 34-28,*,7,17,41.18,124,1,3,46.8,3,18,7.29,0.53,7,49,7.00,2,,,,,2,12,0,0,,0,Terry Bradshaw,BradTe00
30,29,1972,1972-09-24,2,2,24.022,PIT,@,CIN,L 10-15,*,18,34,52.94,170,0,0,67.0,4,39,5.00,5.00,3,27,9.00,1,,,,,1,6,0,0,,0,Terry Bradshaw,BradTe00
31,30,1972,1972-10-01,3,3,24.029,PIT,@,STL,W 25-19,*,25,40,62.50,229,1,1,75.9,2,20,5.73,5.10,7,35,5.00,1,,,,,1,6,0,0,,0,Terry Bradshaw,BradTe00
32,31,1972,1972-10-08,4,4,24.036,PIT,@,DAL,L 13-17,*,12,39,30.77,166,0,1,34.8,3,24,4.26,3.10,4,32,8.00,0,,,,,0,0,0,0,,0,Terry Bradshaw,BradTe00
33,32,1972,1972-10-15,5,5,24.043,PIT,,HOU,W 24-7,*,9,19,47.37,70,1,0,74.5,3,24,3.68,4.74,7,34,4.86,1,,,,,1,6,0,0,,0,Terry Bradshaw,BradTe00
34,33,1972,1972-10-22,6,6,24.050,PIT,,NWE,W 33-3,*,7,11,63.64,173,1,0,137.5,1,11,15.73,17.55,2,15,7.50,0,,,,,0,0,0,0,,0,Terry Bradshaw,BradTe00
35,34,1972,1972-10-29,7,7,24.057,PIT,@,BUF,W 38-21,*,9,17,52.94,93,1,1,64.1,,,5.47,4.00,2,6,3.00,1,,,,,1,6,0,0,,0,Terry Bradshaw,BradTe00
36,35,1972,1972-11-05,8,8,24.064,PIT,,CIN,W 40-17,*,10,20,50.00,190,3,0,122.9,2,10,9.50,12.50,1,8,8.00,0,,,,,0,0,0,0,,0,Terry Bradshaw,BradTe00
37,36,1972,1972-11-12,9,9,24.071,PIT,,KAN,W 16-7,*,8,20,40.00,92,0,3,15.0,2,12,4.60,-2.15,5,34,6.80,0,,,,,0,0,0,0,,0,Terry Bradshaw,BradTe00
38,37,1972,1972-11-19,10,10,24.078,PIT,@,CLE,L 24-26,*,10,21,47.62,136,1,1,64.8,4,33,6.48,5.29,3,17,5.67,0,,,,,0,0,0,0,,0,Terry Bradshaw,BradTe00
39,38,1972,1972-11-26,11,11,24.085,PIT,,MIN,W 23-10,*,7,19,36.84,93,1,1,48.8,1,7,4.89,3.58,6,28,4.67,1,,,,,1,6,0,0,,0,Terry Bradshaw,BradTe00
40,39,1972,1972-12-03,12,12,24.092,PIT,,CLE,W 30-0,*,9,17,52.94,162,1,0,105.5,1,9,9.53,10.71,5,27,5.40,0,,,,,0,0,0,0,,0,Terry Bradshaw,BradTe00
41,40,1972,1972-12-10,13,13,24.099,PIT,@,HOU,W 9-3,*,4,11,36.36,37,0,0,46.4,1,9,3.36,3.36,3,19,6.33,0,,,,,0,0,0,0,,0,Terry Bradshaw,BradTe00
42,41,1972,1972-12-17,14,14,24.106,PIT,@,SDG,W 24-2,*,12,23,52.17,152,1,1,69.5,2,21,6.61,5.52,3,15,5.00,0,,,,,0,0,0,0,,0,Terry Bradshaw,BradTe00
43,Rk,Year,Date,G#,Week,Age,Tm,,Opp,Result,GS,Cmp,Att,Cmp%,Yds,TD,Int,Rate,Sk,Yds,Y/A,AY/A,Att,Yds,Y/A,TD,Rec,Yds,Y/R,TD,TD,Pts,Pnt,Yds,Y/P,Blck,Terry Bradshaw,BradTe00
44,42,1973,1973-09-16,1,1,25.014,PIT,,DET,W 24-10,*,15,23,65.22,154,2,1,95.2,,,6.70,6.48,8,25,3.13,1,,,,,1,6,0,0,,0,Terry Bradshaw,BradTe00
45,43,1973,1973-09-23,2,2,25.021,PIT,,CLE,W 33-6,*,5,14,35.71,140,1,1,67.6,3,20,10.00,8.21,2,16,8.00,0,,,,,0,0,0,0,,0,Terry Bradshaw,BradTe00
46,44,1973,1973-09-30,3,3,25.028,PIT,@,HOU,W 36-7,*,9,17,52.94,159,1,2,65.2,3,29,9.35,5.24,5,26,5.20,1,,,,,1,6,0,0,,0,Terry Bradshaw,BradTe00
47,45,1973,1973-10-07,4,4,25.035,PIT,,SDG,W 38-21,*,7,16,43.75,99,1,1,59.1,1,13,6.19,4.63,4,28,7.00,1,,,,,1,6,0,0,,0,Terry Bradshaw,BradTe00
48,46,1973,1973-10-14,5,5,25.042,PIT,@,CIN,L 7-19,*,9,14,64.29,106,0,1,57.4,4,39,7.57,4.36,2,3,1.50,0,,,,,0,0,0,0,,0,Terry Bradshaw,BradTe00
49,47,1973,1973-10-21,6,6,25.049,PIT,,NYJ,W 26-14,*,8,18,44.44,119,0,1,43.5,1,6,6.61,4.11,4,22,5.50,0,,,,,0,0,0,0,,0,Terry Bradshaw,BradTe00
50,48,1973,1973-10-28,7,7,25.056,PIT,,CIN,W 20-13,*,3,7,42.86,37,0,1,20.2,2,8,5.29,-1.14,1,4,4.00,0,,,,,0,0,0,0,,0,Terry Bradshaw,BradTe00
51,49,1973,1973-12-03,12,12,25.092,PIT,@,MIA,L 26-30,,14,35,40.00,117,2,3,32.7,4,27,3.34,0.63,2,3,1.50,0,,,,,0,0,0,0,,0,Terry Bradshaw,BradTe00
52,50,1973,1973-12-09,13,13,25.098,PIT,,HOU,W 33-7,*,11,20,55.00,117,2,4,66.0,2,15,5.85,-1.15,3,8,2.67,0,,,,,0,0,0,0,,0,Terry Bradshaw,BradTe00
53,51,1973,1973-12-15,14,14,25.104,PIT,@,SFO,W 37-14,*,8,16,50.00,135,1,0,99.7,4,29,8.44,9.69,3,10,3.33,0,,,,,0,0,0,0,,0,Terry Bradshaw,BradTe00
54,Rk,Year,Date,G#,Week,Age,Tm,,Opp,Result,GS,Cmp,Att,Cmp%,Yds,TD,Int,Rate,Sk,Yds,Y/A,AY/A,Att,Yds,Y/A,TD,Rec,Yds,Y/R,TD,TD,Pts,Pnt,Yds,Y/P,Blck,Terry Bradshaw,BradTe00
55,52,1974,1974-09-29,3,3,26.027,PIT,,OAK,L 0-17,,1,2,50.00,11,0,1,27.1,,,5.50,-17.00,2,18,9.00,0,,,,,0,0,0,0,,0,Terry Bradshaw,BradTe00
56,53,1974,1974-10-28,7,7,26.056,PIT,,ATL,W 24-17,*,9,21,42.86,130,0,2,24.0,1,10,6.19,1.90,9,16,1.78,1,,,,,1,6,0,0,,0,Terry Bradshaw,BradTe00
57,54,1974,1974-11-03,8,8,26.062,PIT,,PHI,W 27-0,*,12,22,54.55,146,1,0,90.3,1,9,6.64,7.55,4,48,12.00,0,,,,,0,0,0,0,,0,Terry Bradshaw,BradTe00
58,55,1974,1974-11-10,9,9,26.069,PIT,@,CIN,L 10-17,*,13,35,37.14,140,0,1,37.8,1,12,4.00,2.71,6,31,5.17,0,,,,,0,0,0,0,,0,Terry Bradshaw,BradTe00
59,56,1974,1974-11-25,11,11,26.084,PIT,@,NOR,W 28-7,*,8,19,42.11,80,2,2,50.2,2,18,4.21,1.58,9,99,11.00,1,,,,,1,6,0,0,,0,Terry Bradshaw,BradTe00
60,57,1974,1974-12-01,12,12,26.090,PIT,,HOU,L 10-13,*,6,20,30.00,60,1,1,35.4,3,38,3.00,1.75,2,2,1.00,0,,,,,0,0,0,0,,0,Terry Bradshaw,BradTe00
61,58,1974,1974-12-08,13,13,26.097,PIT,@,NWE,W 21-17,*,10,16,62.50,86,1,1,71.4,2,17,5.38,3.81,1,6,6.00,0,,,,,0,0,0,0,,0,Terry Bradshaw,BradTe00
62,59,1974,1974-12-14,14,14,26.103,PIT,,CIN,W 27-3,*,8,13,61.54,132,2,0,135.3,,,10.15,13.23,1,4,4.00,0,,,,,0,0,0,0,,0,Terry Bradshaw,BradTe00
63,Rk,Year,Date,G#,Week,Age,Tm,,Opp,Result,GS,Cmp,Att,Cmp%,Yds,TD,Int,Rate,Sk,Yds,Y/A,AY/A,Att,Yds,Y/A,TD,Rec,Yds,Y/R,TD,TD,Pts,Pnt,Yds,Y/P,Blck,Terry Bradshaw,BradTe00
64,60,1975,1975-09-21,1,1,27.019,PIT,@,SDG,W 37-0,*,21,28,75.00,227,2,0,122.2,1,8,8.11,9.54,1,11,11.00,0,,,,,0,0,0,0,,0,Terry Bradshaw,BradTe00
65,61,1975,1975-09-28,2,2,27.026,PIT,,BUF,L 21-30,*,3,8,37.50,69,0,1,29.7,4,38,8.63,3.00,3,7,2.33,0,,,,,0,0,0,0,,0,Terry Bradshaw,BradTe00
66,62,1975,1975-10-05,3,3,27.033,PIT,@,CLE,W 42-6,*,7,8,87.50,151,1,0,158.3,1,5,18.88,21.38,1,-5,-5.00,0,,,,,0,0,0,0,,0,Terry Bradshaw,BradTe00
67,63,1975,1975-10-12,4,4,27.040,PIT,,DEN,W 20-9,*,16,26,61.54,191,2,0,109.6,1,1,7.35,8.88,3,15,5.00,0,,,,,0,0,0,0,,0,Terry Bradshaw,BradTe00
68,64,1975,1975-10-19,5,5,27.047,PIT,,CHI,W 34-3,*,11,22,50.00,146,0,0,71.4,2,20,6.64,6.64,3,11,3.67,1,,,,,1,6,0,0,,0,Terry Bradshaw,BradTe00
69,65,1975,1975-10-26,6,6,27.054,PIT,@,GNB,W 16-13,*,12,22,54.55,84,0,0,63.4,,,3.82,3.82,3,17,5.67,0,,,,,0,0,0,0,,0,Terry Bradshaw,BradTe00
70,66,1975,1975-11-02,7,7,27.061,PIT,@,CIN,W 30-24,*,13,24,54.17,164,2,2,68.7,3,34,6.83,4.75,2,3,1.50,1,,,,,1,6,0,0,,0,Terry Bradshaw,BradTe00
71,67,1975,1975-11-09,8,8,27.068,PIT,,HOU,W 24-17,*,17,28,60.71,219,3,1,106.1,5,50,7.82,8.36,3,16,5.33,0,,,,,0,0,0,0,,0,Terry Bradshaw,BradTe00
72,68,1975,1975-11-16,9,9,27.075,PIT,,KAN,W 28-3,*,16,24,66.67,204,2,1,103.5,2,23,8.50,8.29,1,2,2.00,0,,,,,0,0,0,0,,0,Terry Bradshaw,BradTe00
73,69,1975,1975-11-24,10,10,27.083,PIT,@,HOU,W 32-9,*,13,16,81.25,168,1,2,91.7,3,29,10.50,6.13,5,26,5.20,0,,,,,0,0,0,0,,0,Terry Bradshaw,BradTe00
74,70,1975,1975-11-30,11,11,27.089,PIT,@,NYJ,W 20-7,*,9,22,40.91,120,2,0,89.2,2,7,5.45,7.27,3,56,18.67,0,,,,,0,0,0,0,,0,Terry Bradshaw,BradTe00
75,71,1975,1975-12-07,12,12,27.096,PIT,,CLE,W 31-17,*,11,25,44.00,135,2,0,87.9,4,37,5.40,7.00,3,30,10.00,0,,,,,0,0,0,0,,0,Terry Bradshaw,BradTe00
76,72,1975,1975-12-13,13,13,27.102,PIT,,CIN,W 35-14,*,13,23,56.52,149,1,1,72.6,1,21,6.48,5.39,3,19,6.33,1,,,,,1,6,0,0,,0,Terry Bradshaw,BradTe00
77,73,1975,1975-12-20,14,14,27.109,PIT,@,RAM,L 3-10,*,3,10,30.00,28,0,1,0.0,2,17,2.80,-1.70,1,2,2.00,0,,,,,0,0,0,0,,0,Terry Bradshaw,BradTe00
78,Rk,Year,Date,G#,Week,Age,Tm,,Opp,Result,GS,Cmp,Att,Cmp%,Yds,TD,Int,Rate,Sk,Yds,Y/A,AY/A,Att,Yds,Y/A,TD,Rec,Yds,Y/R,TD,TD,Pts,Pnt,Yds,Y/P,Blck,Terry Bradshaw,BradTe00
79,74,1976,1976-09-12,1,1,28.010,PIT,@,OAK,L 28-31,*,15,27,55.56,253,1,1,84.3,2,11,9.37,8.44,2,1,0.50,0,,,,,0,0,0,0,,0,Terry Bradshaw,BradTe00
80,75,1976,1976-09-19,2,2,28.017,PIT,,CLE,W 31-14,*,7,23,30.43,77,2,0,70.4,,,3.35,5.09,6,32,5.33,1,,,,,1,6,0,0,,0,Terry Bradshaw,BradTe00
81,76,1976,1976-09-26,3,3,28.024,PIT,,NWE,L 27-30,*,20,39,51.28,291,1,0,84.5,3,44,7.46,7.97,6,42,7.00,0,,,,,0,0,0,0,,0,Terry Bradshaw,BradTe00
82,77,1976,1976-10-04,4,4,28.032,PIT,@,MIN,L 6-17,*,10,22,45.45,90,1,4,32.6,5,38,4.09,-3.18,5,47,9.40,0,,,,,0,0,0,0,,0,Terry Bradshaw,BradTe00
83,78,1976,1976-10-10,5,5,28.038,PIT,@,CLE,L 16-18,*,10,18,55.56,75,0,1,42.6,4,49,4.17,1.67,2,17,8.50,0,,,,,0,0,0,0,,0,Terry Bradshaw,BradTe00
84,79,1976,1976-10-31,8,8,28.059,PIT,,SDG,W 23-0,,9,19,47.37,104,1,1,60.0,1,16,5.47,4.16,1,1,1.00,1,,,,,1,6,0,0,,0,Terry Bradshaw,BradTe00
85,80,1976,1976-11-07,9,9,28.066,PIT,@,KAN,W 45-0,*,7,15,46.67,132,1,1,72.1,1,6,8.80,7.13,,,,,,,,,0,0,0,0,,0,Terry Bradshaw,BradTe00
86,81,1976,1976-11-14,10,10,28.073,PIT,,MIA,W 14-3,*,0,2,0.00,0,0,0,39.6,,,0.00,0.00,3,37,12.33,0,,,,,0,0,0,0,,0,Terry Bradshaw,BradTe00
87,82,1976,1976-12-05,13,13,28.094,PIT,,TAM,W 42-0,,6,8,75.00,79,2,0,145.3,,,9.88,14.88,2,7,3.50,0,,,,,0,0,0,0,,0,Terry Bradshaw,BradTe00
88,83,1976,1976-12-11,14,14,28.100,PIT,@,HOU,W 21-0,*,8,19,42.11,76,1,1,49.5,,,4.00,2.68,4,35,8.75,1,,,,,1,6,0,0,,0,Terry Bradshaw,BradTe00
89,Rk,Year,Date,G#,Week,Age,Tm,,Opp,Result,GS,Cmp,Att,Cmp%,Yds,TD,Int,Rate,Sk,Yds,Y/A,AY/A,Att,Yds,Y/A,TD,Rec,Yds,Y/R,TD,TD,Pts,Pnt,Yds,Y/P,Blck,Terry Bradshaw,BradTe00
90,84,1977,1977-09-19,1,1,29.017,PIT,,SFO,W 27-0,*,12,23,52.17,164,1,0,89.8,3,31,7.13,8.00,4,20,5.00,0,,,,,0,0,0,0,,0,Terry Bradshaw,BradTe00
91,85,1977,1977-09-25,2,2,29.023,PIT,,OAK,L 7-16,*,16,32,50.00,268,1,3,50.0,5,51,8.38,4.78,2,18,9.00,0,,,,,0,0,0,0,,0,Terry Bradshaw,BradTe00
92,86,1977,1977-10-02,3,3,29.030,PIT,@,CLE,W 28-14,*,10,17,58.82,143,3,2,86.2,,,8.41,6.65,6,9,1.50,1,,,,,1,6,0,0,,0,Terry Bradshaw,BradTe00
93,87,1977,1977-10-09,4,4,29.037,PIT,@,HOU,L 10-27,*,7,19,36.84,149,0,4,25.9,,,7.84,-1.63,3,46,15.33,0,,,,,0,0,0,0,,0,Terry Bradshaw,BradTe00
94,88,1977,1977-10-17,5,5,29.045,PIT,,CIN,W 20-14,*,6,9,66.67,117,0,0,109.7,3,30,13.00,13.00,3,-3,-1.00,0,,,,,0,0,0,0,,0,Terry Bradshaw,BradTe00
95,89,1977,1977-10-23,6,6,29.051,PIT,,HOU,W 27-10,*,16,24,66.67,227,2,1,107.5,,,9.46,9.25,1,0,0.00,0,,,,,0,0,0,0,,0,Terry Bradshaw,BradTe00
96,90,1977,1977-10-30,7,7,29.058,PIT,@,BAL,L 21-31,*,11,26,42.31,234,1,5,48.1,2,15,9.00,1.12,3,37,12.33,0,,,,,0,0,0,0,,0,Terry Bradshaw,BradTe00
97,91,1977,1977-11-06,8,8,29.065,PIT,@,DEN,L 7-21,*,13,26,50.00,146,1,0,80.0,6,49,5.62,6.38,,,,,,,,,0,0,0,0,,0,Terry Bradshaw,BradTe00
98,92,1977,1977-11-13,9,9,29.072,PIT,,CLE,W 35-31,*,13,21,61.90,283,3,0,145.3,2,18,13.48,16.33,,,,,,,,,0,0,0,0,,0,Terry Bradshaw,BradTe00
99,93,1977,1977-11-20,10,10,29.079,PIT,,DAL,W 28-13,*,7,12,58.33,106,2,0,127.1,1,14,8.83,12.17,1,1,1.00,0,,,,,0,0,0,0,,0,Terry Bradshaw,BradTe00
100,94,1977,1977-11-27,11,11,29.086,PIT,@,NYJ,W 23-20,*,10,28,35.71,143,2,1,62.1,2,19,5.11,4.93,3,3,1.00,0,,,,,0,0,0,0,,0,Terry Bradshaw,BradTe00
101,95,1977,1977-12-04,12,12,29.093,PIT,,SEA,W 30-20,*,13,21,61.90,158,1,1,81.1,1,1,7.52,6.33,4,40,10.00,2,,,,,2,12,0,0,,0,Terry Bradshaw,BradTe00
102,96,1977,1977-12-10,13,13,29.099,PIT,@,CIN,L 10-17,*,20,39,51.28,246,0,1,60.4,1,7,6.31,5.15,,,,,,,,,0,0,0,0,,0,Terry Bradshaw,BradTe00
103,97,1977,1977-12-18,14,14,29.107,PIT,@,SDG,W 10-9,*,8,17,47.06,139,0,1,50.9,,,8.18,5.53,1,0,0.00,0,,,,,0,0,0,0,,0,Terry Bradshaw,BradTe00
104,Rk,Year,Date,G#,Week,Age,Tm,,Opp,Result,GS,Cmp,Att,Cmp%,Yds,TD,Int,Rate,Sk,Yds,Y/A,AY/A,Att,Yds,Y/A,TD,Rec,Yds,Y/R,TD,TD,Pts,Pnt,Yds,Y/P,Blck,Terry Bradshaw,BradTe00
105,98,1978,1978-09-03,1,1,30.001,PIT,@,BUF,W 28-17,*,14,19,73.68,217,2,1,124.2,,,11.42,11.16,3,-6,-2.00,0,,,,,0,0,0,0,,0,Terry Bradshaw,BradTe00
106,99,1978,1978-09-10,2,2,30.008,PIT,,SEA,W 21-10,*,17,33,51.52,213,2,0,92.1,2,28,6.45,7.67,3,6,2.00,0,,,,,0,0,0,0,,0,Terry Bradshaw,BradTe00
107,100,1978,1978-09-17,3,3,30.015,PIT,@,CIN,W 28-3,*,14,19,73.68,242,2,1,128.7,,,12.74,12.47,1,10,10.00,0,,,,,0,0,0,0,,0,Terry Bradshaw,BradTe00
108,101,1978,1978-09-24,4,4,30.022,PIT,,CLE,W 15-9,*,14,32,43.75,208,1,2,50.0,1,8,6.50,4.31,2,27,13.50,0,,,,,0,0,0,0,,0,Terry Bradshaw,BradTe00
109,102,1978,1978-10-01,5,5,30.029,PIT,@,NYJ,W 28-17,*,17,25,68.00,189,3,1,113.2,,,7.56,8.16,1,0,0.00,0,0,1,,0,0,0,0,0,,0,Terry Bradshaw,BradTe00
110,103,1978,1978-10-08,6,6,30.036,PIT,,ATL,W 31-7,*,13,18,72.22,231,1,0,132.9,1,11,12.83,13.94,2,3,1.50,1,,,,,1,6,0,0,,0,Terry Bradshaw,BradTe00
111,104,1978,1978-10-15,7,7,30.043,PIT,@,CLE,W 34-14,*,10,21,47.62,175,2,0,108.2,3,22,8.33,10.24,1,0,0.00,0,,,,,0,0,0,0,,0,Terry Bradshaw,BradTe00
112,105,1978,1978-10-23,8,8,30.051,PIT,,HOU,L 17-24,*,17,33,51.52,226,2,1,81.1,1,11,6.85,6.70,2,26,13.00,0,,,,,0,0,0,0,,0,Terry Bradshaw,BradTe00
113,106,1978,1978-10-29,9,9,30.057,PIT,,KAN,W 27-24,*,7,13,53.85,109,1,2,67.9,3,27,8.38,3.00,1,6,6.00,0,,,,,0,0,0,0,,0,Terry Bradshaw,BradTe00
114,107,1978,1978-11-05,10,10,30.064,PIT,,NOR,W 20-14,*,16,23,69.57,200,2,1,107.2,,,8.70,8.48,2,4,2.00,0,,,,,0,0,0,0,,0,Terry Bradshaw,BradTe00
115,108,1978,1978-11-12,11,11,30.071,PIT,@,RAM,L 7-10,*,11,25,44.00,125,1,3,33.3,1,10,5.00,0.40,1,2,2.00,0,,,,,0,0,0,0,,0,Terry Bradshaw,BradTe00
116,109,1978,1978-11-19,12,12,30.078,PIT,,CIN,W 7-6,*,12,30,40.00,117,0,4,12.1,2,33,3.90,-2.10,1,-3,-3.00,0,,,,,0,0,0,0,,0,Terry Bradshaw,BradTe00
117,110,1978,1978-11-27,13,13,30.086,PIT,@,SFO,W 24-7,*,13,21,61.90,195,3,1,112.1,2,27,9.29,10.00,6,6,1.00,0,,,,,0,0,0,0,,0,Terry Bradshaw,BradTe00
118,111,1978,1978-12-03,14,14,30.092,PIT,@,HOU,W 13-3,*,11,24,45.83,97,1,1,53.6,2,23,4.04,3.00,3,-3,-1.00,0,,,,,0,0,0,0,,0,Terry Bradshaw,BradTe00
119,112,1978,1978-12-09,15,15,30.098,PIT,,BAL,W 35-13,*,11,18,61.11,240,3,2,105.1,2,13,13.33,11.67,3,15,5.00,0,,,,,0,0,0,0,,0,Terry Bradshaw,BradTe00
120,113,1978,1978-12-16,16,16,30.105,PIT,@,DEN,W 21-17,*,10,14,71.43,131,2,0,140.2,1,9,9.36,12.21,,,,,,,,,0,0,0,0,,0,Terry Bradshaw,BradTe00
121,Rk,Year,Date,G#,Week,Age,Tm,,Opp,Result,GS,Cmp,Att,Cmp%,Yds,TD,Int,Rate,Sk,Yds,Y/A,AY/A,Att,Yds,Y/A,TD,Rec,Yds,Y/R,TD,TD,Pts,Pnt,Yds,Y/P,Blck,Terry Bradshaw,BradTe00
122,114,1979,1979-09-03,1,1,31.001,PIT,@,NWE,W 16-13,*,15,26,57.69,221,1,0,98.4,4,30,8.50,9.27,,,,,,,,,0,0,0,0,,0,Terry Bradshaw,BradTe00
123,115,1979,1979-09-09,2,2,31.007,PIT,,HOU,W 38-7,*,12,29,41.38,198,2,2,59.3,3,24,6.83,5.10,3,-3,-1.00,0,,,,,0,0,0,0,,0,Terry Bradshaw,BradTe00
124,116,1979,1979-09-16,3,3,31.014,PIT,@,STL,W 24-21,*,14,31,45.16,206,2,2,62.0,1,8,6.65,5.03,,,,,,,,,0,0,0,0,,0,Terry Bradshaw,BradTe00
125,117,1979,1979-09-23,4,4,31.021,PIT,,BAL,W 17-13,*,19,29,65.52,249,2,2,86.7,1,9,8.59,6.86,1,-2,-2.00,0,,,,,0,0,0,0,,0,Terry Bradshaw,BradTe00
126,118,1979,1979-09-30,5,5,31.028,PIT,@,PHI,L 14-17,*,12,26,46.15,176,1,2,49.5,1,7,6.77,4.08,,,,,,,,,0,0,0,0,,0,Terry Bradshaw,BradTe00
127,119,1979,1979-10-07,6,6,31.035,PIT,@,CLE,W 51-35,*,12,21,57.14,161,3,0,121.2,,,7.67,10.52,,,,,,,,,0,0,0,0,,0,Terry Bradshaw,BradTe00
128,120,1979,1979-10-14,7,7,31.042,PIT,@,CIN,L 10-34,*,21,40,52.50,275,1,2,62.0,1,12,6.88,5.13,3,0,0.00,0,,,,,0,0,0,0,,0,Terry Bradshaw,BradTe00
129,121,1979,1979-10-22,8,8,31.050,PIT,,DEN,W 42-7,*,18,24,75.00,267,2,1,121.4,,,11.13,10.92,2,5,2.50,0,,,,,0,0,0,0,,0,Terry Bradshaw,BradTe00
130,122,1979,1979-10-28,9,9,31.056,PIT,,DAL,W 14-3,*,11,25,44.00,126,0,0,59.7,1,11,5.04,5.04,2,-5,-2.50,0,,,,,0,0,0,0,,0,Terry Bradshaw,BradTe00
131,123,1979,1979-11-04,10,10,31.063,PIT,,WAS,W 38-7,*,15,27,55.56,311,4,1,120.5,1,7,11.52,12.81,,,,,,,,,0,0,0,0,,0,Terry Bradshaw,BradTe00
132,124,1979,1979-11-11,11,11,31.070,PIT,@,KAN,W 30-3,*,17,29,58.62,232,3,2,90.0,1,4,8.00,6.97,2,10,5.00,0,,,,,0,0,0,0,,0,Terry Bradshaw,BradTe00
133,125,1979,1979-11-18,12,12,31.077,PIT,@,SDG,L 7-35,*,18,36,50.00,153,0,5,21.9,3,29,4.25,-2.00,1,3,3.00,0,,,,,0,0,0,0,,0,Terry Bradshaw,BradTe00
134,126,1979,1979-11-25,13,13,31.084,PIT,,CLE,W 33-30,*,30,44,68.18,364,1,1,91.5,1,13,8.27,7.70,3,43,14.33,0,,,,,0,0,0,0,,0,Terry Bradshaw,BradTe00
135,127,1979,1979-12-02,14,14,31.091,PIT,,CIN,W 37-17,*,17,29,58.62,339,2,1,108.3,2,15,11.69,11.52,1,2,2.00,0,,,,,0,0,0,0,,0,Terry Bradshaw,BradTe00
136,128,1979,1979-12-10,15,15,31.099,PIT,@,HOU,L 17-20,*,14,29,48.28,237,1,2,59.1,3,19,8.17,5.76,1,20,20.00,0,,,,,0,0,0,0,,0,Terry Bradshaw,BradTe00
137,129,1979,1979-12-16,16,16,31.105,PIT,,BUF,W 28-0,*,14,27,51.85,209,1,2,59.0,1,8,7.74,5.15,2,10,5.00,0,,,,,0,0,0,0,,0,Terry Bradshaw,BradTe00
138,Rk,Year,Date,G#,Week,Age,Tm,,Opp,Result,GS,Cmp,Att,Cmp%,Yds,TD,Int,Rate,Sk,Yds,Y/A,AY/A,Att,Yds,Y/A,TD,Rec,Yds,Y/R,TD,TD,Pts,Pnt,Yds,Y/P,Blck,Terry Bradshaw,BradTe00
139,130,1980,1980-09-07,1,1,32.005,PIT,,HOU,W 31-17,*,12,24,50.00,254,2,2,80.9,2,17,10.58,8.50,2,6,3.00,1,,,,,1,6,0,0,,0,Terry Bradshaw,BradTe00
140,131,1980,1980-09-14,2,2,32.012,PIT,@,BAL,W 20-17,*,20,35,57.14,282,2,1,90.4,1,9,8.06,7.91,4,-2,-0.50,0,,,,,0,0,0,0,,0,Terry Bradshaw,BradTe00
141,132,1980,1980-09-21,3,3,32.019,PIT,@,CIN,L 28-30,*,14,25,56.00,265,3,2,99.2,,,10.60,9.40,1,0,0.00,0,,,,,0,0,0,0,,0,Terry Bradshaw,BradTe00
142,133,1980,1980-09-28,4,4,32.026,PIT,,CHI,W 38-3,*,12,19,63.16,217,4,1,120.0,1,7,11.42,13.26,1,-6,-6.00,0,,,,,0,0,0,0,,0,Terry Bradshaw,BradTe00
143,134,1980,1980-10-05,5,5,32.033,PIT,@,MIN,W 23-17,*,16,28,57.14,236,1,1,81.8,1,5,8.43,7.54,4,10,2.50,1,,,,,1,6,0,0,,0,Terry Bradshaw,BradTe00
144,135,1980,1980-10-12,6,6,32.040,PIT,,CIN,L 16-17,*,14,35,40.00,237,1,1,61.3,4,29,6.77,6.06,3,13,4.33,0,,,,,0,0,5,173,34.60,0,Terry Bradshaw,BradTe00
145,136,1980,1980-10-20,7,7,32.048,PIT,,OAK,L 34-45,*,18,27,66.67,299,2,1,113.0,4,32,11.07,10.89,2,12,6.00,0,,,,,0,0,0,0,,0,Terry Bradshaw,BradTe00
146,137,1980,1980-11-02,9,9,32.061,PIT,,GNB,W 22-20,*,12,28,42.86,135,2,2,51.9,2,14,4.82,3.04,4,10,2.50,0,,,,,0,0,0,0,,0,Terry Bradshaw,BradTe00
147,138,1980,1980-11-09,10,10,32.068,PIT,@,TAM,W 24-21,*,11,26,42.31,100,1,1,50.2,1,6,3.85,2.88,1,-1,-1.00,0,,,,,0,0,0,0,,0,Terry Bradshaw,BradTe00
148,139,1980,1980-11-16,11,11,32.075,PIT,,CLE,W 16-13,*,19,35,54.29,263,2,4,58.1,3,23,7.51,3.51,3,21,7.00,0,,,,,0,0,0,0,,0,Terry Bradshaw,BradTe00
149,140,1980,1980-11-23,12,12,32.082,PIT,@,BUF,L 13-28,*,17,31,54.84,155,0,0,68.6,2,15,5.00,5.00,3,17,5.67,0,,,,,0,0,0,0,,0,Terry Bradshaw,BradTe00
150,141,1980,1980-11-30,13,13,32.089,PIT,,MIA,W 23-10,*,13,31,41.94,289,1,1,73.2,3,22,9.32,8.52,3,14,4.67,0,,,,,0,0,0,0,,0,Terry Bradshaw,BradTe00
151,142,1980,1980-12-04,14,14,32.093,PIT,@,HOU,L 0-6,*,10,26,38.46,138,0,3,16.7,3,20,5.31,0.12,2,18,9.00,0,,,,,0,0,0,0,,0,Terry Bradshaw,BradTe00
152,143,1980,1980-12-14,15,15,32.103,PIT,,KAN,W 21-16,*,14,22,63.64,197,2,2,84.8,4,27,8.95,6.68,2,-1,-0.50,0,,,,,0,0,0,0,,0,Terry Bradshaw,BradTe00
153,144,1980,1980-12-22,16,16,32.111,PIT,@,SDG,L 17-26,*,16,32,50.00,272,1,0,89.6,2,19,8.50,9.13,1,0,0.00,0,,,,,0,0,0,0,,0,Terry Bradshaw,BradTe00
154,Rk,Year,Date,G#,Week,Age,Tm,,Opp,Result,GS,Cmp,Att,Cmp%,Yds,TD,Int,Rate,Sk,Yds,Y/A,AY/A,Att,Yds,Y/A,TD,Rec,Yds,Y/R,TD,TD,Pts,Pnt,Yds,Y/P,Blck,Terry Bradshaw,BradTe00
155,145,1981,1981-09-06,1,1,33.004,PIT,,KAN,L 33-37,*,21,36,58.33,319,2,2,83.0,0,0,8.86,7.47,2,-7,-3.50,0,0,0,,0,0,0,0,0,,0,Terry Bradshaw,BradTe00
156,146,1981,1981-09-10,2,2,33.008,PIT,@,MIA,L 10-30,*,15,33,45.45,222,1,2,52.8,4,39,6.73,4.61,2,16,8.00,0,0,0,,0,0,0,0,0,,0,Terry Bradshaw,BradTe00
157,147,1981,1981-09-20,3,3,33.018,PIT,,NYJ,W 38-10,*,14,28,50.00,225,0,0,77.2,2,19,8.04,8.04,7,41,5.86,1,0,0,,0,1,6,0,0,,0,Terry Bradshaw,BradTe00
158,148,1981,1981-09-27,4,4,33.025,PIT,,NWE,W 27-21,*,15,30,50.00,247,2,0,100.3,0,0,8.23,9.57,5,49,9.80,0,0,0,,0,0,0,0,0,,0,Terry Bradshaw,BradTe00
159,149,1981,1981-10-04,5,5,33.032,PIT,@,NOR,W 20-6,*,19,28,67.86,276,2,0,123.5,1,7,9.86,11.29,1,0,0.00,0,0,0,,0,0,0,0,0,,0,Terry Bradshaw,BradTe00
160,150,1981,1981-10-11,6,6,33.039,PIT,,CLE,W 13-7,*,19,33,57.58,199,1,1,72.7,0,0,6.03,5.27,3,20,6.67,0,0,0,,0,0,0,0,0,,0,Terry Bradshaw,BradTe00
161,151,1981,1981-10-18,7,7,33.046,PIT,@,CIN,L 7-34,*,14,27,51.85,145,1,0,80.0,1,5,5.37,6.11,1,5,5.00,0,0,0,,0,0,0,0,0,,0,Terry Bradshaw,BradTe00
162,152,1981,1981-10-26,8,8,33.054,PIT,,HOU,W 26-13,*,14,28,50.00,208,2,1,83.6,1,12,7.43,7.25,4,4,1.00,0,0,0,,0,0,0,0,0,,0,Terry Bradshaw,BradTe00
163,153,1981,1981-11-01,9,9,33.060,PIT,,SFO,L 14-17,*,12,23,52.17,125,1,3,43.1,0,0,5.43,0.43,3,7,2.33,0,0,0,,0,0,0,0,0,,0,Terry Bradshaw,BradTe00
164,154,1981,1981-11-08,10,10,33.067,PIT,@,SEA,L 21-24,*,13,22,59.09,212,1,2,68.8,1,7,9.64,6.45,2,6,3.00,0,0,0,,0,0,0,0,0,,0,Terry Bradshaw,BradTe00
165,155,1981,1981-11-15,11,11,33.074,PIT,@,ATL,W 34-20,*,14,22,63.64,253,5,1,123.7,3,32,11.50,14.00,1,1,1.00,0,0,0,,0,0,0,0,0,,0,Terry Bradshaw,BradTe00
166,156,1981,1981-11-22,12,12,33.081,PIT,@,CLE,W 32-10,*,17,32,53.13,223,2,2,70.2,0,0,6.97,5.41,2,4,2.00,0,0,0,,0,0,0,0,0,,0,Terry Bradshaw,BradTe00
167,157,1981,1981-11-29,13,13,33.088,PIT,,RAM,W 24-0,*,10,19,52.63,204,1,0,108.2,4,34,10.74,11.79,5,16,3.20,1,0,0,,0,1,6,0,0,,0,Terry Bradshaw,BradTe00
168,158,1981,1981-12-07,14,14,33.096,PIT,@,OAK,L 27-30,*,4,9,44.44,29,1,0,89.6,0,0,3.22,5.44,0,0,,0,0,0,,0,0,0,0,0,,0,Terry Bradshaw,BradTe00
169,Rk,Year,Date,G#,Week,Age,Tm,,Opp,Result,GS,Cmp,Att,Cmp%,Yds,TD,Int,Rate,Sk,Yds,Y/A,AY/A,Att,Yds,Y/A,TD,Rec,Yds,Y/R,TD,TD,Pts,Pnt,Yds,Y/P,Blck,Terry Bradshaw,BradTe00
170,159,1982,1982-09-13,1,1,34.011,PIT,@,DAL,W 36-28,*,17,28,60.71,246,3,0,125.0,1,5,8.79,10.93,0,0,,0,0,0,,0,0,0,0,0,,0,Terry Bradshaw,BradTe00
171,160,1982,1982-09-19,2,2,34.017,PIT,,CIN,W 26-20,*,29,42,69.05,298,3,0,113.0,3,29,7.10,8.52,2,3,1.50,0,0,0,,0,0,0,0,0,,0,Terry Bradshaw,BradTe00
172,161,1982,1982-11-21,3,11,34.080,PIT,@,HOU,W 24-10,*,16,40,40.00,228,3,2,63.3,4,29,5.70,4.95,1,6,6.00,0,0,0,,0,0,0,0,0,,0,Terry Bradshaw,BradTe00
173,162,1982,1982-11-28,4,12,34.087,PIT,@,SEA,L 0-16,*,5,7,71.43,67,0,0,101.5,1,5,9.57,9.57,0,0,,0,0,0,,0,0,0,0,0,,0,Terry Bradshaw,BradTe00
174,163,1982,1982-12-05,5,13,34.094,PIT,,KAN,W 35-14,*,15,20,75.00,231,3,1,131.5,1,8,11.55,12.30,2,0,0.00,0,0,0,,0,0,0,0,0,,0,Terry Bradshaw,BradTe00
175,164,1982,1982-12-12,6,14,34.101,PIT,@,BUF,L 0-13,*,2,13,15.38,3,0,2,0.0,4,26,0.23,-6.69,0,0,,0,0,0,,0,0,0,0,0,,0,Terry Bradshaw,BradTe00
176,165,1982,1982-12-19,7,15,34.108,PIT,@,CLE,L 9-10,*,12,39,30.77,144,1,4,12.1,3,20,3.69,-0.41,0,0,,0,0,0,,0,0,0,0,0,,0,Terry Bradshaw,BradTe00
177,166,1982,1982-12-26,8,16,34.115,PIT,,NWE,W 37-14,*,17,27,62.96,282,2,0,122.8,0,0,10.44,11.93,2,2,1.00,0,0,0,,0,0,0,0,0,,0,Terry Bradshaw,BradTe00
178,167,1982,1983-01-02,9,17,34.122,PIT,,CLE,W 37-21,*,14,24,58.33,269,2,2,90.5,1,9,11.21,9.13,1,-1,-1.00,0,0,0,,0,0,0,0,0,,0,Terry Bradshaw,BradTe00
179,Rk,Year,Date,G#,Week,Age,Tm,,Opp,Result,GS,Cmp,Att,Cmp%,Yds,TD,Int,Rate,Sk,Yds,Y/A,AY/A,Att,Yds,Y/A,TD,Rec,Yds,Y/R,TD,TD,Pts,Pnt,Yds,Y/P,Blck,Terry Bradshaw,BradTe00
180,168,1983,1983-12-10,15,15,35.099,PIT,@,NYJ,W 34-7,*,5,8,62.50,77,2,0,133.9,0,0,9.63,14.63,1,3,3.00,0,0,0,,0,0,0,0,0,,0,Terry Bradshaw,BradTe00
181,,,168 Games,,,,,,,111-57-0,,2025,3901,51.91,27989,212,210,70.9,307,2694,7.17,5.84,444,2257,5.08,32,0,1,,0,32,192,8,225,28.13,1,Terry Bradshaw,BradTe00
