,Unnamed: 0_level_0,Unnamed: 1_level_0,Unnamed: 2_level_0,Unnamed: 3_level_0,Unnamed: 4_level_0,Unnamed: 5_level_0,Unnamed: 6_level_0,Unnamed: 7_level_0,Unnamed: 8_level_0,Unnamed: 9_level_0,Unnamed: 10_level_0,Passing,Passing,Passing,Passing,Passing,Passing,Passing,Passing,Passing,Passing,Passing,Rushing,Rushing,Rushing,Rushing,Receiving,Receiving,Receiving,Receiving,Receiving,Receiving,Receiving,Scoring,Scoring,Fumbles,Fumbles,Fumbles,Fumbles,Fumbles,Fumbles,Punting,Punting,Punting,Punting,Off. Snaps,Off. Snaps,Def. Snaps,Def. Snaps,ST Snaps,ST Snaps,Unnamed: 51_level_0,qb,qb_tag
,Rk,Year,Date,G#,Week,Age,Tm,Unnamed: 7_level_1,Opp,Result,GS,Cmp,Att,Cmp%,Yds,TD,Int,Rate,Sk,Yds.1,Y/A,AY/A,Att,Yds,Y/A,TD,Tgt,Rec,Yds,Y/R,TD,Ctch%,Y/Tgt,TD,Pts,Fmb,FL,FF,FR,Yds,TD,Pnt,Yds,Y/P,Blck,Num,Pct,Num,Pct,Num,Pct,Status,,
0,1,2005,2005-09-08,1,1,,NWE,,OAK,W 30-20,Inactive,Inactive,Inactive,Inactive,Inactive,Inactive,Inactive,Inactive,Inactive,Inactive,Inactive,Inactive,Inactive,Inactive,Inactive,Inactive,Inactive,Inactive,Inactive,Inactive,Inactive,Inactive,Inactive,Inactive,Inactive,Inactive,Inactive,Inactive,Inactive,Inactive,Inactive,Inactive,Inactive,Inactive,Inactive,Inactive,Inactive,Inactive,Inactive,Inactive,Inactive,Inactive,Matt Cassel,CassMa00
1,2,2005,2005-09-18,2,2,,NWE,@,CAR,L 17-27,Inactive,Inactive,Inactive,Inactive,Inactive,Inactive,Inactive,Inactive,Inactive,Inactive,Inactive,Inactive,Inactive,Inactive,Inactive,Inactive,Inactive,Inactive,Inactive,Inactive,Inactive,Inactive,Inactive,Inactive,Inactive,Inactive,Inactive,Inactive,Inactive,Inactive,Inactive,Inactive,Inactive,Inactive,Inactive,Inactive,Inactive,Inactive,Inactive,Inactive,Inactive,Inactive,Matt Cassel,CassMa00
2,3,2005,2005-09-25,3,3,,NWE,@,PIT,W 23-20,Inactive,Inactive,Inactive,Inactive,Inactive,Inactive,Inactive,Inactive,Inactive,Inactive,Inactive,Inactive,Inactive,Inactive,Inactive,Inactive,Inactive,Inactive,Inactive,Inactive,Inactive,Inactive,Inactive,Inactive,Inactive,Inactive,Inactive,Inactive,Inactive,Inactive,Inactive,Inactive,Inactive,Inactive,Inactive,Inactive,Inactive,Inactive,Inactive,Inactive,Inactive,Inactive,Matt Cassel,CassMa00
3,4,2005,2005-10-02,4,4,23.138,NWE,,SDG,L 17-41,,2,4,50.00,15,0,1,19.8,0,0,3.75,-7.50,1,-1,-1.00,0,0,0,0,,0,0.0%,,0,0,0,,0,0,0,0,0,0,,0,,,,,,,,Matt Cassel,CassMa00
4,5,2005,2005-10-09,5,5,,NWE,@,ATL,W 31-28,Inactive,Inactive,Inactive,Inactive,Inactive,Inactive,Inactive,Inactive,Inactive,Inactive,Inactive,Inactive,Inactive,Inactive,Inactive,Inactive,Inactive,Inactive,Inactive,Inactive,Inactive,Inactive,Inactive,Inactive,Inactive,Inactive,Inactive,Inactive,Inactive,Inactive,Inactive,Inactive,Inactive,Inactive,Inactive,Inactive,Inactive,Inactive,Inactive,Inactive,Inactive,Inactive,Matt Cassel,CassMa00
5,6,2005,2005-10-16,6,6,,NWE,@,DEN,L 20-28,Inactive,Inactive,Inactive,Inactive,Inactive,Inactive,Inactive,Inactive,Inactive,Inactive,Inactive,Inactive,Inactive,Inactive,Inactive,Inactive,Inactive,Inactive,Inactive,Inactive,Inactive,Inactive,Inactive,Inactive,Inactive,Inactive,Inactive,Inactive,Inactive,Inactive,Inactive,Inactive,Inactive,Inactive,Inactive,Inactive,Inactive,Inactive,Inactive,Inactive,Inactive,Inactive,Matt Cassel,CassMa00
6,7,2005,2005-10-30,7,8,,NWE,,BUF,W 21-16,Inactive,Inactive,Inactive,Inactive,Inactive,Inactive,Inactive,Inactive,Inactive,Inactive,Inactive,Inactive,Inactive,Inactive,Inactive,Inactive,Inactive,Inactive,Inactive,Inactive,Inactive,Inactive,Inactive,Inactive,Inactive,Inactive,Inactive,Inactive,Inactive,Inactive,Inactive,Inactive,Inactive,Inactive,Inactive,Inactive,Inactive,Inactive,Inactive,Inactive,Inactive,Inactive,Matt Cassel,CassMa00
7,8,2005,2005-11-07,8,9,,NWE,,IND,L 21-40,Inactive,Inactive,Inactive,Inactive,Inactive,Inactive,Inactive,Inactive,Inactive,Inactive,Inactive,Inactive,Inactive,Inactive,Inactive,Inactive,Inactive,Inactive,Inactive,Inactive,Inactive,Inactive,Inactive,Inactive,Inactive,Inactive,Inactive,Inactive,Inactive,Inactive,Inactive,Inactive,Inactive,Inactive,Inactive,Inactive,Inactive,Inactive,Inactive,Inactive,Inactive,Inactive,Matt Cassel,CassMa00
8,9,2005,2005-11-13,9,10,,NWE,@,MIA,W 23-16,Inactive,Inactive,Inactive,Inactive,Inactive,Inactive,Inactive,Inactive,Inactive,Inactive,Inactive,Inactive,Inactive,Inactive,Inactive,Inactive,Inactive,Inactive,Inactive,Inactive,Inactive,Inactive,Inactive,Inactive,Inactive,Inactive,Inactive,Inactive,Inactive,Inactive,Inactive,Inactive,Inactive,Inactive,Inactive,Inactive,Inactive,Inactive,Inactive,Inactive,Inactive,Inactive,Matt Cassel,CassMa00
9,10,2005,2005-11-20,10,11,,NWE,,NOR,W 24-17,Inactive,Inactive,Inactive,Inactive,Inactive,Inactive,Inactive,Inactive,Inactive,Inactive,Inactive,Inactive,Inactive,Inactive,Inactive,Inactive,Inactive,Inactive,Inactive,Inactive,Inactive,Inactive,Inactive,Inactive,Inactive,Inactive,Inactive,Inactive,Inactive,Inactive,Inactive,Inactive,Inactive,Inactive,Inactive,Inactive,Inactive,Inactive,Inactive,Inactive,Inactive,Inactive,Matt Cassel,CassMa00
10,11,2005,2005-11-27,11,12,,NWE,@,KAN,L 16-26,Inactive,Inactive,Inactive,Inactive,Inactive,Inactive,Inactive,Inactive,Inactive,Inactive,Inactive,Inactive,Inactive,Inactive,Inactive,Inactive,Inactive,Inactive,Inactive,Inactive,Inactive,Inactive,Inactive,Inactive,Inactive,Inactive,Inactive,Inactive,Inactive,Inactive,Inactive,Inactive,Inactive,Inactive,Inactive,Inactive,Inactive,Inactive,Inactive,Inactive,Inactive,Inactive,Matt Cassel,CassMa00
11,12,2005,2005-12-04,12,13,,NWE,,NYJ,W 16-3,Inactive,Inactive,Inactive,Inactive,Inactive,Inactive,Inactive,Inactive,Inactive,Inactive,Inactive,Inactive,Inactive,Inactive,Inactive,Inactive,Inactive,Inactive,Inactive,Inactive,Inactive,Inactive,Inactive,Inactive,Inactive,Inactive,Inactive,Inactive,Inactive,Inactive,Inactive,Inactive,Inactive,Inactive,Inactive,Inactive,Inactive,Inactive,Inactive,Inactive,Inactive,Inactive,Matt Cassel,CassMa00
12,13,2005,2005-12-11,13,14,,NWE,@,BUF,W 35-7,Inactive,Inactive,Inactive,Inactive,Inactive,Inactive,Inactive,Inactive,Inactive,Inactive,Inactive,Inactive,Inactive,Inactive,Inactive,Inactive,Inactive,Inactive,Inactive,Inactive,Inactive,Inactive,Inactive,Inactive,Inactive,Inactive,Inactive,Inactive,Inactive,Inactive,Inactive,Inactive,Inactive,Inactive,Inactive,Inactive,Inactive,Inactive,Inactive,Inactive,Inactive,Inactive,Matt Cassel,CassMa00
13,14,2005,2005-12-17,14,15,,NWE,,TAM,W 28-0,Inactive,Inactive,Inactive,Inactive,Inactive,Inactive,Inactive,Inactive,Inactive,Inactive,Inactive,Inactive,Inactive,Inactive,Inactive,Inactive,Inactive,Inactive,Inactive,Inactive,Inactive,Inactive,Inactive,Inactive,Inactive,Inactive,Inactive,Inactive,Inactive,Inactive,Inactive,Inactive,Inactive,Inactive,Inactive,Inactive,Inactive,Inactive,Inactive,Inactive,Inactive,Inactive,Matt Cassel,CassMa00
14,15,2005,2005-12-26,15,16,,NWE,@,NYJ,W 31-21,Inactive,Inactive,Inactive,Inactive,Inactive,Inactive,Inactive,Inactive,Inactive,Inactive,Inactive,Inactive,Inactive,Inactive,Inactive,Inactive,Inactive,Inactive,Inactive,Inactive,Inactive,Inactive,Inactive,Inactive,Inactive,Inactive,Inactive,Inactive,Inactive,Inactive,Inactive,Inactive,Inactive,Inactive,Inactive,Inactive,Inactive,Inactive,Inactive,Inactive,Inactive,Inactive,Matt Cassel,CassMa00
15,16,2005,2006-01-01,16,17,23.229,NWE,,MIA,L 26-28,,11,20,55.00,168,2,0,116.2,1,1,8.40,10.40,5,13,2.60,0,0,0,0,,0,0.0%,,0,0,2,0,0,1,-1,0,0,0,,0,,,,,,,,Matt Cassel,CassMa00
16,Rk,Year,Date,G#,Week,Age,Tm,,Opp,Result,GS,Cmp,Att,Cmp%,Yds,TD,Int,Rate,Sk,Yds,Y/A,AY/A,Att,Yds,Y/A,TD,Tgt,Rec,Yds,Y/R,TD,Ctch%,Y/Tgt,TD,Pts,Fmb,FL,FF,FR,Yds,TD,Pnt,Yds,Y/P,Blck,Num,Pct,Num,Pct,Num,Pct,Status,Matt Cassel,CassMa00
17,17,2006,2006-09-10,1,1,,NWE,,BUF,W 19-17,Did Not Play,Did Not Play,Did Not Play,Did Not Play,Did Not Play,Did Not Play,Did Not Play,Did Not Play,Did Not Play,Did Not Play,Did Not Play,Did Not Play,Did Not Play,Did Not Play,Did Not Play,Did Not Play,Did Not Play,Did Not Play,Did Not Play,Did Not Play,Did Not Play,Did Not Play,Did Not Play,Did Not Play,Did Not Play,Did Not Play,Did Not Play,Did Not Play,Did Not Play,Did Not Play,Did Not Play,Did Not Play,Did Not Play,Did Not Play,Did Not Play,Did Not Play,Did Not Play,Did Not Play,Did Not Play,Did Not Play,Did Not Play,Did Not Play,Matt Cassel,CassMa00
18,18,2006,2006-09-17,2,2,,NWE,@,NYJ,W 24-17,Did Not Play,Did Not Play,Did Not Play,Did Not Play,Did Not Play,Did Not Play,Did Not Play,Did Not Play,Did Not Play,Did Not Play,Did Not Play,Did Not Play,Did Not Play,Did Not Play,Did Not Play,Did Not Play,Did Not Play,Did Not Play,Did Not Play,Did Not Play,Did Not Play,Did Not Play,Did Not Play,Did Not Play,Did Not Play,Did Not Play,Did Not Play,Did Not Play,Did Not Play,Did Not Play,Did Not Play,Did Not Play,Did Not Play,Did Not Play,Did Not Play,Did Not Play,Did Not Play,Did Not Play,Did Not Play,Did Not Play,Did Not Play,Did Not Play,Matt Cassel,CassMa00
19,19,2006,2006-09-24,3,3,,NWE,,DEN,L 7-17,Did Not Play,Did Not Play,Did Not Play,Did Not Play,Did Not Play,Did Not Play,Did Not Play,Did Not Play,Did Not Play,Did Not Play,Did Not Play,Did Not Play,Did Not Play,Did Not Play,Did Not Play,Did Not Play,Did Not Play,Did Not Play,Did Not Play,Did Not Play,Did Not Play,Did Not Play,Did Not Play,Did Not Play,Did Not Play,Did Not Play,Did Not Play,Did Not Play,Did Not Play,Did Not Play,Did Not Play,Did Not Play,Did Not Play,Did Not Play,Did Not Play,Did Not Play,Did Not Play,Did Not Play,Did Not Play,Did Not Play,Did Not Play,Did Not Play,Matt Cassel,CassMa00
20,20,2006,2006-10-01,4,4,,NWE,@,CIN,W 38-13,Did Not Play,Did Not Play,Did Not Play,Did Not Play,Did Not Play,Did Not Play,Did Not Play,Did Not Play,Did Not Play,Did Not Play,Did Not Play,Did Not Play,Did Not Play,Did Not Play,Did Not Play,Did Not Play,Did Not Play,Did Not Play,Did Not Play,Did Not Play,Did Not Play,Did Not Play,Did Not Play,Did Not Play,Did Not Play,Did Not Play,Did Not Play,Did Not Play,Did Not Play,Did Not Play,Did Not Play,Did Not Play,Did Not Play,Did Not Play,Did Not Play,Did Not Play,Did Not Play,Did Not Play,Did Not Play,Did Not Play,Did Not Play,Did Not Play,Matt Cassel,CassMa00
21,21,2006,2006-10-08,5,5,,NWE,,MIA,W 20-10,Did Not Play,Did Not Play,Did Not Play,Did Not Play,Did Not Play,Did Not Play,Did Not Play,Did Not Play,Did Not Play,Did Not Play,Did Not Play,Did Not Play,Did Not Play,Did Not Play,Did Not Play,Did Not Play,Did Not Play,Did Not Play,Did Not Play,Did Not Play,Did Not Play,Did Not Play,Did Not Play,Did Not Play,Did Not Play,Did Not Play,Did Not Play,Did Not Play,Did Not Play,Did Not Play,Did Not Play,Did Not Play,Did Not Play,Did Not Play,Did Not Play,Did Not Play,Did Not Play,Did Not Play,Did Not Play,Did Not Play,Did Not Play,Did Not Play,Matt Cassel,CassMa00
22,22,2006,2006-10-22,6,7,,NWE,@,BUF,W 28-6,Did Not Play,Did Not Play,Did Not Play,Did Not Play,Did Not Play,Did Not Play,Did Not Play,Did Not Play,Did Not Play,Did Not Play,Did Not Play,Did Not Play,Did Not Play,Did Not Play,Did Not Play,Did Not Play,Did Not Play,Did Not Play,Did Not Play,Did Not Play,Did Not Play,Did Not Play,Did Not Play,Did Not Play,Did Not Play,Did Not Play,Did Not Play,Did Not Play,Did Not Play,Did Not Play,Did Not Play,Did Not Play,Did Not Play,Did Not Play,Did Not Play,Did Not Play,Did Not Play,Did Not Play,Did Not Play,Did Not Play,Did Not Play,Did Not Play,Matt Cassel,CassMa00
23,23,2006,2006-10-30,7,8,24.166,NWE,@,MIN,W 31-7,,0,0,,0,0,0,,0,,,,1,-1,-1.00,0,0,0,0,,0,0.0%,,0,0,0,,0,0,0,0,0,0,,0,,,,,,,,Matt Cassel,CassMa00
24,24,2006,2006-11-05,8,9,,NWE,,IND,L 20-27,Did Not Play,Did Not Play,Did Not Play,Did Not Play,Did Not Play,Did Not Play,Did Not Play,Did Not Play,Did Not Play,Did Not Play,Did Not Play,Did Not Play,Did Not Play,Did Not Play,Did Not Play,Did Not Play,Did Not Play,Did Not Play,Did Not Play,Did Not Play,Did Not Play,Did Not Play,Did Not Play,Did Not Play,Did Not Play,Did Not Play,Did Not Play,Did Not Play,Did Not Play,Did Not Play,Did Not Play,Did Not Play,Did Not Play,Did Not Play,Did Not Play,Did Not Play,Did Not Play,Did Not Play,Did Not Play,Did Not Play,Did Not Play,Did Not Play,Matt Cassel,CassMa00
25,25,2006,2006-11-12,9,10,,NWE,,NYJ,L 14-17,Did Not Play,Did Not Play,Did Not Play,Did Not Play,Did Not Play,Did Not Play,Did Not Play,Did Not Play,Did Not Play,Did Not Play,Did Not Play,Did Not Play,Did Not Play,Did Not Play,Did Not Play,Did Not Play,Did Not Play,Did Not Play,Did Not Play,Did Not Play,Did Not Play,Did Not Play,Did Not Play,Did Not Play,Did Not Play,Did Not Play,Did Not Play,Did Not Play,Did Not Play,Did Not Play,Did Not Play,Did Not Play,Did Not Play,Did Not Play,Did Not Play,Did Not Play,Did Not Play,Did Not Play,Did Not Play,Did Not Play,Did Not Play,Did Not Play,Matt Cassel,CassMa00
26,26,2006,2006-11-19,10,11,24.186,NWE,@,GNB,W 35-0,,0,0,,0,0,0,,1,5,,,0,0,,0,0,0,0,,0,0.0%,,0,0,0,,0,0,0,0,0,0,,0,,,,,,,,Matt Cassel,CassMa00
27,27,2006,2006-11-26,11,12,,NWE,,CHI,W 17-13,Did Not Play,Did Not Play,Did Not Play,Did Not Play,Did Not Play,Did Not Play,Did Not Play,Did Not Play,Did Not Play,Did Not Play,Did Not Play,Did Not Play,Did Not Play,Did Not Play,Did Not Play,Did Not Play,Did Not Play,Did Not Play,Did Not Play,Did Not Play,Did Not Play,Did Not Play,Did Not Play,Did Not Play,Did Not Play,Did Not Play,Did Not Play,Did Not Play,Did Not Play,Did Not Play,Did Not Play,Did Not Play,Did Not Play,Did Not Play,Did Not Play,Did Not Play,Did Not Play,Did Not Play,Did Not Play,Did Not Play,Did Not Play,Did Not Play,Matt Cassel,CassMa00
28,28,2006,2006-12-03,12,13,,NWE,,DET,W 28-21,Did Not Play,Did Not Play,Did Not Play,Did Not Play,Did Not Play,Did Not Play,Did Not Play,Did Not Play,Did Not Play,Did Not Play,Did Not Play,Did Not Play,Did Not Play,Did Not Play,Did Not Play,Did Not Play,Did Not Play,Did Not Play,Did Not Play,Did Not Play,Did Not Play,Did Not Play,Did Not Play,Did Not Play,Did Not Play,Did Not Play,Did Not Play,Did Not Play,Did Not Play,Did Not Play,Did Not Play,Did Not Play,Did Not Play,Did Not Play,Did Not Play,Did Not Play,Did Not Play,Did Not Play,Did Not Play,Did Not Play,Did Not Play,Did Not Play,Matt Cassel,CassMa00
29,29,2006,2006-12-10,13,14,24.207,NWE,@,MIA,L 0-21,,2,3,66.67,12,0,0,74.3,1,4,4.00,4.00,0,0,,0,0,0,0,,0,0.0%,,0,0,1,1,0,0,0,0,0,0,,0,,,,,,,,Matt Cassel,CassMa00
30,30,2006,2006-12-17,14,15,24.214,NWE,,HOU,W 40-7,,3,4,75.00,20,0,0,85.4,0,0,5.00,5.00,0,0,,0,0,0,0,,0,0.0%,,0,0,0,,0,0,0,0,0,0,,0,,,,,,,,Matt Cassel,CassMa00
31,31,2006,2006-12-24,15,16,24.221,NWE,@,JAX,W 24-21,,0,0,,0,0,0,,0,,,,0,0,,0,,0,0,,0,0.0%,,0,0,0,,0,0,0,0,0,0,,0,,,,,,,,Matt Cassel,CassMa00
32,32,2006,2006-12-31,16,17,24.228,NWE,@,TEN,W 40-23,,0,1,0.00,0,0,0,39.6,1,6,0.00,0.00,1,5,5.00,0,0,0,0,,0,0.0%,,0,0,0,,0,0,0,0,0,0,,0,,,,,,,,Matt Cassel,CassMa00
33,Rk,Year,Date,G#,Week,Age,Tm,,Opp,Result,GS,Cmp,Att,Cmp%,Yds,TD,Int,Rate,Sk,Yds,Y/A,AY/A,Att,Yds,Y/A,TD,Tgt,Rec,Yds,Y/R,TD,Ctch%,Y/Tgt,TD,Pts,Fmb,FL,FF,FR,Yds,TD,Pnt,Yds,Y/P,Blck,Num,Pct,Num,Pct,Num,Pct,Status,Matt Cassel,CassMa00
34,33,2007,2007-09-09,1,1,25.115,NWE,@,NYJ,W 38-14,,0,0,,0,0,0,,0,,,,1,0,0.00,0,0,0,0,,0,0.0%,,0,0,1,0,0,1,-9,0,0,0,,0,,,,,,,,Matt Cassel,CassMa00
35,34,2007,2007-09-16,2,2,,NWE,,SDG,W 38-14,Did Not Play,Did Not Play,Did Not Play,Did Not Play,Did Not Play,Did Not Play,Did Not Play,Did Not Play,Did Not Play,Did Not Play,Did Not Play,Did Not Play,Did Not Play,Did Not Play,Did Not Play,Did Not Play,Did Not Play,Did Not Play,Did Not Play,Did Not Play,Did Not Play,Did Not Play,Did Not Play,Did Not Play,Did Not Play,Did Not Play,Did Not Play,Did Not Play,Did Not Play,Did Not Play,Did Not Play,Did Not Play,Did Not Play,Did Not Play,Did Not Play,Did Not Play,Did Not Play,Did Not Play,Did Not Play,Did Not Play,Did Not Play,Did Not Play,Matt Cassel,CassMa00
36,35,2007,2007-09-23,3,3,25.129,NWE,,BUF,W 38-7,,0,0,,0,0,0,,0,,,,0,0,,0,,0,0,,0,0.0%,,0,0,0,,0,0,0,0,0,0,,0,,,,,,,,Matt Cassel,CassMa00
37,36,2007,2007-10-01,4,4,25.137,NWE,@,CIN,W 34-13,,0,0,,0,0,0,,0,,,,2,-3,-1.50,0,0,0,0,,0,0.0%,,0,0,0,,0,0,0,0,0,0,,0,,,,,,,,Matt Cassel,CassMa00
38,37,2007,2007-10-07,5,5,,NWE,,CLE,W 34-17,Did Not Play,Did Not Play,Did Not Play,Did Not Play,Did Not Play,Did Not Play,Did Not Play,Did Not Play,Did Not Play,Did Not Play,Did Not Play,Did Not Play,Did Not Play,Did Not Play,Did Not Play,Did Not Play,Did Not Play,Did Not Play,Did Not Play,Did Not Play,Did Not Play,Did Not Play,Did Not Play,Did Not Play,Did Not Play,Did Not Play,Did Not Play,Did Not Play,Did Not Play,Did Not Play,Did Not Play,Did Not Play,Did Not Play,Did Not Play,Did Not Play,Did Not Play,Did Not Play,Did Not Play,Did Not Play,Did Not Play,Did Not Play,Did Not Play,Matt Cassel,CassMa00
39,38,2007,2007-10-14,6,6,,NWE,@,DAL,W 48-27,Did Not Play,Did Not Play,Did Not Play,Did Not Play,Did Not Play,Did Not Play,Did Not Play,Did Not Play,Did Not Play,Did Not Play,Did Not Play,Did Not Play,Did Not Play,Did Not Play,Did Not Play,Did Not Play,Did Not Play,Did Not Play,Did Not Play,Did Not Play,Did Not Play,Did Not Play,Did Not Play,Did Not Play,Did Not Play,Did Not Play,Did Not Play,Did Not Play,Did Not Play,Did Not Play,Did Not Play,Did Not Play,Did Not Play,Did Not Play,Did Not Play,Did Not Play,Did Not Play,Did Not Play,Did Not Play,Did Not Play,Did Not Play,Did Not Play,Matt Cassel,CassMa00
40,39,2007,2007-10-21,7,7,25.157,NWE,@,MIA,W 49-28,,0,2,0.00,0,0,1,0.0,0,0,0.00,-22.50,0,0,,0,0,0,0,,0,0.0%,,0,0,0,,0,0,0,0,0,0,,0,,,,,,,,Matt Cassel,CassMa00
41,40,2007,2007-10-28,8,8,25.164,NWE,,WAS,W 52-7,,2,3,66.67,28,0,0,96.5,0,0,9.33,9.33,1,15,15.00,1,0,0,0,,0,0.0%,,1,6,0,,0,0,0,0,0,0,,0,,,,,,,,Matt Cassel,CassMa00
42,41,2007,2007-11-04,9,9,,NWE,@,IND,W 24-20,Did Not Play,Did Not Play,Did Not Play,Did Not Play,Did Not Play,Did Not Play,Did Not Play,Did Not Play,Did Not Play,Did Not Play,Did Not Play,Did Not Play,Did Not Play,Did Not Play,Did Not Play,Did Not Play,Did Not Play,Did Not Play,Did Not Play,Did Not Play,Did Not Play,Did Not Play,Did Not Play,Did Not Play,Did Not Play,Did Not Play,Did Not Play,Did Not Play,Did Not Play,Did Not Play,Did Not Play,Did Not Play,Did Not Play,Did Not Play,Did Not Play,Did Not Play,Did Not Play,Did Not Play,Did Not Play,Did Not Play,Did Not Play,Did Not Play,Matt Cassel,CassMa00
43,42,2007,2007-11-18,10,11,25.185,NWE,@,BUF,W 56-10,,2,2,100.00,10,0,0,87.5,0,0,5.00,5.00,0,0,,0,0,0,0,,0,0.0%,,0,0,0,,0,0,0,0,0,0,,0,,,,,,,,Matt Cassel,CassMa00
44,43,2007,2007-11-25,11,12,,NWE,,PHI,W 31-28,Did Not Play,Did Not Play,Did Not Play,Did Not Play,Did Not Play,Did Not Play,Did Not Play,Did Not Play,Did Not Play,Did Not Play,Did Not Play,Did Not Play,Did Not Play,Did Not Play,Did Not Play,Did Not Play,Did Not Play,Did Not Play,Did Not Play,Did Not Play,Did Not Play,Did Not Play,Did Not Play,Did Not Play,Did Not Play,Did Not Play,Did Not Play,Did Not Play,Did Not Play,Did Not Play,Did Not Play,Did Not Play,Did Not Play,Did Not Play,Did Not Play,Did Not Play,Did Not Play,Did Not Play,Did Not Play,Did Not Play,Did Not Play,Did Not Play,Matt Cassel,CassMa00
45,44,2007,2007-12-03,12,13,,NWE,@,BAL,W 27-24,Did Not Play,Did Not Play,Did Not Play,Did Not Play,Did Not Play,Did Not Play,Did Not Play,Did Not Play,Did Not Play,Did Not Play,Did Not Play,Did Not Play,Did Not Play,Did Not Play,Did Not Play,Did Not Play,Did Not Play,Did Not Play,Did Not Play,Did Not Play,Did Not Play,Did Not Play,Did Not Play,Did Not Play,Did Not Play,Did Not Play,Did Not Play,Did Not Play,Did Not Play,Did Not Play,Did Not Play,Did Not Play,Did Not Play,Did Not Play,Did Not Play,Did Not Play,Did Not Play,Did Not Play,Did Not Play,Did Not Play,Did Not Play,Did Not Play,Matt Cassel,CassMa00
46,45,2007,2007-12-09,13,14,,NWE,,PIT,W 34-13,Did Not Play,Did Not Play,Did Not Play,Did Not Play,Did Not Play,Did Not Play,Did Not Play,Did Not Play,Did Not Play,Did Not Play,Did Not Play,Did Not Play,Did Not Play,Did Not Play,Did Not Play,Did Not Play,Did Not Play,Did Not Play,Did Not Play,Did Not Play,Did Not Play,Did Not Play,Did Not Play,Did Not Play,Did Not Play,Did Not Play,Did Not Play,Did Not Play,Did Not Play,Did Not Play,Did Not Play,Did Not Play,Did Not Play,Did Not Play,Did Not Play,Did Not Play,Did Not Play,Did Not Play,Did Not Play,Did Not Play,Did Not Play,Did Not Play,Matt Cassel,CassMa00
47,46,2007,2007-12-16,14,15,,NWE,,NYJ,W 20-10,Did Not Play,Did Not Play,Did Not Play,Did Not Play,Did Not Play,Did Not Play,Did Not Play,Did Not Play,Did Not Play,Did Not Play,Did Not Play,Did Not Play,Did Not Play,Did Not Play,Did Not Play,Did Not Play,Did Not Play,Did Not Play,Did Not Play,Did Not Play,Did Not Play,Did Not Play,Did Not Play,Did Not Play,Did Not Play,Did Not Play,Did Not Play,Did Not Play,Did Not Play,Did Not Play,Did Not Play,Did Not Play,Did Not Play,Did Not Play,Did Not Play,Did Not Play,Did Not Play,Did Not Play,Did Not Play,Did Not Play,Did Not Play,Did Not Play,Matt Cassel,CassMa00
48,47,2007,2007-12-23,15,16,,NWE,,MIA,W 28-7,Did Not Play,Did Not Play,Did Not Play,Did Not Play,Did Not Play,Did Not Play,Did Not Play,Did Not Play,Did Not Play,Did Not Play,Did Not Play,Did Not Play,Did Not Play,Did Not Play,Did Not Play,Did Not Play,Did Not Play,Did Not Play,Did Not Play,Did Not Play,Did Not Play,Did Not Play,Did Not Play,Did Not Play,Did Not Play,Did Not Play,Did Not Play,Did Not Play,Did Not Play,Did Not Play,Did Not Play,Did Not Play,Did Not Play,Did Not Play,Did Not Play,Did Not Play,Did Not Play,Did Not Play,Did Not Play,Did Not Play,Did Not Play,Did Not Play,Matt Cassel,CassMa00
49,48,2007,2007-12-29,16,17,,NWE,@,NYG,W 38-35,Did Not Play,Did Not Play,Did Not Play,Did Not Play,Did Not Play,Did Not Play,Did Not Play,Did Not Play,Did Not Play,Did Not Play,Did Not Play,Did Not Play,Did Not Play,Did Not Play,Did Not Play,Did Not Play,Did Not Play,Did Not Play,Did Not Play,Did Not Play,Did Not Play,Did Not Play,Did Not Play,Did Not Play,Did Not Play,Did Not Play,Did Not Play,Did Not Play,Did Not Play,Did Not Play,Did Not Play,Did Not Play,Did Not Play,Did Not Play,Did Not Play,Did Not Play,Did Not Play,Did Not Play,Did Not Play,Did Not Play,Did Not Play,Did Not Play,Matt Cassel,CassMa00
50,Rk,Year,Date,G#,Week,Age,Tm,,Opp,Result,GS,Cmp,Att,Cmp%,Yds,TD,Int,Rate,Sk,Yds,Y/A,AY/A,Att,Yds,Y/A,TD,Tgt,Rec,Yds,Y/R,TD,Ctch%,Y/Tgt,TD,Pts,Fmb,FL,FF,FR,Yds,TD,Pnt,Yds,Y/P,Blck,Num,Pct,Num,Pct,Num,Pct,Status,Matt Cassel,CassMa00
51,49,2008,2008-09-07,1,1,26.113,NWE,,KAN,W 17-10,,13,18,72.22,152,1,0,116.0,2,16,8.44,9.56,4,13,3.25,0,0,0,0,,0,0.0%,,0,0,0,,0,0,0,0,0,0,,0,,,,,,,,Matt Cassel,CassMa00
52,50,2008,2008-09-14,2,2,26.120,NWE,@,NYJ,W 19-10,*,16,23,69.57,165,0,0,89.9,4,9,7.17,7.17,1,7,7.00,0,0,0,0,,0,0.0%,,0,0,0,,0,0,0,0,0,0,,0,,,,,,,,Matt Cassel,CassMa00
53,51,2008,2008-09-21,3,3,26.127,NWE,,MIA,L 13-38,*,19,31,61.29,131,1,1,68.1,4,17,4.23,3.42,2,4,2.00,0,0,0,0,,0,0.0%,,0,0,1,1,0,0,0,0,0,0,,0,,,,,,,,Matt Cassel,CassMa00
54,52,2008,2008-10-05,4,5,26.141,NWE,@,SFO,W 30-21,*,22,32,68.75,259,1,2,77.5,5,26,8.09,5.91,4,5,1.25,0,0,0,0,,0,0.0%,,0,0,1,0,0,1,0,0,0,0,,0,,,,,,,,Matt Cassel,CassMa00
55,53,2008,2008-10-12,5,6,26.148,NWE,@,SDG,L 10-30,*,22,38,57.89,203,0,1,61.6,4,10,5.34,4.16,7,29,4.14,0,0,0,0,,0,0.0%,,0,0,1,0,0,0,0,0,0,0,,0,,,,,,,,Matt Cassel,CassMa00
56,54,2008,2008-10-20,6,7,26.156,NWE,,DEN,W 41-7,*,18,24,75.00,185,3,0,136.3,6,38,7.71,10.21,4,1,0.25,0,0,0,0,,0,0.0%,,0,0,0,,0,0,0,0,0,0,,0,,,,,,,,Matt Cassel,CassMa00
57,55,2008,2008-10-26,7,8,26.162,NWE,,STL,W 23-16,*,21,33,63.64,267,1,2,73.7,3,17,8.09,5.97,7,22,3.14,0,0,0,0,,0,0.0%,,0,0,0,,0,0,0,0,0,0,,0,,,,,,,,Matt Cassel,CassMa00
58,56,2008,2008-11-02,8,9,26.169,NWE,@,IND,L 15-18,*,25,34,73.53,204,0,1,76.1,0,0,6.00,4.68,5,20,4.00,0,0,0,0,,0,0.0%,,0,0,0,,0,0,0,0,0,0,,0,,,,,,,,Matt Cassel,CassMa00
59,57,2008,2008-11-09,9,10,26.176,NWE,,BUF,W 20-10,*,22,32,68.75,234,0,0,89.8,1,8,7.31,7.31,9,22,2.44,1,0,0,0,,0,0.0%,,1,6,1,1,0,0,0,0,0,0,,0,,,,,,,,Matt Cassel,CassMa00
60,58,2008,2008-11-13,10,11,26.180,NWE,,NYJ,L 31-34,*,30,51,58.82,400,3,0,103.4,3,14,7.84,9.02,8,62,7.75,0,0,0,0,,0,0.0%,,0,0,1,0,0,1,-17,0,0,0,,0,,,,,,,,Matt Cassel,CassMa00
61,59,2008,2008-11-23,11,12,26.190,NWE,@,MIA,W 48-28,*,30,43,69.77,415,3,1,114.0,2,7,9.65,10.00,2,14,7.00,1,0,0,0,,0,0.0%,,1,6,0,,0,0,0,0,0,0,,0,,,,,,,,Matt Cassel,CassMa00
62,60,2008,2008-11-30,12,13,26.197,NWE,,PIT,L 10-33,*,19,39,48.72,169,0,2,39.4,5,24,4.33,2.03,2,1,0.50,0,0,0,0,,0,0.0%,,0,0,2,2,0,0,0,0,0,0,,0,,,,,,,,Matt Cassel,CassMa00
63,61,2008,2008-12-07,13,14,26.204,NWE,@,SEA,W 24-21,*,26,44,59.09,268,1,0,84.3,3,8,6.09,6.55,7,14,2.00,0,0,0,0,,0,0.0%,,0,0,0,,0,0,0,0,0,0,,0,,,,,,,,Matt Cassel,CassMa00
64,62,2008,2008-12-14,14,15,26.211,NWE,@,OAK,W 49-26,*,18,30,60.00,218,4,1,108.1,3,8,7.27,8.43,6,18,3.00,0,0,0,0,,0,0.0%,,0,0,0,,0,0,0,0,0,0,,0,,,,,,,,Matt Cassel,CassMa00
65,63,2008,2008-12-21,15,16,26.218,NWE,,ARI,W 47-7,*,20,36,55.56,345,3,0,116.1,1,12,9.58,11.25,2,19,9.50,0,0,0,0,,0,0.0%,,0,0,0,,0,0,0,0,0,0,,0,,,,,,,,Matt Cassel,CassMa00
66,64,2008,2008-12-28,16,17,26.225,NWE,@,BUF,W 13-0,*,6,8,75.00,78,0,0,105.2,1,5,9.75,9.75,3,19,6.33,0,0,0,0,,0,0.0%,,0,0,0,,0,0,0,0,1,57,57.00,0,,,,,,,,Matt Cassel,CassMa00
67,Rk,Year,Date,G#,Week,Age,Tm,,Opp,Result,GS,Cmp,Att,Cmp%,Yds,TD,Int,Rate,Sk,Yds,Y/A,AY/A,Att,Yds,Y/A,TD,Tgt,Rec,Yds,Y/R,TD,Ctch%,Y/Tgt,TD,Pts,Fmb,FL,FF,FR,Yds,TD,Pnt,Yds,Y/P,Blck,Num,Pct,Num,Pct,Num,Pct,Status,Matt Cassel,CassMa00
68,65,2009,2009-09-13,1,1,,KAN,@,BAL,L 24-38,Inactive,Inactive,Inactive,Inactive,Inactive,Inactive,Inactive,Inactive,Inactive,Inactive,Inactive,Inactive,Inactive,Inactive,Inactive,Inactive,Inactive,Inactive,Inactive,Inactive,Inactive,Inactive,Inactive,Inactive,Inactive,Inactive,Inactive,Inactive,Inactive,Inactive,Inactive,Inactive,Inactive,Inactive,Inactive,Inactive,Inactive,Inactive,Inactive,Inactive,Inactive,Inactive,Matt Cassel,CassMa00
69,66,2009,2009-09-20,2,2,27.126,KAN,,OAK,L 10-13,*,24,39,61.54,241,1,2,66.3,2,5,6.18,4.38,5,34,6.80,0,0,0,0,,0,0.0%,,0,0,0,,0,0,0,0,0,0,,0,,,,,,,,Matt Cassel,CassMa00
70,67,2009,2009-09-27,3,3,27.133,KAN,@,PHI,L 14-34,*,14,18,77.78,90,2,0,124.5,3,19,5.00,7.22,2,-1,-0.50,0,0,0,0,,0,0.0%,,0,0,1,0,0,1,-4,0,0,0,,0,,,,,,,,Matt Cassel,CassMa00
71,68,2009,2009-10-04,4,4,27.140,KAN,,NYG,L 16-27,*,15,32,46.88,127,2,0,78.5,5,39,3.97,5.22,4,25,6.25,0,0,0,0,,0,0.0%,,0,0,3,0,0,1,-3,0,0,0,,0,,,,,,,,Matt Cassel,CassMa00
72,69,2009,2009-10-11,5,5,27.147,KAN,,DAL,L 20-26,*,23,41,56.10,253,2,0,90.8,4,21,6.17,7.15,4,28,7.00,0,0,0,0,,0,0.0%,,0,0,0,,0,0,0,0,0,0,,0,,,,,,,,Matt Cassel,CassMa00
73,70,2009,2009-10-18,6,6,27.154,KAN,@,WAS,W 14-6,*,16,31,51.61,186,0,0,70.1,5,28,6.00,6.00,6,16,2.67,0,0,0,0,,0,0.0%,,0,0,1,0,0,0,0,0,0,0,,0,,,,,,,,Matt Cassel,CassMa00
74,71,2009,2009-10-25,7,7,27.161,KAN,,SDG,L 7-37,*,10,25,40.00,97,1,3,25.3,5,18,3.88,-0.72,5,24,4.80,0,0,0,0,,0,0.0%,,0,0,0,,0,0,0,0,0,0,,0,,,,,,,,Matt Cassel,CassMa00
75,72,2009,2009-11-08,8,9,27.175,KAN,@,JAX,L 21-24,*,23,39,58.97,262,2,0,96.3,3,21,6.72,7.74,2,3,1.50,0,0,0,0,,0,0.0%,,0,0,1,0,0,0,-4,0,0,0,,0,,,,,,,,Matt Cassel,CassMa00
76,73,2009,2009-11-15,9,10,27.182,KAN,@,OAK,W 16-10,*,19,34,55.88,216,0,1,62.9,2,10,6.35,5.03,4,-3,-0.75,0,0,0,0,,0,0.0%,,0,0,2,1,0,0,-3,0,0,0,,0,,,,,,,,Matt Cassel,CassMa00
77,74,2009,2009-11-22,10,11,27.189,KAN,,PIT,W 27-24,*,15,30,50.00,248,2,0,100.4,5,34,8.27,9.60,1,-1,-1.00,0,0,0,0,,0,0.0%,,0,0,1,1,0,0,0,0,0,0,,0,,,,,,,,Matt Cassel,CassMa00
78,75,2009,2009-11-29,11,12,27.196,KAN,@,SDG,L 14-43,*,19,31,61.29,178,1,1,74.4,1,11,5.74,4.94,6,22,3.67,0,0,0,0,,0,0.0%,,0,0,2,1,0,1,-11,0,0,0,,0,,,,,,,,Matt Cassel,CassMa00
79,76,2009,2009-12-06,12,13,27.203,KAN,,DEN,L 13-44,*,10,29,34.48,84,0,2,14.6,2,6,2.90,-0.21,3,17,5.67,0,0,0,0,,0,0.0%,,0,0,1,0,0,0,-3,0,0,0,,0,,,,,,,,Matt Cassel,CassMa00
80,77,2009,2009-12-13,13,14,27.210,KAN,,BUF,L 10-16,*,26,43,60.47,224,0,4,35.4,3,15,5.21,1.02,2,-6,-3.00,0,0,0,0,,0,0.0%,,0,0,1,0,0,0,0,0,0,0,,0,,,,,,,,Matt Cassel,CassMa00
81,78,2009,2009-12-20,14,15,27.217,KAN,,CLE,L 34-41,*,22,40,55.00,331,2,0,99.1,1,8,8.28,9.28,2,10,5.00,0,0,0,0,,0,0.0%,,0,0,0,,0,0,0,0,0,0,,0,,,,,,,,Matt Cassel,CassMa00
82,79,2009,2009-12-27,15,16,27.224,KAN,@,CIN,L 10-17,*,22,37,59.46,180,1,2,58.4,1,8,4.86,2.97,3,21,7.00,0,0,0,0,,0,0.0%,,0,0,0,,0,0,0,0,0,0,,0,,,,,,,,Matt Cassel,CassMa00
83,80,2009,2010-01-03,16,17,27.231,KAN,@,DEN,W 44-24,*,13,24,54.17,207,0,1,65.8,0,0,8.63,6.75,1,0,0.00,0,1,0,0,,0,0.0%,0.00,0,0,1,0,0,1,-1,0,0,0,,0,,,,,,,,Matt Cassel,CassMa00
84,Rk,Year,Date,G#,Week,Age,Tm,,Opp,Result,GS,Cmp,Att,Cmp%,Yds,TD,Int,Rate,Sk,Yds,Y/A,AY/A,Att,Yds,Y/A,TD,Tgt,Rec,Yds,Y/R,TD,Ctch%,Y/Tgt,TD,Pts,Fmb,FL,FF,FR,Yds,TD,Pnt,Yds,Y/P,Blck,Num,Pct,Num,Pct,Num,Pct,Status,Matt Cassel,CassMa00
85,81,2010,2010-09-13,1,1,28.119,KAN,,SDG,W 21-14,*,10,22,45.45,68,1,0,68.0,1,6,3.09,4.00,2,4,2.00,0,0,0,0,,0,0.0%,,0,0,0,,0,0,0,0,0,0,,0,,,,,,,,Matt Cassel,CassMa00
86,82,2010,2010-09-19,2,2,28.125,KAN,@,CLE,W 16-14,*,16,28,57.14,176,0,2,46.1,1,4,6.29,3.07,4,5,1.25,0,0,0,0,,0,0.0%,,0,0,0,,0,0,0,0,0,0,,0,,,,,,,,Matt Cassel,CassMa00
87,83,2010,2010-09-26,3,3,28.132,KAN,,SFO,W 31-10,*,16,27,59.26,250,3,1,111.7,0,0,9.26,9.81,2,7,3.50,0,0,0,0,,0,0.0%,,0,0,0,,0,0,0,0,0,0,,0,,,,,,,,Matt Cassel,CassMa00
88,84,2010,2010-10-10,4,5,28.146,KAN,@,IND,L 9-19,*,16,29,55.17,156,0,0,70.5,1,8,5.38,5.38,1,1,1.00,0,0,0,0,,0,0.0%,,0,0,1,0,0,0,0,0,0,0,,0,,,,,,,,Matt Cassel,CassMa00
89,85,2010,2010-10-17,5,6,28.153,KAN,@,HOU,L 31-35,*,20,29,68.97,201,3,0,122.9,1,12,6.93,9.00,1,8,8.00,0,0,0,0,,0,0.0%,,0,0,0,,0,0,0,0,0,0,,0,,,,,,,,Matt Cassel,CassMa00
90,86,2010,2010-10-24,6,7,28.160,KAN,,JAX,W 42-20,*,13,18,72.22,193,2,0,144.0,1,3,10.72,12.94,0,0,,0,0,0,0,,0,0.0%,,0,0,0,,0,0,0,0,0,0,,0,,,,,,,,Matt Cassel,CassMa00
91,87,2010,2010-10-31,7,8,28.167,KAN,,BUF,W 13-10,*,14,26,53.85,152,1,0,84.1,3,12,5.85,6.62,2,13,6.50,0,0,0,0,,0,0.0%,,0,0,0,,0,0,0,0,0,0,,0,,,,,,,,Matt Cassel,CassMa00
92,88,2010,2010-11-07,8,9,28.174,KAN,@,OAK,L 20-23,*,20,35,57.14,216,2,1,82.6,3,16,6.17,6.03,3,14,4.67,0,0,0,0,,0,0.0%,,0,0,0,,0,0,0,0,0,0,,0,,,,,,,,Matt Cassel,CassMa00
93,89,2010,2010-11-14,9,10,28.181,KAN,@,DEN,L 29-49,*,33,53,62.26,469,4,0,116.0,4,36,8.85,10.36,2,3,1.50,0,0,0,0,,0,0.0%,,0,0,1,1,0,0,0,0,0,0,,0,,,,,,,,Matt Cassel,CassMa00
94,90,2010,2010-11-21,10,11,28.188,KAN,,ARI,W 31-13,*,15,24,62.50,193,2,0,115.5,0,0,8.04,9.71,0,0,,0,0,0,0,,0,0.0%,,0,0,0,,0,0,0,0,0,0,,0,,,,,,,,Matt Cassel,CassMa00
95,91,2010,2010-11-28,11,12,28.195,KAN,@,SEA,W 42-24,*,22,32,68.75,233,4,0,129.3,0,0,7.28,9.78,5,28,5.60,0,0,0,0,,0,0.0%,,0,0,0,,0,0,0,0,0,0,,0,,,,,,,,Matt Cassel,CassMa00
96,92,2010,2010-12-05,12,13,28.202,KAN,,DEN,W 10-6,*,17,31,54.84,196,1,0,84.9,2,22,6.32,6.97,2,5,2.50,0,0,0,0,,0,0.0%,,0,0,0,0,0,0,0,0,0,0,,0,,,,,,,,Matt Cassel,CassMa00
97,93,2010,2010-12-12,13,14,,KAN,@,SDG,L 0-31,Inactive,Inactive,Inactive,Inactive,Inactive,Inactive,Inactive,Inactive,Inactive,Inactive,Inactive,Inactive,Inactive,Inactive,Inactive,Inactive,Inactive,Inactive,Inactive,Inactive,Inactive,Inactive,Inactive,Inactive,Inactive,Inactive,Inactive,Inactive,Inactive,Inactive,Inactive,Inactive,Inactive,Inactive,Inactive,Inactive,Inactive,Inactive,Inactive,Inactive,Inactive,Inactive,Matt Cassel,CassMa00
98,94,2010,2010-12-19,14,15,28.216,KAN,@,STL,W 27-13,*,15,29,51.72,184,1,1,68.8,3,11,6.34,5.48,6,17,2.83,0,0,0,0,,0,0.0%,,0,0,0,,0,0,0,0,0,0,,0,,,,,,,,Matt Cassel,CassMa00
99,95,2010,2010-12-26,15,16,28.223,KAN,,TEN,W 34-14,*,24,34,70.59,314,3,0,128.8,1,6,9.24,11.00,3,20,6.67,0,0,0,0,,0,0.0%,,0,0,1,0,0,0,-2,0,0,0,,0,,,,,,,,Matt Cassel,CassMa00
100,96,2010,2011-01-02,16,17,28.230,KAN,,OAK,L 10-31,*,11,33,33.33,115,0,2,19.1,5,46,3.48,0.76,0,0,,0,0,0,0,,0,0.0%,,0,0,0,,0,0,0,0,0,0,,0,,,,,,,,Matt Cassel,CassMa00
101,Rk,Year,Date,G#,Week,Age,Tm,,Opp,Result,GS,Cmp,Att,Cmp%,Yds,TD,Int,Rate,Sk,Yds,Y/A,AY/A,Att,Yds,Y/A,TD,Tgt,Rec,Yds,Y/R,TD,Ctch%,Y/Tgt,TD,Pts,Fmb,FL,FF,FR,Yds,TD,Pnt,Yds,Y/P,Blck,Num,Pct,Num,Pct,Num,Pct,Status,Matt Cassel,CassMa00
102,97,2011,2011-09-11,1,1,29.117,KAN,,BUF,L 7-41,*,22,36,61.11,119,1,1,64.5,2,14,3.31,2.61,0,0,,0,1,1,-4,-4.00,0,100.0%,-4.00,0,0,0,,0,0,0,0,0,0,,0,,,,,,,,Matt Cassel,CassMa00
103,98,2011,2011-09-18,2,2,29.124,KAN,@,DET,L 3-48,*,15,22,68.18,133,0,3,44.5,2,17,6.05,-0.09,0,0,,0,0,0,0,,0,0.0%,,0,0,1,1,0,0,0,0,0,0,,0,,,,,,,,Matt Cassel,CassMa00
104,99,2011,2011-09-25,3,3,29.131,KAN,@,SDG,L 17-20,*,17,24,70.83,176,2,1,102.1,1,5,7.33,7.13,1,1,1.00,0,0,0,0,,0,0.0%,,0,0,1,0,0,0,0,0,0,0,,0,,,,,,,,Matt Cassel,CassMa00
105,100,2011,2011-10-02,4,4,29.138,KAN,,MIN,W 22-17,*,18,29,62.07,260,1,0,102.7,3,13,8.97,9.66,4,20,5.00,0,0,0,0,,0,0.0%,,0,0,0,,0,0,0,0,0,0,,0,,,,,,,,Matt Cassel,CassMa00
106,101,2011,2011-10-09,5,5,29.145,KAN,@,IND,W 28-24,*,21,29,72.41,257,4,0,138.9,2,15,8.86,11.62,5,12,2.40,0,0,0,0,,0,0.0%,,0,0,0,,0,0,0,0,0,0,,0,,,,,,,,Matt Cassel,CassMa00
107,102,2011,2011-10-23,6,7,29.159,KAN,@,OAK,W 28-0,*,15,30,50.00,161,0,2,38.3,0,0,5.37,2.37,2,-2,-1.00,0,0,0,0,,0,0.0%,,0,0,0,,0,0,0,0,0,0,,0,,,,,,,,Matt Cassel,CassMa00
108,103,2011,2011-10-31,7,8,29.167,KAN,,SDG,W 23-20,*,19,32,59.38,261,1,2,69.9,3,14,8.16,5.97,2,14,7.00,0,0,0,0,,0,0.0%,,0,0,1,1,0,0,0,0,0,0,,0,,,,,,,,Matt Cassel,CassMa00
109,104,2011,2011-11-06,8,9,29.173,KAN,,MIA,L 3-31,*,20,39,51.28,253,0,0,71.8,5,26,6.49,6.49,9,38,4.22,0,0,0,0,,0,0.0%,,0,0,1,0,0,0,-3,0,0,0,,0,,,,,,,,Matt Cassel,CassMa00
110,105,2011,2011-11-13,9,10,29.180,KAN,,DEN,L 10-17,*,13,28,46.43,93,1,0,66.5,4,16,3.32,4.04,2,16,8.00,0,0,0,0,,0,0.0%,,0,0,1,0,0,0,0,0,0,0,,0,,,,,,,,Matt Cassel,CassMa00
111,106,2011,2011-11-21,10,11,,KAN,@,NWE,L 3-34,Injured Reserve,Injured Reserve,Injured Reserve,Injured Reserve,Injured Reserve,Injured Reserve,Injured Reserve,Injured Reserve,Injured Reserve,Injured Reserve,Injured Reserve,Injured Reserve,Injured Reserve,Injured Reserve,Injured Reserve,Injured Reserve,Injured Reserve,Injured Reserve,Injured Reserve,Injured Reserve,Injured Reserve,Injured Reserve,Injured Reserve,Injured Reserve,Injured Reserve,Injured Reserve,Injured Reserve,Injured Reserve,Injured Reserve,Injured Reserve,Injured Reserve,Injured Reserve,Injured Reserve,Injured Reserve,Injured Reserve,Injured Reserve,Injured Reserve,Injured Reserve,Injured Reserve,Injured Reserve,Injured Reserve,Injured Reserve,Matt Cassel,CassMa00
112,107,2011,2011-11-27,11,12,,KAN,,PIT,L 9-13,Injured Reserve,Injured Reserve,Injured Reserve,Injured Reserve,Injured Reserve,Injured Reserve,Injured Reserve,Injured Reserve,Injured Reserve,Injured Reserve,Injured Reserve,Injured Reserve,Injured Reserve,Injured Reserve,Injured Reserve,Injured Reserve,Injured Reserve,Injured Reserve,Injured Reserve,Injured Reserve,Injured Reserve,Injured Reserve,Injured Reserve,Injured Reserve,Injured Reserve,Injured Reserve,Injured Reserve,Injured Reserve,Injured Reserve,Injured Reserve,Injured Reserve,Injured Reserve,Injured Reserve,Injured Reserve,Injured Reserve,Injured Reserve,Injured Reserve,Injured Reserve,Injured Reserve,Injured Reserve,Injured Reserve,Injured Reserve,Matt Cassel,CassMa00
113,108,2011,2011-12-04,12,13,,KAN,@,CHI,W 10-3,Injured Reserve,Injured Reserve,Injured Reserve,Injured Reserve,Injured Reserve,Injured Reserve,Injured Reserve,Injured Reserve,Injured Reserve,Injured Reserve,Injured Reserve,Injured Reserve,Injured Reserve,Injured Reserve,Injured Reserve,Injured Reserve,Injured Reserve,Injured Reserve,Injured Reserve,Injured Reserve,Injured Reserve,Injured Reserve,Injured Reserve,Injured Reserve,Injured Reserve,Injured Reserve,Injured Reserve,Injured Reserve,Injured Reserve,Injured Reserve,Injured Reserve,Injured Reserve,Injured Reserve,Injured Reserve,Injured Reserve,Injured Reserve,Injured Reserve,Injured Reserve,Injured Reserve,Injured Reserve,Injured Reserve,Injured Reserve,Matt Cassel,CassMa00
114,109,2011,2011-12-11,13,14,,KAN,@,NYJ,L 10-37,Injured Reserve,Injured Reserve,Injured Reserve,Injured Reserve,Injured Reserve,Injured Reserve,Injured Reserve,Injured Reserve,Injured Reserve,Injured Reserve,Injured Reserve,Injured Reserve,Injured Reserve,Injured Reserve,Injured Reserve,Injured Reserve,Injured Reserve,Injured Reserve,Injured Reserve,Injured Reserve,Injured Reserve,Injured Reserve,Injured Reserve,Injured Reserve,Injured Reserve,Injured Reserve,Injured Reserve,Injured Reserve,Injured Reserve,Injured Reserve,Injured Reserve,Injured Reserve,Injured Reserve,Injured Reserve,Injured Reserve,Injured Reserve,Injured Reserve,Injured Reserve,Injured Reserve,Injured Reserve,Injured Reserve,Injured Reserve,Matt Cassel,CassMa00
115,110,2011,2011-12-18,14,15,,KAN,,GNB,W 19-14,Injured Reserve,Injured Reserve,Injured Reserve,Injured Reserve,Injured Reserve,Injured Reserve,Injured Reserve,Injured Reserve,Injured Reserve,Injured Reserve,Injured Reserve,Injured Reserve,Injured Reserve,Injured Reserve,Injured Reserve,Injured Reserve,Injured Reserve,Injured Reserve,Injured Reserve,Injured Reserve,Injured Reserve,Injured Reserve,Injured Reserve,Injured Reserve,Injured Reserve,Injured Reserve,Injured Reserve,Injured Reserve,Injured Reserve,Injured Reserve,Injured Reserve,Injured Reserve,Injured Reserve,Injured Reserve,Injured Reserve,Injured Reserve,Injured Reserve,Injured Reserve,Injured Reserve,Injured Reserve,Injured Reserve,Injured Reserve,Matt Cassel,CassMa00
116,111,2011,2011-12-24,15,16,,KAN,,OAK,L 13-16,Injured Reserve,Injured Reserve,Injured Reserve,Injured Reserve,Injured Reserve,Injured Reserve,Injured Reserve,Injured Reserve,Injured Reserve,Injured Reserve,Injured Reserve,Injured Reserve,Injured Reserve,Injured Reserve,Injured Reserve,Injured Reserve,Injured Reserve,Injured Reserve,Injured Reserve,Injured Reserve,Injured Reserve,Injured Reserve,Injured Reserve,Injured Reserve,Injured Reserve,Injured Reserve,Injured Reserve,Injured Reserve,Injured Reserve,Injured Reserve,Injured Reserve,Injured Reserve,Injured Reserve,Injured Reserve,Injured Reserve,Injured Reserve,Injured Reserve,Injured Reserve,Injured Reserve,Injured Reserve,Injured Reserve,Injured Reserve,Matt Cassel,CassMa00
117,112,2011,2012-01-01,16,17,,KAN,@,DEN,W 7-3,Injured Reserve,Injured Reserve,Injured Reserve,Injured Reserve,Injured Reserve,Injured Reserve,Injured Reserve,Injured Reserve,Injured Reserve,Injured Reserve,Injured Reserve,Injured Reserve,Injured Reserve,Injured Reserve,Injured Reserve,Injured Reserve,Injured Reserve,Injured Reserve,Injured Reserve,Injured Reserve,Injured Reserve,Injured Reserve,Injured Reserve,Injured Reserve,Injured Reserve,Injured Reserve,Injured Reserve,Injured Reserve,Injured Reserve,Injured Reserve,Injured Reserve,Injured Reserve,Injured Reserve,Injured Reserve,Injured Reserve,Injured Reserve,Injured Reserve,Injured Reserve,Injured Reserve,Injured Reserve,Injured Reserve,Injured Reserve,Matt Cassel,CassMa00
118,Rk,Year,Date,G#,Week,Age,Tm,,Opp,Result,GS,Cmp,Att,Cmp%,Yds,TD,Int,Rate,Sk,Yds,Y/A,AY/A,Att,Yds,Y/A,TD,Tgt,Rec,Yds,Y/R,TD,Ctch%,Y/Tgt,TD,Pts,Fmb,FL,FF,FR,Yds,TD,Pnt,Yds,Y/P,Blck,Num,Pct,Num,Pct,Num,Pct,Status,Matt Cassel,CassMa00
119,113,2012,2012-09-09,1,1,30.115,KAN,,ATL,L 24-40,*,21,33,63.64,258,1,2,72.5,3,17,7.82,5.70,4,20,5.00,1,0,0,0,,0,0.0%,,1,6,1,1,0,0,0,0,0,0,,0,69,100%,0,0%,0,0%,,Matt Cassel,CassMa00
120,114,2012,2012-09-16,2,2,30.122,KAN,@,BUF,L 17-35,*,23,42,54.76,301,2,1,83.5,5,29,7.17,7.05,2,25,12.50,0,0,0,0,,0,0.0%,,0,0,1,1,0,0,0,0,0,0,,0,73,100%,0,0%,0,0%,,Matt Cassel,CassMa00
121,115,2012,2012-09-23,3,3,30.129,KAN,@,NOR,W 27-24,*,26,44,59.09,248,0,1,65.3,3,11,5.64,4.61,1,2,2.00,0,0,0,0,,0,0.0%,,0,0,1,1,0,0,0,0,0,0,,0,94,100%,0,0%,0,0%,,Matt Cassel,CassMa00
122,116,2012,2012-09-30,4,4,30.136,KAN,,SDG,L 20-37,*,24,42,57.14,251,2,3,60.7,2,17,5.98,3.71,0,0,,0,0,0,0,,0,0.0%,,0,0,1,0,0,1,0,0,0,0,,0,72,100%,0,0%,0,0%,,Matt Cassel,CassMa00
123,117,2012,2012-10-07,5,5,30.143,KAN,,BAL,L 6-9,*,9,15,60.00,92,0,2,38.1,0,0,6.13,0.13,4,14,3.50,0,0,0,0,,0,0.0%,,0,0,2,2,0,0,-6,0,0,0,,0,62,87%,0,0%,0,0%,,Matt Cassel,CassMa00
124,118,2012,2012-10-14,6,6,,KAN,@,TAM,L 10-38,Inactive,Inactive,Inactive,Inactive,Inactive,Inactive,Inactive,Inactive,Inactive,Inactive,Inactive,Inactive,Inactive,Inactive,Inactive,Inactive,Inactive,Inactive,Inactive,Inactive,Inactive,Inactive,Inactive,Inactive,Inactive,Inactive,Inactive,Inactive,Inactive,Inactive,Inactive,Inactive,Inactive,Inactive,Inactive,Inactive,Inactive,Inactive,Inactive,Inactive,Inactive,Inactive,Matt Cassel,CassMa00
125,119,2012,2012-10-28,7,8,30.164,KAN,,OAK,L 16-26,,20,30,66.67,218,1,1,85.1,2,15,7.27,6.43,7,35,5.00,0,0,0,0,,0,0.0%,,0,0,1,1,0,0,-2,0,0,0,,0,51,82%,0,0%,0,0%,,Matt Cassel,CassMa00
126,120,2012,2012-11-01,8,9,30.168,KAN,@,SDG,L 13-31,*,19,29,65.52,181,0,1,68.3,1,5,6.24,4.69,6,37,6.17,0,0,0,0,,0,0.0%,,0,0,1,1,0,0,0,0,0,0,,0,62,100%,0,0%,0,0%,,Matt Cassel,CassMa00
127,121,2012,2012-11-12,9,10,30.179,KAN,@,PIT,L 13-16,*,11,26,42.31,154,0,1,46.0,2,6,5.92,4.19,2,12,6.00,0,0,0,0,,0,0.0%,,0,0,0,0,0,0,0,0,0,0,,0,64,100%,0,0%,0,0%,,Matt Cassel,CassMa00
128,122,2012,2012-11-18,10,11,30.185,KAN,,CIN,L 6-28,*,8,16,50.00,93,0,0,68.0,1,1,5.81,5.81,1,0,0.00,0,0,0,0,,0,0.0%,,0,0,1,0,0,0,0,0,0,0,,0,31,51%,0,0%,0,0%,,Matt Cassel,CassMa00
129,123,2012,2012-11-25,11,12,,KAN,,DEN,L 9-17,Did Not Play,Did Not Play,Did Not Play,Did Not Play,Did Not Play,Did Not Play,Did Not Play,Did Not Play,Did Not Play,Did Not Play,Did Not Play,Did Not Play,Did Not Play,Did Not Play,Did Not Play,Did Not Play,Did Not Play,Did Not Play,Did Not Play,Did Not Play,Did Not Play,Did Not Play,Did Not Play,Did Not Play,Did Not Play,Did Not Play,Did Not Play,Did Not Play,Did Not Play,Did Not Play,Did Not Play,Did Not Play,Did Not Play,Did Not Play,Did Not Play,Did Not Play,Did Not Play,Did Not Play,Did Not Play,Did Not Play,Did Not Play,Did Not Play,Matt Cassel,CassMa00
130,124,2012,2012-12-02,12,13,,KAN,,CAR,W 27-21,Did Not Play,Did Not Play,Did Not Play,Did Not Play,Did Not Play,Did Not Play,Did Not Play,Did Not Play,Did Not Play,Did Not Play,Did Not Play,Did Not Play,Did Not Play,Did Not Play,Did Not Play,Did Not Play,Did Not Play,Did Not Play,Did Not Play,Did Not Play,Did Not Play,Did Not Play,Did Not Play,Did Not Play,Did Not Play,Did Not Play,Did Not Play,Did Not Play,Did Not Play,Did Not Play,Did Not Play,Did Not Play,Did Not Play,Did Not Play,Did Not Play,Did Not Play,Did Not Play,Did Not Play,Did Not Play,Did Not Play,Did Not Play,Did Not Play,Matt Cassel,CassMa00
131,125,2012,2012-12-09,13,14,,KAN,@,CLE,L 7-30,Did Not Play,Did Not Play,Did Not Play,Did Not Play,Did Not Play,Did Not Play,Did Not Play,Did Not Play,Did Not Play,Did Not Play,Did Not Play,Did Not Play,Did Not Play,Did Not Play,Did Not Play,Did Not Play,Did Not Play,Did Not Play,Did Not Play,Did Not Play,Did Not Play,Did Not Play,Did Not Play,Did Not Play,Did Not Play,Did Not Play,Did Not Play,Did Not Play,Did Not Play,Did Not Play,Did Not Play,Did Not Play,Did Not Play,Did Not Play,Did Not Play,Did Not Play,Did Not Play,Did Not Play,Did Not Play,Did Not Play,Did Not Play,Did Not Play,Matt Cassel,CassMa00
132,126,2012,2012-12-16,14,15,,KAN,@,OAK,L 0-15,Did Not Play,Did Not Play,Did Not Play,Did Not Play,Did Not Play,Did Not Play,Did Not Play,Did Not Play,Did Not Play,Did Not Play,Did Not Play,Did Not Play,Did Not Play,Did Not Play,Did Not Play,Did Not Play,Did Not Play,Did Not Play,Did Not Play,Did Not Play,Did Not Play,Did Not Play,Did Not Play,Did Not Play,Did Not Play,Did Not Play,Did Not Play,Did Not Play,Did Not Play,Did Not Play,Did Not Play,Did Not Play,Did Not Play,Did Not Play,Did Not Play,Did Not Play,Did Not Play,Did Not Play,Did Not Play,Did Not Play,Did Not Play,Did Not Play,Matt Cassel,CassMa00
133,127,2012,2012-12-23,15,16,,KAN,,IND,L 13-20,Did Not Play,Did Not Play,Did Not Play,Did Not Play,Did Not Play,Did Not Play,Did Not Play,Did Not Play,Did Not Play,Did Not Play,Did Not Play,Did Not Play,Did Not Play,Did Not Play,Did Not Play,Did Not Play,Did Not Play,Did Not Play,Did Not Play,Did Not Play,Did Not Play,Did Not Play,Did Not Play,Did Not Play,Did Not Play,Did Not Play,Did Not Play,Did Not Play,Did Not Play,Did Not Play,Did Not Play,Did Not Play,Did Not Play,Did Not Play,Did Not Play,Did Not Play,Did Not Play,Did Not Play,Did Not Play,Did Not Play,Did Not Play,Did Not Play,Matt Cassel,CassMa00
134,128,2012,2012-12-30,16,17,,KAN,@,DEN,L 3-38,Did Not Play,Did Not Play,Did Not Play,Did Not Play,Did Not Play,Did Not Play,Did Not Play,Did Not Play,Did Not Play,Did Not Play,Did Not Play,Did Not Play,Did Not Play,Did Not Play,Did Not Play,Did Not Play,Did Not Play,Did Not Play,Did Not Play,Did Not Play,Did Not Play,Did Not Play,Did Not Play,Did Not Play,Did Not Play,Did Not Play,Did Not Play,Did Not Play,Did Not Play,Did Not Play,Did Not Play,Did Not Play,Did Not Play,Did Not Play,Did Not Play,Did Not Play,Did Not Play,Did Not Play,Did Not Play,Did Not Play,Did Not Play,Did Not Play,Matt Cassel,CassMa00
135,Rk,Year,Date,G#,Week,Age,Tm,,Opp,Result,GS,Cmp,Att,Cmp%,Yds,TD,Int,Rate,Sk,Yds,Y/A,AY/A,Att,Yds,Y/A,TD,Tgt,Rec,Yds,Y/R,TD,Ctch%,Y/Tgt,TD,Pts,Fmb,FL,FF,FR,Yds,TD,Pnt,Yds,Y/P,Blck,Num,Pct,Num,Pct,Num,Pct,Status,Matt Cassel,CassMa00
136,129,2013,2013-09-08,1,1,,MIN,@,DET,L 24-34,Did Not Play,Did Not Play,Did Not Play,Did Not Play,Did Not Play,Did Not Play,Did Not Play,Did Not Play,Did Not Play,Did Not Play,Did Not Play,Did Not Play,Did Not Play,Did Not Play,Did Not Play,Did Not Play,Did Not Play,Did Not Play,Did Not Play,Did Not Play,Did Not Play,Did Not Play,Did Not Play,Did Not Play,Did Not Play,Did Not Play,Did Not Play,Did Not Play,Did Not Play,Did Not Play,Did Not Play,Did Not Play,Did Not Play,Did Not Play,Did Not Play,Did Not Play,Did Not Play,Did Not Play,Did Not Play,Did Not Play,Did Not Play,Did Not Play,Matt Cassel,CassMa00
137,130,2013,2013-09-15,2,2,,MIN,@,CHI,L 30-31,Did Not Play,Did Not Play,Did Not Play,Did Not Play,Did Not Play,Did Not Play,Did Not Play,Did Not Play,Did Not Play,Did Not Play,Did Not Play,Did Not Play,Did Not Play,Did Not Play,Did Not Play,Did Not Play,Did Not Play,Did Not Play,Did Not Play,Did Not Play,Did Not Play,Did Not Play,Did Not Play,Did Not Play,Did Not Play,Did Not Play,Did Not Play,Did Not Play,Did Not Play,Did Not Play,Did Not Play,Did Not Play,Did Not Play,Did Not Play,Did Not Play,Did Not Play,Did Not Play,Did Not Play,Did Not Play,Did Not Play,Did Not Play,Did Not Play,Matt Cassel,CassMa00
138,131,2013,2013-09-22,3,3,,MIN,,CLE,L 27-31,Did Not Play,Did Not Play,Did Not Play,Did Not Play,Did Not Play,Did Not Play,Did Not Play,Did Not Play,Did Not Play,Did Not Play,Did Not Play,Did Not Play,Did Not Play,Did Not Play,Did Not Play,Did Not Play,Did Not Play,Did Not Play,Did Not Play,Did Not Play,Did Not Play,Did Not Play,Did Not Play,Did Not Play,Did Not Play,Did Not Play,Did Not Play,Did Not Play,Did Not Play,Did Not Play,Did Not Play,Did Not Play,Did Not Play,Did Not Play,Did Not Play,Did Not Play,Did Not Play,Did Not Play,Did Not Play,Did Not Play,Did Not Play,Did Not Play,Matt Cassel,CassMa00
139,132,2013,2013-09-29,4,4,31.135,MIN,,PIT,W 34-27,*,16,25,64.00,248,2,0,123.4,1,0,9.92,11.52,2,5,2.50,0,0,0,0,,0,0.0%,,0,0,1,0,0,0,0,0,0,0,,0,52,100%,0,0%,0,0%,,Matt Cassel,CassMa00
140,133,2013,2013-10-13,5,6,31.149,MIN,,CAR,L 10-35,*,32,44,72.73,241,1,2,74.1,3,26,5.48,3.89,2,7,3.50,0,0,0,0,,0,0.0%,,0,0,0,0,0,0,0,0,0,0,,0,62,100%,0,0%,0,0%,,Matt Cassel,CassMa00
141,134,2013,2013-10-21,6,7,,MIN,@,NYG,L 7-23,Inactive,Inactive,Inactive,Inactive,Inactive,Inactive,Inactive,Inactive,Inactive,Inactive,Inactive,Inactive,Inactive,Inactive,Inactive,Inactive,Inactive,Inactive,Inactive,Inactive,Inactive,Inactive,Inactive,Inactive,Inactive,Inactive,Inactive,Inactive,Inactive,Inactive,Inactive,Inactive,Inactive,Inactive,Inactive,Inactive,Inactive,Inactive,Inactive,Inactive,Inactive,Inactive,Matt Cassel,CassMa00
142,135,2013,2013-10-27,7,8,,MIN,,GNB,L 31-44,Did Not Play,Did Not Play,Did Not Play,Did Not Play,Did Not Play,Did Not Play,Did Not Play,Did Not Play,Did Not Play,Did Not Play,Did Not Play,Did Not Play,Did Not Play,Did Not Play,Did Not Play,Did Not Play,Did Not Play,Did Not Play,Did Not Play,Did Not Play,Did Not Play,Did Not Play,Did Not Play,Did Not Play,Did Not Play,Did Not Play,Did Not Play,Did Not Play,Did Not Play,Did Not Play,Did Not Play,Did Not Play,Did Not Play,Did Not Play,Did Not Play,Did Not Play,Did Not Play,Did Not Play,Did Not Play,Did Not Play,Did Not Play,Did Not Play,Matt Cassel,CassMa00
143,136,2013,2013-11-03,8,9,,MIN,@,DAL,L 23-27,Did Not Play,Did Not Play,Did Not Play,Did Not Play,Did Not Play,Did Not Play,Did Not Play,Did Not Play,Did Not Play,Did Not Play,Did Not Play,Did Not Play,Did Not Play,Did Not Play,Did Not Play,Did Not Play,Did Not Play,Did Not Play,Did Not Play,Did Not Play,Did Not Play,Did Not Play,Did Not Play,Did Not Play,Did Not Play,Did Not Play,Did Not Play,Did Not Play,Did Not Play,Did Not Play,Did Not Play,Did Not Play,Did Not Play,Did Not Play,Did Not Play,Did Not Play,Did Not Play,Did Not Play,Did Not Play,Did Not Play,Did Not Play,Did Not Play,Matt Cassel,CassMa00
144,137,2013,2013-11-07,9,10,31.174,MIN,,WAS,W 34-27,,4,6,66.67,47,0,0,90.3,0,0,7.83,7.83,1,-1,-1.00,0,0,0,0,,0,0.0%,,0,0,0,0,0,0,0,0,0,0,,0,17,33%,0,0%,0,0%,,Matt Cassel,CassMa00
145,138,2013,2013-11-17,10,11,31.184,MIN,@,SEA,L 20-41,,5,13,38.46,78,1,1,52.7,0,0,6.00,4.08,0,0,,0,0,0,0,,0,0.0%,,0,0,0,0,0,0,0,0,0,0,,0,18,24%,0,0%,0,0%,,Matt Cassel,CassMa00
146,139,2013,2013-11-24,11,12,,MIN,@,GNB,T 26-26,Did Not Play,Did Not Play,Did Not Play,Did Not Play,Did Not Play,Did Not Play,Did Not Play,Did Not Play,Did Not Play,Did Not Play,Did Not Play,Did Not Play,Did Not Play,Did Not Play,Did Not Play,Did Not Play,Did Not Play,Did Not Play,Did Not Play,Did Not Play,Did Not Play,Did Not Play,Did Not Play,Did Not Play,Did Not Play,Did Not Play,Did Not Play,Did Not Play,Did Not Play,Did Not Play,Did Not Play,Did Not Play,Did Not Play,Did Not Play,Did Not Play,Did Not Play,Did Not Play,Did Not Play,Did Not Play,Did Not Play,Did Not Play,Did Not Play,Matt Cassel,CassMa00
147,140,2013,2013-12-01,12,13,31.198,MIN,,CHI,W 23-20,,20,33,60.61,243,1,1,80.7,2,9,7.36,6.61,1,0,0.00,0,0,0,0,,0,0.0%,,0,0,1,0,0,1,-3,0,0,0,,0,62,71%,0,0%,0,0%,,Matt Cassel,CassMa00
148,141,2013,2013-12-08,13,14,31.205,MIN,@,BAL,L 26-29,*,17,38,44.74,265,2,0,86.0,0,0,6.97,8.03,2,6,3.00,0,0,0,0,,0,0.0%,,0,0,0,0,0,0,0,0,0,0,,0,66,100%,0,0%,0,0%,,Matt Cassel,CassMa00
149,142,2013,2013-12-15,14,15,31.212,MIN,,PHI,W 48-30,*,26,35,74.29,382,2,1,116.6,3,12,10.91,10.77,3,19,6.33,1,0,0,0,,0,0.0%,,1,6,0,0,0,0,0,0,0,0,,0,75,100%,0,0%,0,0%,,Matt Cassel,CassMa00
150,143,2013,2013-12-22,15,16,31.219,MIN,@,CIN,L 14-42,*,13,27,48.15,114,1,3,32.6,4,20,4.22,-0.04,3,16,5.33,0,0,0,0,,0,0.0%,,0,0,1,1,0,0,0,0,0,0,,0,49,100%,0,0%,0,0%,,Matt Cassel,CassMa00
151,144,2013,2013-12-29,16,17,31.226,MIN,,DET,W 14-13,*,20,33,60.61,189,1,1,73.9,3,18,5.73,4.97,4,5,1.25,0,0,0,0,,0,0.0%,,0,0,0,0,0,0,0,0,0,0,,0,58,100%,0,0%,0,0%,,Matt Cassel,CassMa00
152,Rk,Year,Date,G#,Week,Age,Tm,,Opp,Result,GS,Cmp,Att,Cmp%,Yds,TD,Int,Rate,Sk,Yds,Y/A,AY/A,Att,Yds,Y/A,TD,Tgt,Rec,Yds,Y/R,TD,Ctch%,Y/Tgt,TD,Pts,Fmb,FL,FF,FR,Yds,TD,Pnt,Yds,Y/P,Blck,Num,Pct,Num,Pct,Num,Pct,Status,Matt Cassel,CassMa00
153,145,2014,2014-09-07,1,1,32.113,MIN,@,STL,W 34-6,*,17,25,68.00,170,2,0,113.7,0,0,6.80,8.40,5,-3,-0.60,0,0,0,0,,0,0.0%,,0,0,2,0,0,2,-29,0,0,0,,0,59,100%,0,0%,0,0%,,Matt Cassel,CassMa00
154,146,2014,2014-09-14,2,2,32.120,MIN,,NWE,L 7-30,*,19,36,52.78,202,1,4,39.1,6,39,5.61,1.17,3,16,5.33,0,0,0,0,,0,0.0%,,0,0,1,0,0,0,0,0,0,0,,0,66,100%,0,0%,0,0%,,Matt Cassel,CassMa00
155,147,2014,2014-09-21,3,3,32.127,MIN,@,NOR,L 9-20,*,5,10,50.00,53,0,0,65.8,0,0,5.30,5.30,1,5,5.00,0,0,0,0,,0,0.0%,,0,0,0,0,0,0,0,0,0,0,,0,16,29%,0,0%,0,0%,,Matt Cassel,CassMa00
156,148,2014,2014-09-28,4,4,,MIN,,ATL,W 41-28,Injured Reserve,Injured Reserve,Injured Reserve,Injured Reserve,Injured Reserve,Injured Reserve,Injured Reserve,Injured Reserve,Injured Reserve,Injured Reserve,Injured Reserve,Injured Reserve,Injured Reserve,Injured Reserve,Injured Reserve,Injured Reserve,Injured Reserve,Injured Reserve,Injured Reserve,Injured Reserve,Injured Reserve,Injured Reserve,Injured Reserve,Injured Reserve,Injured Reserve,Injured Reserve,Injured Reserve,Injured Reserve,Injured Reserve,Injured Reserve,Injured Reserve,Injured Reserve,Injured Reserve,Injured Reserve,Injured Reserve,Injured Reserve,Injured Reserve,Injured Reserve,Injured Reserve,Injured Reserve,Injured Reserve,Injured Reserve,Matt Cassel,CassMa00
157,149,2014,2014-10-02,5,5,,MIN,@,GNB,L 10-42,Injured Reserve,Injured Reserve,Injured Reserve,Injured Reserve,Injured Reserve,Injured Reserve,Injured Reserve,Injured Reserve,Injured Reserve,Injured Reserve,Injured Reserve,Injured Reserve,Injured Reserve,Injured Reserve,Injured Reserve,Injured Reserve,Injured Reserve,Injured Reserve,Injured Reserve,Injured Reserve,Injured Reserve,Injured Reserve,Injured Reserve,Injured Reserve,Injured Reserve,Injured Reserve,Injured Reserve,Injured Reserve,Injured Reserve,Injured Reserve,Injured Reserve,Injured Reserve,Injured Reserve,Injured Reserve,Injured Reserve,Injured Reserve,Injured Reserve,Injured Reserve,Injured Reserve,Injured Reserve,Injured Reserve,Injured Reserve,Matt Cassel,CassMa00
158,150,2014,2014-10-12,6,6,,MIN,,DET,L 3-17,Injured Reserve,Injured Reserve,Injured Reserve,Injured Reserve,Injured Reserve,Injured Reserve,Injured Reserve,Injured Reserve,Injured Reserve,Injured Reserve,Injured Reserve,Injured Reserve,Injured Reserve,Injured Reserve,Injured Reserve,Injured Reserve,Injured Reserve,Injured Reserve,Injured Reserve,Injured Reserve,Injured Reserve,Injured Reserve,Injured Reserve,Injured Reserve,Injured Reserve,Injured Reserve,Injured Reserve,Injured Reserve,Injured Reserve,Injured Reserve,Injured Reserve,Injured Reserve,Injured Reserve,Injured Reserve,Injured Reserve,Injured Reserve,Injured Reserve,Injured Reserve,Injured Reserve,Injured Reserve,Injured Reserve,Injured Reserve,Matt Cassel,CassMa00
159,151,2014,2014-10-19,7,7,,MIN,@,BUF,L 16-17,Injured Reserve,Injured Reserve,Injured Reserve,Injured Reserve,Injured Reserve,Injured Reserve,Injured Reserve,Injured Reserve,Injured Reserve,Injured Reserve,Injured Reserve,Injured Reserve,Injured Reserve,Injured Reserve,Injured Reserve,Injured Reserve,Injured Reserve,Injured Reserve,Injured Reserve,Injured Reserve,Injured Reserve,Injured Reserve,Injured Reserve,Injured Reserve,Injured Reserve,Injured Reserve,Injured Reserve,Injured Reserve,Injured Reserve,Injured Reserve,Injured Reserve,Injured Reserve,Injured Reserve,Injured Reserve,Injured Reserve,Injured Reserve,Injured Reserve,Injured Reserve,Injured Reserve,Injured Reserve,Injured Reserve,Injured Reserve,Matt Cassel,CassMa00
160,152,2014,2014-10-26,8,8,,MIN,@,TAM,W 19-13,Injured Reserve,Injured Reserve,Injured Reserve,Injured Reserve,Injured Reserve,Injured Reserve,Injured Reserve,Injured Reserve,Injured Reserve,Injured Reserve,Injured Reserve,Injured Reserve,Injured Reserve,Injured Reserve,Injured Reserve,Injured Reserve,Injured Reserve,Injured Reserve,Injured Reserve,Injured Reserve,Injured Reserve,Injured Reserve,Injured Reserve,Injured Reserve,Injured Reserve,Injured Reserve,Injured Reserve,Injured Reserve,Injured Reserve,Injured Reserve,Injured Reserve,Injured Reserve,Injured Reserve,Injured Reserve,Injured Reserve,Injured Reserve,Injured Reserve,Injured Reserve,Injured Reserve,Injured Reserve,Injured Reserve,Injured Reserve,Matt Cassel,CassMa00
161,153,2014,2014-11-02,9,9,,MIN,,WAS,W 29-26,Injured Reserve,Injured Reserve,Injured Reserve,Injured Reserve,Injured Reserve,Injured Reserve,Injured Reserve,Injured Reserve,Injured Reserve,Injured Reserve,Injured Reserve,Injured Reserve,Injured Reserve,Injured Reserve,Injured Reserve,Injured Reserve,Injured Reserve,Injured Reserve,Injured Reserve,Injured Reserve,Injured Reserve,Injured Reserve,Injured Reserve,Injured Reserve,Injured Reserve,Injured Reserve,Injured Reserve,Injured Reserve,Injured Reserve,Injured Reserve,Injured Reserve,Injured Reserve,Injured Reserve,Injured Reserve,Injured Reserve,Injured Reserve,Injured Reserve,Injured Reserve,Injured Reserve,Injured Reserve,Injured Reserve,Injured Reserve,Matt Cassel,CassMa00
162,154,2014,2014-11-16,10,11,,MIN,@,CHI,L 13-21,Injured Reserve,Injured Reserve,Injured Reserve,Injured Reserve,Injured Reserve,Injured Reserve,Injured Reserve,Injured Reserve,Injured Reserve,Injured Reserve,Injured Reserve,Injured Reserve,Injured Reserve,Injured Reserve,Injured Reserve,Injured Reserve,Injured Reserve,Injured Reserve,Injured Reserve,Injured Reserve,Injured Reserve,Injured Reserve,Injured Reserve,Injured Reserve,Injured Reserve,Injured Reserve,Injured Reserve,Injured Reserve,Injured Reserve,Injured Reserve,Injured Reserve,Injured Reserve,Injured Reserve,Injured Reserve,Injured Reserve,Injured Reserve,Injured Reserve,Injured Reserve,Injured Reserve,Injured Reserve,Injured Reserve,Injured Reserve,Matt Cassel,CassMa00
163,155,2014,2014-11-23,11,12,,MIN,,GNB,L 21-24,Injured Reserve,Injured Reserve,Injured Reserve,Injured Reserve,Injured Reserve,Injured Reserve,Injured Reserve,Injured Reserve,Injured Reserve,Injured Reserve,Injured Reserve,Injured Reserve,Injured Reserve,Injured Reserve,Injured Reserve,Injured Reserve,Injured Reserve,Injured Reserve,Injured Reserve,Injured Reserve,Injured Reserve,Injured Reserve,Injured Reserve,Injured Reserve,Injured Reserve,Injured Reserve,Injured Reserve,Injured Reserve,Injured Reserve,Injured Reserve,Injured Reserve,Injured Reserve,Injured Reserve,Injured Reserve,Injured Reserve,Injured Reserve,Injured Reserve,Injured Reserve,Injured Reserve,Injured Reserve,Injured Reserve,Injured Reserve,Matt Cassel,CassMa00
164,156,2014,2014-11-30,12,13,,MIN,,CAR,W 31-13,Injured Reserve,Injured Reserve,Injured Reserve,Injured Reserve,Injured Reserve,Injured Reserve,Injured Reserve,Injured Reserve,Injured Reserve,Injured Reserve,Injured Reserve,Injured Reserve,Injured Reserve,Injured Reserve,Injured Reserve,Injured Reserve,Injured Reserve,Injured Reserve,Injured Reserve,Injured Reserve,Injured Reserve,Injured Reserve,Injured Reserve,Injured Reserve,Injured Reserve,Injured Reserve,Injured Reserve,Injured Reserve,Injured Reserve,Injured Reserve,Injured Reserve,Injured Reserve,Injured Reserve,Injured Reserve,Injured Reserve,Injured Reserve,Injured Reserve,Injured Reserve,Injured Reserve,Injured Reserve,Injured Reserve,Injured Reserve,Matt Cassel,CassMa00
165,157,2014,2014-12-07,13,14,,MIN,,NYJ,W 30-24,Injured Reserve,Injured Reserve,Injured Reserve,Injured Reserve,Injured Reserve,Injured Reserve,Injured Reserve,Injured Reserve,Injured Reserve,Injured Reserve,Injured Reserve,Injured Reserve,Injured Reserve,Injured Reserve,Injured Reserve,Injured Reserve,Injured Reserve,Injured Reserve,Injured Reserve,Injured Reserve,Injured Reserve,Injured Reserve,Injured Reserve,Injured Reserve,Injured Reserve,Injured Reserve,Injured Reserve,Injured Reserve,Injured Reserve,Injured Reserve,Injured Reserve,Injured Reserve,Injured Reserve,Injured Reserve,Injured Reserve,Injured Reserve,Injured Reserve,Injured Reserve,Injured Reserve,Injured Reserve,Injured Reserve,Injured Reserve,Matt Cassel,CassMa00
166,158,2014,2014-12-14,14,15,,MIN,@,DET,L 14-16,Injured Reserve,Injured Reserve,Injured Reserve,Injured Reserve,Injured Reserve,Injured Reserve,Injured Reserve,Injured Reserve,Injured Reserve,Injured Reserve,Injured Reserve,Injured Reserve,Injured Reserve,Injured Reserve,Injured Reserve,Injured Reserve,Injured Reserve,Injured Reserve,Injured Reserve,Injured Reserve,Injured Reserve,Injured Reserve,Injured Reserve,Injured Reserve,Injured Reserve,Injured Reserve,Injured Reserve,Injured Reserve,Injured Reserve,Injured Reserve,Injured Reserve,Injured Reserve,Injured Reserve,Injured Reserve,Injured Reserve,Injured Reserve,Injured Reserve,Injured Reserve,Injured Reserve,Injured Reserve,Injured Reserve,Injured Reserve,Matt Cassel,CassMa00
167,159,2014,2014-12-21,15,16,,MIN,@,MIA,L 35-37,Injured Reserve,Injured Reserve,Injured Reserve,Injured Reserve,Injured Reserve,Injured Reserve,Injured Reserve,Injured Reserve,Injured Reserve,Injured Reserve,Injured Reserve,Injured Reserve,Injured Reserve,Injured Reserve,Injured Reserve,Injured Reserve,Injured Reserve,Injured Reserve,Injured Reserve,Injured Reserve,Injured Reserve,Injured Reserve,Injured Reserve,Injured Reserve,Injured Reserve,Injured Reserve,Injured Reserve,Injured Reserve,Injured Reserve,Injured Reserve,Injured Reserve,Injured Reserve,Injured Reserve,Injured Reserve,Injured Reserve,Injured Reserve,Injured Reserve,Injured Reserve,Injured Reserve,Injured Reserve,Injured Reserve,Injured Reserve,Matt Cassel,CassMa00
168,160,2014,2014-12-28,16,17,,MIN,,CHI,W 13-9,Injured Reserve,Injured Reserve,Injured Reserve,Injured Reserve,Injured Reserve,Injured Reserve,Injured Reserve,Injured Reserve,Injured Reserve,Injured Reserve,Injured Reserve,Injured Reserve,Injured Reserve,Injured Reserve,Injured Reserve,Injured Reserve,Injured Reserve,Injured Reserve,Injured Reserve,Injured Reserve,Injured Reserve,Injured Reserve,Injured Reserve,Injured Reserve,Injured Reserve,Injured Reserve,Injured Reserve,Injured Reserve,Injured Reserve,Injured Reserve,Injured Reserve,Injured Reserve,Injured Reserve,Injured Reserve,Injured Reserve,Injured Reserve,Injured Reserve,Injured Reserve,Injured Reserve,Injured Reserve,Injured Reserve,Injured Reserve,Matt Cassel,CassMa00
169,Rk,Year,Date,G#,Week,Age,Tm,,Opp,Result,GS,Cmp,Att,Cmp%,Yds,TD,Int,Rate,Sk,Yds,Y/A,AY/A,Att,Yds,Y/A,TD,Tgt,Rec,Yds,Y/R,TD,Ctch%,Y/Tgt,TD,Pts,Fmb,FL,FF,FR,Yds,TD,Pnt,Yds,Y/P,Blck,Num,Pct,Num,Pct,Num,Pct,Status,Matt Cassel,CassMa00
170,161,2015,2015-09-13,1,1,33.119,BUF,,IND,W 27-14,*,0,0,,0,0,0,,0,0,,,0,0,,0,0,0,0,,0,0.0%,,0,0,0,0,0,0,0,0,0,0,,0,1,2%,0,0%,0,0%,,Matt Cassel,CassMa00
171,162,2015,2015-09-20,2,2,,BUF,,NWE,L 32-40,Did Not Play,Did Not Play,Did Not Play,Did Not Play,Did Not Play,Did Not Play,Did Not Play,Did Not Play,Did Not Play,Did Not Play,Did Not Play,Did Not Play,Did Not Play,Did Not Play,Did Not Play,Did Not Play,Did Not Play,Did Not Play,Did Not Play,Did Not Play,Did Not Play,Did Not Play,Did Not Play,Did Not Play,Did Not Play,Did Not Play,Did Not Play,Did Not Play,Did Not Play,Did Not Play,Did Not Play,Did Not Play,Did Not Play,Did Not Play,Did Not Play,Did Not Play,Did Not Play,Did Not Play,Did Not Play,Did Not Play,Did Not Play,Did Not Play,Matt Cassel,CassMa00
172,163,2015,2015-09-27,3,3,,DAL,,ATL,L 28-39,Inactive,Inactive,Inactive,Inactive,Inactive,Inactive,Inactive,Inactive,Inactive,Inactive,Inactive,Inactive,Inactive,Inactive,Inactive,Inactive,Inactive,Inactive,Inactive,Inactive,Inactive,Inactive,Inactive,Inactive,Inactive,Inactive,Inactive,Inactive,Inactive,Inactive,Inactive,Inactive,Inactive,Inactive,Inactive,Inactive,Inactive,Inactive,Inactive,Inactive,Inactive,Inactive,Matt Cassel,CassMa00
173,164,2015,2015-10-04,4,4,,DAL,@,NOR,L 20-26,Inactive,Inactive,Inactive,Inactive,Inactive,Inactive,Inactive,Inactive,Inactive,Inactive,Inactive,Inactive,Inactive,Inactive,Inactive,Inactive,Inactive,Inactive,Inactive,Inactive,Inactive,Inactive,Inactive,Inactive,Inactive,Inactive,Inactive,Inactive,Inactive,Inactive,Inactive,Inactive,Inactive,Inactive,Inactive,Inactive,Inactive,Inactive,Inactive,Inactive,Inactive,Inactive,Matt Cassel,CassMa00
174,165,2015,2015-10-11,5,5,,DAL,,NWE,L 6-30,Did Not Play,Did Not Play,Did Not Play,Did Not Play,Did Not Play,Did Not Play,Did Not Play,Did Not Play,Did Not Play,Did Not Play,Did Not Play,Did Not Play,Did Not Play,Did Not Play,Did Not Play,Did Not Play,Did Not Play,Did Not Play,Did Not Play,Did Not Play,Did Not Play,Did Not Play,Did Not Play,Did Not Play,Did Not Play,Did Not Play,Did Not Play,Did Not Play,Did Not Play,Did Not Play,Did Not Play,Did Not Play,Did Not Play,Did Not Play,Did Not Play,Did Not Play,Did Not Play,Did Not Play,Did Not Play,Did Not Play,Did Not Play,Did Not Play,Matt Cassel,CassMa00
175,166,2015,2015-10-25,6,7,33.161,DAL,@,NYG,L 20-27,*,17,27,62.96,227,1,3,62.3,1,0,8.41,4.15,1,4,4.00,0,0,0,0,,0,0.0%,,0,0,0,0,0,0,0,0,0,0,,0,73,100%,0,0%,0,0%,,Matt Cassel,CassMa00
176,167,2015,2015-11-01,7,8,33.168,DAL,,SEA,L 12-13,*,13,25,52.00,97,0,0,61.6,1,6,3.88,3.88,4,43,10.75,0,0,0,0,,0,0.0%,,0,0,0,0,0,0,0,0,0,0,,0,60,100%,0,0%,0,0%,,Matt Cassel,CassMa00
177,168,2015,2015-11-08,8,9,33.175,DAL,,PHI,L 27-33,*,25,38,65.79,299,3,1,105.0,4,22,7.87,8.26,2,17,8.50,0,0,0,0,,0,0.0%,,0,0,2,0,0,1,0,0,0,0,,0,78,100%,0,0%,0,0%,,Matt Cassel,CassMa00
178,169,2015,2015-11-15,9,10,33.182,DAL,@,TAM,L 6-10,*,19,29,65.52,186,0,1,69.0,3,12,6.41,4.86,1,2,2.00,0,0,0,0,,0,0.0%,,0,0,1,0,0,1,0,0,0,0,,0,54,100%,0,0%,0,0%,,Matt Cassel,CassMa00
179,170,2015,2015-11-22,10,11,,DAL,@,MIA,W 24-14,Did Not Play,Did Not Play,Did Not Play,Did Not Play,Did Not Play,Did Not Play,Did Not Play,Did Not Play,Did Not Play,Did Not Play,Did Not Play,Did Not Play,Did Not Play,Did Not Play,Did Not Play,Did Not Play,Did Not Play,Did Not Play,Did Not Play,Did Not Play,Did Not Play,Did Not Play,Did Not Play,Did Not Play,Did Not Play,Did Not Play,Did Not Play,Did Not Play,Did Not Play,Did Not Play,Did Not Play,Did Not Play,Did Not Play,Did Not Play,Did Not Play,Did Not Play,Did Not Play,Did Not Play,Did Not Play,Did Not Play,Did Not Play,Did Not Play,Matt Cassel,CassMa00
180,171,2015,2015-11-26,11,12,33.193,DAL,,CAR,L 14-33,,13,19,68.42,93,1,0,97.0,1,10,4.89,5.95,2,9,4.50,0,0,0,0,,0,0.0%,,0,0,0,0,0,0,0,0,0,0,,0,25,43%,0,0%,0,0%,,Matt Cassel,CassMa00
181,172,2015,2015-12-07,12,13,33.204,DAL,@,WAS,W 19-16,*,16,29,55.17,223,0,0,80.1,1,2,7.69,7.69,2,-3,-1.50,0,0,0,0,,0,0.0%,,0,0,1,0,0,1,0,0,0,0,,0,58,100%,0,0%,0,0%,,Matt Cassel,CassMa00
182,173,2015,2015-12-13,13,14,33.210,DAL,@,GNB,L 7-28,*,13,29,44.83,114,0,1,41.5,2,15,3.93,2.38,3,6,2.00,0,0,0,0,,0,0.0%,,0,0,0,0,0,0,0,0,0,0,,0,52,100%,0,0%,0,0%,,Matt Cassel,CassMa00
183,174,2015,2015-12-19,14,15,33.216,DAL,,NYJ,L 16-19,*,3,8,37.50,37,0,1,13.0,1,19,4.63,-1.00,0,0,,0,0,0,0,,0,0.0%,,0,0,0,0,0,0,0,0,0,0,,0,17,30%,0,0%,0,0%,,Matt Cassel,CassMa00
184,175,2015,2015-12-27,15,16,,DAL,@,BUF,L 6-16,Did Not Play,Did Not Play,Did Not Play,Did Not Play,Did Not Play,Did Not Play,Did Not Play,Did Not Play,Did Not Play,Did Not Play,Did Not Play,Did Not Play,Did Not Play,Did Not Play,Did Not Play,Did Not Play,Did Not Play,Did Not Play,Did Not Play,Did Not Play,Did Not Play,Did Not Play,Did Not Play,Did Not Play,Did Not Play,Did Not Play,Did Not Play,Did Not Play,Did Not Play,Did Not Play,Did Not Play,Did Not Play,Did Not Play,Did Not Play,Did Not Play,Did Not Play,Did Not Play,Did Not Play,Did Not Play,Did Not Play,Did Not Play,Did Not Play,Matt Cassel,CassMa00
185,176,2015,2016-01-03,16,17,,DAL,,WAS,L 23-34,Did Not Play,Did Not Play,Did Not Play,Did Not Play,Did Not Play,Did Not Play,Did Not Play,Did Not Play,Did Not Play,Did Not Play,Did Not Play,Did Not Play,Did Not Play,Did Not Play,Did Not Play,Did Not Play,Did Not Play,Did Not Play,Did Not Play,Did Not Play,Did Not Play,Did Not Play,Did Not Play,Did Not Play,Did Not Play,Did Not Play,Did Not Play,Did Not Play,Did Not Play,Did Not Play,Did Not Play,Did Not Play,Did Not Play,Did Not Play,Did Not Play,Did Not Play,Did Not Play,Did Not Play,Did Not Play,Did Not Play,Did Not Play,Did Not Play,Matt Cassel,CassMa00
186,Rk,Year,Date,G#,Week,Age,Tm,,Opp,Result,GS,Cmp,Att,Cmp%,Yds,TD,Int,Rate,Sk,Yds,Y/A,AY/A,Att,Yds,Y/A,TD,Tgt,Rec,Yds,Y/R,TD,Ctch%,Y/Tgt,TD,Pts,Fmb,FL,FF,FR,Yds,TD,Pnt,Yds,Y/P,Blck,Num,Pct,Num,Pct,Num,Pct,Status,Matt Cassel,CassMa00
187,177,2016,2016-09-11,1,1,,TEN,,MIN,L 16-25,Did Not Play,Did Not Play,Did Not Play,Did Not Play,Did Not Play,Did Not Play,Did Not Play,Did Not Play,Did Not Play,Did Not Play,Did Not Play,Did Not Play,Did Not Play,Did Not Play,Did Not Play,Did Not Play,Did Not Play,Did Not Play,Did Not Play,Did Not Play,Did Not Play,Did Not Play,Did Not Play,Did Not Play,Did Not Play,Did Not Play,Did Not Play,Did Not Play,Did Not Play,Did Not Play,Did Not Play,Did Not Play,Did Not Play,Did Not Play,Did Not Play,Did Not Play,Did Not Play,Did Not Play,Did Not Play,Did Not Play,Did Not Play,Did Not Play,Matt Cassel,CassMa00
188,178,2016,2016-09-18,2,2,34.124,TEN,@,DET,W 16-15,,0,0,,0,0,0,,0,0,,,1,-1,-1.00,0,0,0,0,,0,0.0%,,0,0,0,0,0,0,0,0,0,0,,0,1,1%,0,0%,0,0%,,Matt Cassel,CassMa00
189,179,2016,2016-09-25,3,3,,TEN,,OAK,L 10-17,Did Not Play,Did Not Play,Did Not Play,Did Not Play,Did Not Play,Did Not Play,Did Not Play,Did Not Play,Did Not Play,Did Not Play,Did Not Play,Did Not Play,Did Not Play,Did Not Play,Did Not Play,Did Not Play,Did Not Play,Did Not Play,Did Not Play,Did Not Play,Did Not Play,Did Not Play,Did Not Play,Did Not Play,Did Not Play,Did Not Play,Did Not Play,Did Not Play,Did Not Play,Did Not Play,Did Not Play,Did Not Play,Did Not Play,Did Not Play,Did Not Play,Did Not Play,Did Not Play,Did Not Play,Did Not Play,Did Not Play,Did Not Play,Did Not Play,Matt Cassel,CassMa00
190,180,2016,2016-10-02,4,4,,TEN,@,HOU,L 20-27,Did Not Play,Did Not Play,Did Not Play,Did Not Play,Did Not Play,Did Not Play,Did Not Play,Did Not Play,Did Not Play,Did Not Play,Did Not Play,Did Not Play,Did Not Play,Did Not Play,Did Not Play,Did Not Play,Did Not Play,Did Not Play,Did Not Play,Did Not Play,Did Not Play,Did Not Play,Did Not Play,Did Not Play,Did Not Play,Did Not Play,Did Not Play,Did Not Play,Did Not Play,Did Not Play,Did Not Play,Did Not Play,Did Not Play,Did Not Play,Did Not Play,Did Not Play,Did Not Play,Did Not Play,Did Not Play,Did Not Play,Did Not Play,Did Not Play,Matt Cassel,CassMa00
191,181,2016,2016-10-09,5,5,,TEN,@,MIA,W 30-17,Did Not Play,Did Not Play,Did Not Play,Did Not Play,Did Not Play,Did Not Play,Did Not Play,Did Not Play,Did Not Play,Did Not Play,Did Not Play,Did Not Play,Did Not Play,Did Not Play,Did Not Play,Did Not Play,Did Not Play,Did Not Play,Did Not Play,Did Not Play,Did Not Play,Did Not Play,Did Not Play,Did Not Play,Did Not Play,Did Not Play,Did Not Play,Did Not Play,Did Not Play,Did Not Play,Did Not Play,Did Not Play,Did Not Play,Did Not Play,Did Not Play,Did Not Play,Did Not Play,Did Not Play,Did Not Play,Did Not Play,Did Not Play,Did Not Play,Matt Cassel,CassMa00
192,182,2016,2016-10-16,6,6,,TEN,,CLE,W 28-26,Did Not Play,Did Not Play,Did Not Play,Did Not Play,Did Not Play,Did Not Play,Did Not Play,Did Not Play,Did Not Play,Did Not Play,Did Not Play,Did Not Play,Did Not Play,Did Not Play,Did Not Play,Did Not Play,Did Not Play,Did Not Play,Did Not Play,Did Not Play,Did Not Play,Did Not Play,Did Not Play,Did Not Play,Did Not Play,Did Not Play,Did Not Play,Did Not Play,Did Not Play,Did Not Play,Did Not Play,Did Not Play,Did Not Play,Did Not Play,Did Not Play,Did Not Play,Did Not Play,Did Not Play,Did Not Play,Did Not Play,Did Not Play,Did Not Play,Matt Cassel,CassMa00
193,183,2016,2016-10-23,7,7,,TEN,,IND,L 26-34,Did Not Play,Did Not Play,Did Not Play,Did Not Play,Did Not Play,Did Not Play,Did Not Play,Did Not Play,Did Not Play,Did Not Play,Did Not Play,Did Not Play,Did Not Play,Did Not Play,Did Not Play,Did Not Play,Did Not Play,Did Not Play,Did Not Play,Did Not Play,Did Not Play,Did Not Play,Did Not Play,Did Not Play,Did Not Play,Did Not Play,Did Not Play,Did Not Play,Did Not Play,Did Not Play,Did Not Play,Did Not Play,Did Not Play,Did Not Play,Did Not Play,Did Not Play,Did Not Play,Did Not Play,Did Not Play,Did Not Play,Did Not Play,Did Not Play,Matt Cassel,CassMa00
194,184,2016,2016-10-27,8,8,34.163,TEN,,JAX,W 36-22,,1,1,100.00,10,0,0,108.3,0,0,10.00,10.00,1,2,2.00,0,0,0,0,,0,0.0%,,0,0,0,0,0,0,0,0,0,0,,0,6,9%,0,0%,0,0%,,Matt Cassel,CassMa00
195,185,2016,2016-11-06,9,9,,TEN,@,SDG,L 35-43,Did Not Play,Did Not Play,Did Not Play,Did Not Play,Did Not Play,Did Not Play,Did Not Play,Did Not Play,Did Not Play,Did Not Play,Did Not Play,Did Not Play,Did Not Play,Did Not Play,Did Not Play,Did Not Play,Did Not Play,Did Not Play,Did Not Play,Did Not Play,Did Not Play,Did Not Play,Did Not Play,Did Not Play,Did Not Play,Did Not Play,Did Not Play,Did Not Play,Did Not Play,Did Not Play,Did Not Play,Did Not Play,Did Not Play,Did Not Play,Did Not Play,Did Not Play,Did Not Play,Did Not Play,Did Not Play,Did Not Play,Did Not Play,Did Not Play,Matt Cassel,CassMa00
196,186,2016,2016-11-13,10,10,,TEN,,GNB,W 47-25,Did Not Play,Did Not Play,Did Not Play,Did Not Play,Did Not Play,Did Not Play,Did Not Play,Did Not Play,Did Not Play,Did Not Play,Did Not Play,Did Not Play,Did Not Play,Did Not Play,Did Not Play,Did Not Play,Did Not Play,Did Not Play,Did Not Play,Did Not Play,Did Not Play,Did Not Play,Did Not Play,Did Not Play,Did Not Play,Did Not Play,Did Not Play,Did Not Play,Did Not Play,Did Not Play,Did Not Play,Did Not Play,Did Not Play,Did Not Play,Did Not Play,Did Not Play,Did Not Play,Did Not Play,Did Not Play,Did Not Play,Did Not Play,Did Not Play,Matt Cassel,CassMa00
197,187,2016,2016-11-20,11,11,,TEN,@,IND,L 17-24,Did Not Play,Did Not Play,Did Not Play,Did Not Play,Did Not Play,Did Not Play,Did Not Play,Did Not Play,Did Not Play,Did Not Play,Did Not Play,Did Not Play,Did Not Play,Did Not Play,Did Not Play,Did Not Play,Did Not Play,Did Not Play,Did Not Play,Did Not Play,Did Not Play,Did Not Play,Did Not Play,Did Not Play,Did Not Play,Did Not Play,Did Not Play,Did Not Play,Did Not Play,Did Not Play,Did Not Play,Did Not Play,Did Not Play,Did Not Play,Did Not Play,Did Not Play,Did Not Play,Did Not Play,Did Not Play,Did Not Play,Did Not Play,Did Not Play,Matt Cassel,CassMa00
198,188,2016,2016-11-27,12,12,,TEN,@,CHI,W 27-21,Did Not Play,Did Not Play,Did Not Play,Did Not Play,Did Not Play,Did Not Play,Did Not Play,Did Not Play,Did Not Play,Did Not Play,Did Not Play,Did Not Play,Did Not Play,Did Not Play,Did Not Play,Did Not Play,Did Not Play,Did Not Play,Did Not Play,Did Not Play,Did Not Play,Did Not Play,Did Not Play,Did Not Play,Did Not Play,Did Not Play,Did Not Play,Did Not Play,Did Not Play,Did Not Play,Did Not Play,Did Not Play,Did Not Play,Did Not Play,Did Not Play,Did Not Play,Did Not Play,Did Not Play,Did Not Play,Did Not Play,Did Not Play,Did Not Play,Matt Cassel,CassMa00
199,189,2016,2016-12-11,13,14,,TEN,,DEN,W 13-10,Did Not Play,Did Not Play,Did Not Play,Did Not Play,Did Not Play,Did Not Play,Did Not Play,Did Not Play,Did Not Play,Did Not Play,Did Not Play,Did Not Play,Did Not Play,Did Not Play,Did Not Play,Did Not Play,Did Not Play,Did Not Play,Did Not Play,Did Not Play,Did Not Play,Did Not Play,Did Not Play,Did Not Play,Did Not Play,Did Not Play,Did Not Play,Did Not Play,Did Not Play,Did Not Play,Did Not Play,Did Not Play,Did Not Play,Did Not Play,Did Not Play,Did Not Play,Did Not Play,Did Not Play,Did Not Play,Did Not Play,Did Not Play,Did Not Play,Matt Cassel,CassMa00
200,190,2016,2016-12-18,14,15,,TEN,@,KAN,W 19-17,Did Not Play,Did Not Play,Did Not Play,Did Not Play,Did Not Play,Did Not Play,Did Not Play,Did Not Play,Did Not Play,Did Not Play,Did Not Play,Did Not Play,Did Not Play,Did Not Play,Did Not Play,Did Not Play,Did Not Play,Did Not Play,Did Not Play,Did Not Play,Did Not Play,Did Not Play,Did Not Play,Did Not Play,Did Not Play,Did Not Play,Did Not Play,Did Not Play,Did Not Play,Did Not Play,Did Not Play,Did Not Play,Did Not Play,Did Not Play,Did Not Play,Did Not Play,Did Not Play,Did Not Play,Did Not Play,Did Not Play,Did Not Play,Did Not Play,Matt Cassel,CassMa00
201,191,2016,2016-12-24,15,16,34.221,TEN,@,JAX,L 17-38,,13,24,54.17,124,1,1,65.3,1,6,5.17,4.13,0,0,,0,0,0,0,,0,0.0%,,0,0,1,0,0,1,0,0,0,0,,0,30,42%,0,0%,0,0%,,Matt Cassel,CassMa00
202,192,2016,2017-01-01,16,17,34.229,TEN,,HOU,W 24-17,*,16,26,61.54,150,1,1,74.2,4,17,5.77,4.81,2,2,1.00,0,0,0,0,,0,0.0%,,0,0,0,0,0,0,0,0,0,0,,0,61,100%,0,0%,0,0%,,Matt Cassel,CassMa00
203,Rk,Year,Date,G#,Week,Age,Tm,,Opp,Result,GS,Cmp,Att,Cmp%,Yds,TD,Int,Rate,Sk,Yds,Y/A,AY/A,Att,Yds,Y/A,TD,Tgt,Rec,Yds,Y/R,TD,Ctch%,Y/Tgt,TD,Pts,Fmb,FL,FF,FR,Yds,TD,Pnt,Yds,Y/P,Blck,Num,Pct,Num,Pct,Num,Pct,Status,Matt Cassel,CassMa00
204,193,2017,2017-09-10,1,1,,TEN,,OAK,L 16-26,Did Not Play,Did Not Play,Did Not Play,Did Not Play,Did Not Play,Did Not Play,Did Not Play,Did Not Play,Did Not Play,Did Not Play,Did Not Play,Did Not Play,Did Not Play,Did Not Play,Did Not Play,Did Not Play,Did Not Play,Did Not Play,Did Not Play,Did Not Play,Did Not Play,Did Not Play,Did Not Play,Did Not Play,Did Not Play,Did Not Play,Did Not Play,Did Not Play,Did Not Play,Did Not Play,Did Not Play,Did Not Play,Did Not Play,Did Not Play,Did Not Play,Did Not Play,Did Not Play,Did Not Play,Did Not Play,Did Not Play,Did Not Play,Did Not Play,Matt Cassel,CassMa00
205,194,2017,2017-09-17,2,2,,TEN,@,JAX,W 37-16,Did Not Play,Did Not Play,Did Not Play,Did Not Play,Did Not Play,Did Not Play,Did Not Play,Did Not Play,Did Not Play,Did Not Play,Did Not Play,Did Not Play,Did Not Play,Did Not Play,Did Not Play,Did Not Play,Did Not Play,Did Not Play,Did Not Play,Did Not Play,Did Not Play,Did Not Play,Did Not Play,Did Not Play,Did Not Play,Did Not Play,Did Not Play,Did Not Play,Did Not Play,Did Not Play,Did Not Play,Did Not Play,Did Not Play,Did Not Play,Did Not Play,Did Not Play,Did Not Play,Did Not Play,Did Not Play,Did Not Play,Did Not Play,Did Not Play,Matt Cassel,CassMa00
206,195,2017,2017-09-24,3,3,,TEN,,SEA,W 33-27,Did Not Play,Did Not Play,Did Not Play,Did Not Play,Did Not Play,Did Not Play,Did Not Play,Did Not Play,Did Not Play,Did Not Play,Did Not Play,Did Not Play,Did Not Play,Did Not Play,Did Not Play,Did Not Play,Did Not Play,Did Not Play,Did Not Play,Did Not Play,Did Not Play,Did Not Play,Did Not Play,Did Not Play,Did Not Play,Did Not Play,Did Not Play,Did Not Play,Did Not Play,Did Not Play,Did Not Play,Did Not Play,Did Not Play,Did Not Play,Did Not Play,Did Not Play,Did Not Play,Did Not Play,Did Not Play,Did Not Play,Did Not Play,Did Not Play,Matt Cassel,CassMa00
207,196,2017,2017-10-01,4,4,35.137,TEN,@,HOU,L 14-57,,4,10,40.00,21,0,2,8.3,2,8,2.10,-6.90,0,0,,0,0,0,0,,0,0.0%,,0,0,1,1,0,0,0,0,0,0,,0,18,44%,0,0%,0,0%,,Matt Cassel,CassMa00
208,197,2017,2017-10-08,5,5,35.144,TEN,@,MIA,L 10-16,*,21,32,65.63,141,1,0,85.5,6,22,4.41,5.03,0,0,,0,0,0,0,,0,0.0%,,0,0,1,1,0,0,0,0,0,0,,0,59,100%,0,0%,0,0%,,Matt Cassel,CassMa00
209,198,2017,2017-10-16,6,6,,TEN,,IND,W 36-22,Did Not Play,Did Not Play,Did Not Play,Did Not Play,Did Not Play,Did Not Play,Did Not Play,Did Not Play,Did Not Play,Did Not Play,Did Not Play,Did Not Play,Did Not Play,Did Not Play,Did Not Play,Did Not Play,Did Not Play,Did Not Play,Did Not Play,Did Not Play,Did Not Play,Did Not Play,Did Not Play,Did Not Play,Did Not Play,Did Not Play,Did Not Play,Did Not Play,Did Not Play,Did Not Play,Did Not Play,Did Not Play,Did Not Play,Did Not Play,Did Not Play,Did Not Play,Did Not Play,Did Not Play,Did Not Play,Did Not Play,Did Not Play,Did Not Play,Matt Cassel,CassMa00
210,199,2017,2017-10-22,7,7,,TEN,@,CLE,W 12-9,Did Not Play,Did Not Play,Did Not Play,Did Not Play,Did Not Play,Did Not Play,Did Not Play,Did Not Play,Did Not Play,Did Not Play,Did Not Play,Did Not Play,Did Not Play,Did Not Play,Did Not Play,Did Not Play,Did Not Play,Did Not Play,Did Not Play,Did Not Play,Did Not Play,Did Not Play,Did Not Play,Did Not Play,Did Not Play,Did Not Play,Did Not Play,Did Not Play,Did Not Play,Did Not Play,Did Not Play,Did Not Play,Did Not Play,Did Not Play,Did Not Play,Did Not Play,Did Not Play,Did Not Play,Did Not Play,Did Not Play,Did Not Play,Did Not Play,Matt Cassel,CassMa00
211,200,2017,2017-11-05,8,9,,TEN,,BAL,W 23-20,Did Not Play,Did Not Play,Did Not Play,Did Not Play,Did Not Play,Did Not Play,Did Not Play,Did Not Play,Did Not Play,Did Not Play,Did Not Play,Did Not Play,Did Not Play,Did Not Play,Did Not Play,Did Not Play,Did Not Play,Did Not Play,Did Not Play,Did Not Play,Did Not Play,Did Not Play,Did Not Play,Did Not Play,Did Not Play,Did Not Play,Did Not Play,Did Not Play,Did Not Play,Did Not Play,Did Not Play,Did Not Play,Did Not Play,Did Not Play,Did Not Play,Did Not Play,Did Not Play,Did Not Play,Did Not Play,Did Not Play,Did Not Play,Did Not Play,Matt Cassel,CassMa00
212,201,2017,2017-11-12,9,10,,TEN,,CIN,W 24-20,Did Not Play,Did Not Play,Did Not Play,Did Not Play,Did Not Play,Did Not Play,Did Not Play,Did Not Play,Did Not Play,Did Not Play,Did Not Play,Did Not Play,Did Not Play,Did Not Play,Did Not Play,Did Not Play,Did Not Play,Did Not Play,Did Not Play,Did Not Play,Did Not Play,Did Not Play,Did Not Play,Did Not Play,Did Not Play,Did Not Play,Did Not Play,Did Not Play,Did Not Play,Did Not Play,Did Not Play,Did Not Play,Did Not Play,Did Not Play,Did Not Play,Did Not Play,Did Not Play,Did Not Play,Did Not Play,Did Not Play,Did Not Play,Did Not Play,Matt Cassel,CassMa00
213,202,2017,2017-11-16,10,11,,TEN,@,PIT,L 17-40,Did Not Play,Did Not Play,Did Not Play,Did Not Play,Did Not Play,Did Not Play,Did Not Play,Did Not Play,Did Not Play,Did Not Play,Did Not Play,Did Not Play,Did Not Play,Did Not Play,Did Not Play,Did Not Play,Did Not Play,Did Not Play,Did Not Play,Did Not Play,Did Not Play,Did Not Play,Did Not Play,Did Not Play,Did Not Play,Did Not Play,Did Not Play,Did Not Play,Did Not Play,Did Not Play,Did Not Play,Did Not Play,Did Not Play,Did Not Play,Did Not Play,Did Not Play,Did Not Play,Did Not Play,Did Not Play,Did Not Play,Did Not Play,Did Not Play,Matt Cassel,CassMa00
214,203,2017,2017-11-26,11,12,,TEN,@,IND,W 20-16,Did Not Play,Did Not Play,Did Not Play,Did Not Play,Did Not Play,Did Not Play,Did Not Play,Did Not Play,Did Not Play,Did Not Play,Did Not Play,Did Not Play,Did Not Play,Did Not Play,Did Not Play,Did Not Play,Did Not Play,Did Not Play,Did Not Play,Did Not Play,Did Not Play,Did Not Play,Did Not Play,Did Not Play,Did Not Play,Did Not Play,Did Not Play,Did Not Play,Did Not Play,Did Not Play,Did Not Play,Did Not Play,Did Not Play,Did Not Play,Did Not Play,Did Not Play,Did Not Play,Did Not Play,Did Not Play,Did Not Play,Did Not Play,Did Not Play,Matt Cassel,CassMa00
215,204,2017,2017-12-03,12,13,,TEN,,HOU,W 24-13,Did Not Play,Did Not Play,Did Not Play,Did Not Play,Did Not Play,Did Not Play,Did Not Play,Did Not Play,Did Not Play,Did Not Play,Did Not Play,Did Not Play,Did Not Play,Did Not Play,Did Not Play,Did Not Play,Did Not Play,Did Not Play,Did Not Play,Did Not Play,Did Not Play,Did Not Play,Did Not Play,Did Not Play,Did Not Play,Did Not Play,Did Not Play,Did Not Play,Did Not Play,Did Not Play,Did Not Play,Did Not Play,Did Not Play,Did Not Play,Did Not Play,Did Not Play,Did Not Play,Did Not Play,Did Not Play,Did Not Play,Did Not Play,Did Not Play,Matt Cassel,CassMa00
216,205,2017,2017-12-10,13,14,,TEN,@,ARI,L 7-12,Did Not Play,Did Not Play,Did Not Play,Did Not Play,Did Not Play,Did Not Play,Did Not Play,Did Not Play,Did Not Play,Did Not Play,Did Not Play,Did Not Play,Did Not Play,Did Not Play,Did Not Play,Did Not Play,Did Not Play,Did Not Play,Did Not Play,Did Not Play,Did Not Play,Did Not Play,Did Not Play,Did Not Play,Did Not Play,Did Not Play,Did Not Play,Did Not Play,Did Not Play,Did Not Play,Did Not Play,Did Not Play,Did Not Play,Did Not Play,Did Not Play,Did Not Play,Did Not Play,Did Not Play,Did Not Play,Did Not Play,Did Not Play,Did Not Play,Matt Cassel,CassMa00
217,206,2017,2017-12-17,14,15,,TEN,@,SFO,L 23-25,Did Not Play,Did Not Play,Did Not Play,Did Not Play,Did Not Play,Did Not Play,Did Not Play,Did Not Play,Did Not Play,Did Not Play,Did Not Play,Did Not Play,Did Not Play,Did Not Play,Did Not Play,Did Not Play,Did Not Play,Did Not Play,Did Not Play,Did Not Play,Did Not Play,Did Not Play,Did Not Play,Did Not Play,Did Not Play,Did Not Play,Did Not Play,Did Not Play,Did Not Play,Did Not Play,Did Not Play,Did Not Play,Did Not Play,Did Not Play,Did Not Play,Did Not Play,Did Not Play,Did Not Play,Did Not Play,Did Not Play,Did Not Play,Did Not Play,Matt Cassel,CassMa00
218,207,2017,2017-12-24,15,16,,TEN,,LAR,L 23-27,Did Not Play,Did Not Play,Did Not Play,Did Not Play,Did Not Play,Did Not Play,Did Not Play,Did Not Play,Did Not Play,Did Not Play,Did Not Play,Did Not Play,Did Not Play,Did Not Play,Did Not Play,Did Not Play,Did Not Play,Did Not Play,Did Not Play,Did Not Play,Did Not Play,Did Not Play,Did Not Play,Did Not Play,Did Not Play,Did Not Play,Did Not Play,Did Not Play,Did Not Play,Did Not Play,Did Not Play,Did Not Play,Did Not Play,Did Not Play,Did Not Play,Did Not Play,Did Not Play,Did Not Play,Did Not Play,Did Not Play,Did Not Play,Did Not Play,Matt Cassel,CassMa00
219,208,2017,2017-12-31,16,17,,TEN,,JAX,W 15-10,Did Not Play,Did Not Play,Did Not Play,Did Not Play,Did Not Play,Did Not Play,Did Not Play,Did Not Play,Did Not Play,Did Not Play,Did Not Play,Did Not Play,Did Not Play,Did Not Play,Did Not Play,Did Not Play,Did Not Play,Did Not Play,Did Not Play,Did Not Play,Did Not Play,Did Not Play,Did Not Play,Did Not Play,Did Not Play,Did Not Play,Did Not Play,Did Not Play,Did Not Play,Did Not Play,Did Not Play,Did Not Play,Did Not Play,Did Not Play,Did Not Play,Did Not Play,Did Not Play,Did Not Play,Did Not Play,Did Not Play,Did Not Play,Did Not Play,Matt Cassel,CassMa00
220,Rk,Year,Date,G#,Week,Age,Tm,,Opp,Result,GS,Cmp,Att,Cmp%,Yds,TD,Int,Rate,Sk,Yds,Y/A,AY/A,Att,Yds,Y/A,TD,Tgt,Rec,Yds,Y/R,TD,Ctch%,Y/Tgt,TD,Pts,Fmb,FL,FF,FR,Yds,TD,Pnt,Yds,Y/P,Blck,Num,Pct,Num,Pct,Num,Pct,Status,Matt Cassel,CassMa00
221,209,2018,2018-09-10,1,1,36.116,DET,,NYJ,L 17-48,,2,6,33.33,14,0,1,2.8,0,0,2.33,-5.17,1,-1,-1.00,0,0,0,0,,0,0.0%,,0,0,0,0,0,0,0,0,0,0,,0,8,11%,0,0%,0,0%,,Matt Cassel,CassMa00
222,210,2018,2018-09-16,2,2,,DET,@,SFO,L 27-30,Did Not Play,Did Not Play,Did Not Play,Did Not Play,Did Not Play,Did Not Play,Did Not Play,Did Not Play,Did Not Play,Did Not Play,Did Not Play,Did Not Play,Did Not Play,Did Not Play,Did Not Play,Did Not Play,Did Not Play,Did Not Play,Did Not Play,Did Not Play,Did Not Play,Did Not Play,Did Not Play,Did Not Play,Did Not Play,Did Not Play,Did Not Play,Did Not Play,Did Not Play,Did Not Play,Did Not Play,Did Not Play,Did Not Play,Did Not Play,Did Not Play,Did Not Play,Did Not Play,Did Not Play,Did Not Play,Did Not Play,Did Not Play,Did Not Play,Matt Cassel,CassMa00
223,211,2018,2018-09-23,3,3,,DET,,NWE,W 26-10,Did Not Play,Did Not Play,Did Not Play,Did Not Play,Did Not Play,Did Not Play,Did Not Play,Did Not Play,Did Not Play,Did Not Play,Did Not Play,Did Not Play,Did Not Play,Did Not Play,Did Not Play,Did Not Play,Did Not Play,Did Not Play,Did Not Play,Did Not Play,Did Not Play,Did Not Play,Did Not Play,Did Not Play,Did Not Play,Did Not Play,Did Not Play,Did Not Play,Did Not Play,Did Not Play,Did Not Play,Did Not Play,Did Not Play,Did Not Play,Did Not Play,Did Not Play,Did Not Play,Did Not Play,Did Not Play,Did Not Play,Did Not Play,Did Not Play,Matt Cassel,CassMa00
224,212,2018,2018-09-30,4,4,,DET,@,DAL,L 24-26,Did Not Play,Did Not Play,Did Not Play,Did Not Play,Did Not Play,Did Not Play,Did Not Play,Did Not Play,Did Not Play,Did Not Play,Did Not Play,Did Not Play,Did Not Play,Did Not Play,Did Not Play,Did Not Play,Did Not Play,Did Not Play,Did Not Play,Did Not Play,Did Not Play,Did Not Play,Did Not Play,Did Not Play,Did Not Play,Did Not Play,Did Not Play,Did Not Play,Did Not Play,Did Not Play,Did Not Play,Did Not Play,Did Not Play,Did Not Play,Did Not Play,Did Not Play,Did Not Play,Did Not Play,Did Not Play,Did Not Play,Did Not Play,Did Not Play,Matt Cassel,CassMa00
225,213,2018,2018-10-07,5,5,,DET,,GNB,W 31-23,Did Not Play,Did Not Play,Did Not Play,Did Not Play,Did Not Play,Did Not Play,Did Not Play,Did Not Play,Did Not Play,Did Not Play,Did Not Play,Did Not Play,Did Not Play,Did Not Play,Did Not Play,Did Not Play,Did Not Play,Did Not Play,Did Not Play,Did Not Play,Did Not Play,Did Not Play,Did Not Play,Did Not Play,Did Not Play,Did Not Play,Did Not Play,Did Not Play,Did Not Play,Did Not Play,Did Not Play,Did Not Play,Did Not Play,Did Not Play,Did Not Play,Did Not Play,Did Not Play,Did Not Play,Did Not Play,Did Not Play,Did Not Play,Did Not Play,Matt Cassel,CassMa00
226,214,2018,2018-10-21,6,7,,DET,@,MIA,W 32-21,Did Not Play,Did Not Play,Did Not Play,Did Not Play,Did Not Play,Did Not Play,Did Not Play,Did Not Play,Did Not Play,Did Not Play,Did Not Play,Did Not Play,Did Not Play,Did Not Play,Did Not Play,Did Not Play,Did Not Play,Did Not Play,Did Not Play,Did Not Play,Did Not Play,Did Not Play,Did Not Play,Did Not Play,Did Not Play,Did Not Play,Did Not Play,Did Not Play,Did Not Play,Did Not Play,Did Not Play,Did Not Play,Did Not Play,Did Not Play,Did Not Play,Did Not Play,Did Not Play,Did Not Play,Did Not Play,Did Not Play,Did Not Play,Did Not Play,Matt Cassel,CassMa00
227,215,2018,2018-10-28,7,8,,DET,,SEA,L 14-28,Did Not Play,Did Not Play,Did Not Play,Did Not Play,Did Not Play,Did Not Play,Did Not Play,Did Not Play,Did Not Play,Did Not Play,Did Not Play,Did Not Play,Did Not Play,Did Not Play,Did Not Play,Did Not Play,Did Not Play,Did Not Play,Did Not Play,Did Not Play,Did Not Play,Did Not Play,Did Not Play,Did Not Play,Did Not Play,Did Not Play,Did Not Play,Did Not Play,Did Not Play,Did Not Play,Did Not Play,Did Not Play,Did Not Play,Did Not Play,Did Not Play,Did Not Play,Did Not Play,Did Not Play,Did Not Play,Did Not Play,Did Not Play,Did Not Play,Matt Cassel,CassMa00
228,216,2018,2018-11-04,8,9,,DET,@,MIN,L 9-24,Did Not Play,Did Not Play,Did Not Play,Did Not Play,Did Not Play,Did Not Play,Did Not Play,Did Not Play,Did Not Play,Did Not Play,Did Not Play,Did Not Play,Did Not Play,Did Not Play,Did Not Play,Did Not Play,Did Not Play,Did Not Play,Did Not Play,Did Not Play,Did Not Play,Did Not Play,Did Not Play,Did Not Play,Did Not Play,Did Not Play,Did Not Play,Did Not Play,Did Not Play,Did Not Play,Did Not Play,Did Not Play,Did Not Play,Did Not Play,Did Not Play,Did Not Play,Did Not Play,Did Not Play,Did Not Play,Did Not Play,Did Not Play,Did Not Play,Matt Cassel,CassMa00
229,217,2018,2018-11-11,9,10,,DET,@,CHI,L 22-34,Did Not Play,Did Not Play,Did Not Play,Did Not Play,Did Not Play,Did Not Play,Did Not Play,Did Not Play,Did Not Play,Did Not Play,Did Not Play,Did Not Play,Did Not Play,Did Not Play,Did Not Play,Did Not Play,Did Not Play,Did Not Play,Did Not Play,Did Not Play,Did Not Play,Did Not Play,Did Not Play,Did Not Play,Did Not Play,Did Not Play,Did Not Play,Did Not Play,Did Not Play,Did Not Play,Did Not Play,Did Not Play,Did Not Play,Did Not Play,Did Not Play,Did Not Play,Did Not Play,Did Not Play,Did Not Play,Did Not Play,Did Not Play,Did Not Play,Matt Cassel,CassMa00
230,218,2018,2018-11-18,10,11,,DET,,CAR,W 20-19,Did Not Play,Did Not Play,Did Not Play,Did Not Play,Did Not Play,Did Not Play,Did Not Play,Did Not Play,Did Not Play,Did Not Play,Did Not Play,Did Not Play,Did Not Play,Did Not Play,Did Not Play,Did Not Play,Did Not Play,Did Not Play,Did Not Play,Did Not Play,Did Not Play,Did Not Play,Did Not Play,Did Not Play,Did Not Play,Did Not Play,Did Not Play,Did Not Play,Did Not Play,Did Not Play,Did Not Play,Did Not Play,Did Not Play,Did Not Play,Did Not Play,Did Not Play,Did Not Play,Did Not Play,Did Not Play,Did Not Play,Did Not Play,Did Not Play,Matt Cassel,CassMa00
231,219,2018,2018-11-22,11,12,,DET,,CHI,L 16-23,Did Not Play,Did Not Play,Did Not Play,Did Not Play,Did Not Play,Did Not Play,Did Not Play,Did Not Play,Did Not Play,Did Not Play,Did Not Play,Did Not Play,Did Not Play,Did Not Play,Did Not Play,Did Not Play,Did Not Play,Did Not Play,Did Not Play,Did Not Play,Did Not Play,Did Not Play,Did Not Play,Did Not Play,Did Not Play,Did Not Play,Did Not Play,Did Not Play,Did Not Play,Did Not Play,Did Not Play,Did Not Play,Did Not Play,Did Not Play,Did Not Play,Did Not Play,Did Not Play,Did Not Play,Did Not Play,Did Not Play,Did Not Play,Did Not Play,Matt Cassel,CassMa00
232,220,2018,2018-12-02,12,13,,DET,,LAR,L 16-30,Did Not Play,Did Not Play,Did Not Play,Did Not Play,Did Not Play,Did Not Play,Did Not Play,Did Not Play,Did Not Play,Did Not Play,Did Not Play,Did Not Play,Did Not Play,Did Not Play,Did Not Play,Did Not Play,Did Not Play,Did Not Play,Did Not Play,Did Not Play,Did Not Play,Did Not Play,Did Not Play,Did Not Play,Did Not Play,Did Not Play,Did Not Play,Did Not Play,Did Not Play,Did Not Play,Did Not Play,Did Not Play,Did Not Play,Did Not Play,Did Not Play,Did Not Play,Did Not Play,Did Not Play,Did Not Play,Did Not Play,Did Not Play,Did Not Play,Matt Cassel,CassMa00
233,221,2018,2018-12-09,13,14,,DET,@,ARI,W 17-3,Did Not Play,Did Not Play,Did Not Play,Did Not Play,Did Not Play,Did Not Play,Did Not Play,Did Not Play,Did Not Play,Did Not Play,Did Not Play,Did Not Play,Did Not Play,Did Not Play,Did Not Play,Did Not Play,Did Not Play,Did Not Play,Did Not Play,Did Not Play,Did Not Play,Did Not Play,Did Not Play,Did Not Play,Did Not Play,Did Not Play,Did Not Play,Did Not Play,Did Not Play,Did Not Play,Did Not Play,Did Not Play,Did Not Play,Did Not Play,Did Not Play,Did Not Play,Did Not Play,Did Not Play,Did Not Play,Did Not Play,Did Not Play,Did Not Play,Matt Cassel,CassMa00
234,222,2018,2018-12-16,14,15,,DET,@,BUF,L 13-14,Did Not Play,Did Not Play,Did Not Play,Did Not Play,Did Not Play,Did Not Play,Did Not Play,Did Not Play,Did Not Play,Did Not Play,Did Not Play,Did Not Play,Did Not Play,Did Not Play,Did Not Play,Did Not Play,Did Not Play,Did Not Play,Did Not Play,Did Not Play,Did Not Play,Did Not Play,Did Not Play,Did Not Play,Did Not Play,Did Not Play,Did Not Play,Did Not Play,Did Not Play,Did Not Play,Did Not Play,Did Not Play,Did Not Play,Did Not Play,Did Not Play,Did Not Play,Did Not Play,Did Not Play,Did Not Play,Did Not Play,Did Not Play,Did Not Play,Matt Cassel,CassMa00
235,223,2018,2018-12-23,15,16,36.220,DET,,MIN,L 9-27,,5,11,45.45,45,0,0,57.0,1,13,4.09,4.09,1,14,14.00,0,0,0,0,,0,0.0%,,0,0,0,0,0,0,0,0,0,0,,0,15,20%,0,0%,0,0%,,Matt Cassel,CassMa00
236,224,2018,2018-12-30,16,17,,DET,@,GNB,W 31-0,Did Not Play,Did Not Play,Did Not Play,Did Not Play,Did Not Play,Did Not Play,Did Not Play,Did Not Play,Did Not Play,Did Not Play,Did Not Play,Did Not Play,Did Not Play,Did Not Play,Did Not Play,Did Not Play,Did Not Play,Did Not Play,Did Not Play,Did Not Play,Did Not Play,Did Not Play,Did Not Play,Did Not Play,Did Not Play,Did Not Play,Did Not Play,Did Not Play,Did Not Play,Did Not Play,Did Not Play,Did Not Play,Did Not Play,Did Not Play,Did Not Play,Did Not Play,Did Not Play,Did Not Play,Did Not Play,Did Not Play,Did Not Play,Did Not Play,Matt Cassel,CassMa00
237,,,107 Games,,,,,,,52-55-0,,1578,2683,58.81,17508,104,82,78.5,210,1157,6.53,5.93,268,1025,3.82,5,2,1,-4,-4.00,0,50.0%,-2.00,5,30,55,21,0,16,-101,0,1,57,57.00,0,,,,,,,,Matt Cassel,CassMa00
