,Unnamed: 0_level_0,Unnamed: 1_level_0,Unnamed: 2_level_0,Unnamed: 3_level_0,Unnamed: 4_level_0,Unnamed: 5_level_0,Unnamed: 6_level_0,Unnamed: 7_level_0,Unnamed: 8_level_0,Unnamed: 9_level_0,Unnamed: 10_level_0,Passing,Passing,Passing,Passing,Passing,Passing,Passing,Passing,Passing,Passing,Passing,Rushing,Rushing,Rushing,Rushing,Receiving,Receiving,Receiving,Receiving,Receiving,Receiving,Receiving,Scoring,Scoring,Scoring,Fumbles,Fumbles,Fumbles,Fumbles,Fumbles,Fumbles,Unnamed: 42_level_0,qb,qb_tag
,Rk,Year,Date,G#,Week,Age,Tm,Unnamed: 7_level_1,Opp,Result,GS,Cmp,Att,Cmp%,Yds,TD,Int,Rate,Sk,Yds.1,Y/A,AY/A,Att,Yds,Y/A,TD,Tgt,Rec,Yds,Y/R,TD,Ctch%,Y/Tgt,2PM,TD,Pts,Fmb,FL,FF,FR,Yds,TD,Status,,
0,1,1988,1988-09-11,2,2,22.335,IND,,CHI,L 13-17,,0,0,,0,0,0,,0,,,,0,0,,0,,,,,,,,,0,0,,,,,,,,Chris Chandler,ChanCh00
1,2,1988,1988-09-19,3,3,22.343,IND,@,CLE,L 17-23,,3,8,37.50,80,0,1,35.4,1,6,10.00,4.38,1,4,4.00,0,,0,0,,0,,,,0,0,0,,0,0,0,0,,Chris Chandler,ChanCh00
2,3,1988,1988-09-25,4,4,22.349,IND,,MIA,W 15-13,*,10,18,55.56,110,0,1,50.7,4,19,6.11,3.61,7,7,1.00,0,,0,0,,0,,,,0,0,0,,0,0,0,0,,Chris Chandler,ChanCh00
3,4,1988,1988-10-02,5,5,22.356,IND,@,NWE,L 17-21,*,14,26,53.85,172,1,1,71.3,2,8,6.62,5.65,2,-9,-4.50,0,,0,0,,0,,,,0,0,0,,0,0,0,0,,Chris Chandler,ChanCh00
4,5,1988,1988-10-09,6,6,22.363,IND,@,BUF,L 23-34,*,7,11,63.64,71,0,0,82.0,2,15,6.45,6.45,1,1,1.00,1,,0,0,,0,,,,1,6,0,,0,0,0,0,,Chris Chandler,ChanCh00
5,6,1988,1988-10-16,7,7,23.004,IND,,TAM,W 35-31,*,20,33,60.61,246,1,2,68.5,0,0,7.45,5.33,8,23,2.88,1,,0,0,,0,,,,1,6,0,,0,0,0,0,,Chris Chandler,ChanCh00
6,7,1988,1988-10-23,8,8,23.011,IND,@,SDG,W 16-0,*,9,17,52.94,123,0,3,36.8,0,0,7.24,-0.71,2,14,7.00,0,,0,0,,0,,,,0,0,0,,0,0,0,0,,Chris Chandler,ChanCh00
7,8,1988,1988-10-31,9,9,23.019,IND,,DEN,W 55-23,*,10,13,76.92,167,1,0,143.9,0,0,12.85,14.38,3,8,2.67,0,,0,0,,0,,,,0,0,0,,0,0,0,0,,Chris Chandler,ChanCh00
8,9,1988,1988-11-06,10,10,23.025,IND,,NYJ,W 38-14,*,14,22,63.64,173,1,1,84.1,0,0,7.86,6.73,5,33,6.60,1,,0,0,,0,,,,1,6,0,,0,0,0,0,,Chris Chandler,ChanCh00
9,10,1988,1988-11-13,11,11,23.032,IND,@,GNB,W 20-13,*,9,17,52.94,98,2,0,109.4,3,24,5.76,8.12,0,0,,0,,0,0,,0,,,,0,0,0,,0,0,0,0,,Chris Chandler,ChanCh00
10,11,1988,1988-11-20,12,12,23.039,IND,@,MIN,L 3-12,*,5,14,35.71,45,0,1,15.5,2,21,3.21,0.00,3,5,1.67,0,,0,0,,0,,,,0,0,0,,0,0,0,0,,Chris Chandler,ChanCh00
11,12,1988,1988-11-27,13,13,23.046,IND,,NWE,W 24-21,*,12,24,50.00,171,1,2,52.6,1,11,7.13,4.21,4,22,5.50,0,,0,0,,0,,,,0,0,0,,0,0,0,0,,Chris Chandler,ChanCh00
12,13,1988,1988-12-04,14,14,23.053,IND,@,MIA,W 31-28,*,12,15,80.00,111,1,0,119.7,0,0,7.40,8.73,6,23,3.83,0,,0,0,,0,,,,0,0,0,,0,0,0,0,,Chris Chandler,ChanCh00
13,14,1988,1988-12-10,15,15,23.059,IND,@,NYJ,L 16-34,*,0,4,0.00,0,0,0,39.6,0,0,0.00,0.00,0,0,,0,,0,0,,0,,,,0,0,0,,0,0,0,0,,Chris Chandler,ChanCh00
14,15,1988,1988-12-18,16,16,23.067,IND,,BUF,W 17-14,*,4,11,36.36,52,0,0,52.1,3,24,4.73,4.73,4,8,2.00,0,,0,0,,0,,,,0,0,0,,0,0,0,0,,Chris Chandler,ChanCh00
15,Rk,Year,Date,G#,Week,Age,Tm,,Opp,Result,GS,Cmp,Att,Cmp%,Yds,TD,Int,Rate,Sk,Yds,Y/A,AY/A,Att,Yds,Y/A,TD,Tgt,Rec,Yds,Y/R,TD,Ctch%,Y/Tgt,2PM,TD,Pts,Fmb,FL,FF,FR,Yds,TD,Status,Chris Chandler,ChanCh00
16,16,1989,1989-09-10,1,1,23.333,IND,,SFO,L 24-30,*,14,32,43.75,200,1,1,62.0,1,10,6.25,5.47,4,21,5.25,1,,0,0,,0,,,,1,6,0,,0,0,0,0,,Chris Chandler,ChanCh00
17,17,1989,1989-09-17,2,2,23.340,IND,@,RAM,L 17-31,*,20,33,60.61,266,1,1,83.6,0,0,8.06,7.30,1,4,4.00,0,,0,0,,0,,,,0,0,0,,0,0,0,0,,Chris Chandler,ChanCh00
18,18,1989,1989-09-24,3,3,23.347,IND,,ATL,W 13-9,*,5,15,33.33,71,0,1,21.8,2,7,4.73,1.73,2,32,16.00,0,,0,0,,0,,,,0,0,0,,0,0,0,0,,Chris Chandler,ChanCh00
19,Rk,Year,Date,G#,Week,Age,Tm,,Opp,Result,GS,Cmp,Att,Cmp%,Yds,TD,Int,Rate,Sk,Yds,Y/A,AY/A,Att,Yds,Y/A,TD,Tgt,Rec,Yds,Y/R,TD,Ctch%,Y/Tgt,2PM,TD,Pts,Fmb,FL,FF,FR,Yds,TD,Status,Chris Chandler,ChanCh00
20,19,1990,1990-09-16,2,2,24.339,TAM,,RAM,L 14-35,,7,13,53.85,90,0,0,75.8,1,15,6.92,6.92,1,0,0.00,0,,0,0,,0,,,,0,0,1,,0,0,0,0,,Chris Chandler,ChanCh00
21,20,1990,1990-10-21,7,7,25.009,TAM,,DAL,L 13-17,,1,3,33.33,23,0,1,22.2,1,2,7.67,-7.33,0,0,,0,,0,0,,0,,,,0,0,0,,0,0,0,0,,Chris Chandler,ChanCh00
22,21,1990,1990-10-28,8,8,25.016,TAM,@,SDG,L 10-41,*,13,26,50.00,148,1,4,40.7,4,29,5.69,-0.46,2,-1,-0.50,0,,0,0,,0,,,,0,0,3,,0,1,0,0,,Chris Chandler,ChanCh00
23,22,1990,1990-11-11,10,10,25.030,TAM,@,NOR,L 7-35,*,5,7,71.43,44,0,0,87.8,1,9,6.29,6.29,2,20,10.00,1,,0,0,,0,,,,1,6,0,,0,0,0,0,,Chris Chandler,ChanCh00
24,23,1990,1990-11-18,11,11,25.037,TAM,@,SFO,L 7-31,*,13,29,44.83,125,0,1,43.0,7,47,4.31,2.76,6,44,7.33,0,,0,0,,0,,,,0,0,0,,0,0,0,0,,Chris Chandler,ChanCh00
25,24,1990,1990-12-16,14,15,25.065,TAM,,MIN,W 26-13,,1,1,100.00,10,0,0,108.3,0,0,10.00,10.00,0,0,,0,,0,0,,0,,,,0,0,0,,0,0,0,0,,Chris Chandler,ChanCh00
26,25,1990,1990-12-23,15,16,25.072,TAM,@,CHI,L 14-27,,2,4,50.00,24,0,0,68.7,1,1,6.00,6.00,2,8,4.00,0,,0,0,,0,,,,0,0,1,,0,0,-2,0,,Chris Chandler,ChanCh00
27,Rk,Year,Date,G#,Week,Age,Tm,,Opp,Result,GS,Cmp,Att,Cmp%,Yds,TD,Int,Rate,Sk,Yds,Y/A,AY/A,Att,Yds,Y/A,TD,Tgt,Rec,Yds,Y/R,TD,Ctch%,Y/Tgt,2PM,TD,Pts,Fmb,FL,FF,FR,Yds,TD,Status,Chris Chandler,ChanCh00
28,26,1991,1991-09-01,1,1,,TAM,@,NYJ,L 13-16,Did Not Play,Did Not Play,Did Not Play,Did Not Play,Did Not Play,Did Not Play,Did Not Play,Did Not Play,Did Not Play,Did Not Play,Did Not Play,Did Not Play,Did Not Play,Did Not Play,Did Not Play,Did Not Play,Did Not Play,Did Not Play,Did Not Play,Did Not Play,Did Not Play,Did Not Play,Did Not Play,Did Not Play,Did Not Play,Did Not Play,Did Not Play,Did Not Play,Did Not Play,Did Not Play,Did Not Play,Did Not Play,Did Not Play,Chris Chandler,ChanCh00
29,27,1991,1991-09-08,2,2,25.331,TAM,,CHI,L 20-21,,2,3,66.67,24,1,0,130.6,1,8,8.00,14.67,1,8,8.00,0,,0,0,,0,,,,0,0,0,,0,0,0,0,,Chris Chandler,ChanCh00
30,28,1991,1991-09-15,3,3,,TAM,@,GNB,L 13-15,Did Not Play,Did Not Play,Did Not Play,Did Not Play,Did Not Play,Did Not Play,Did Not Play,Did Not Play,Did Not Play,Did Not Play,Did Not Play,Did Not Play,Did Not Play,Did Not Play,Did Not Play,Did Not Play,Did Not Play,Did Not Play,Did Not Play,Did Not Play,Did Not Play,Did Not Play,Did Not Play,Did Not Play,Did Not Play,Did Not Play,Did Not Play,Did Not Play,Did Not Play,Did Not Play,Did Not Play,Did Not Play,Did Not Play,Chris Chandler,ChanCh00
31,29,1991,1991-09-22,4,4,25.345,TAM,,BUF,L 10-17,,15,27,55.56,137,0,1,54.1,1,10,5.07,3.41,4,13,3.25,0,,0,0,,0,,,,0,0,0,,0,0,0,0,,Chris Chandler,ChanCh00
32,30,1991,1991-09-29,5,5,25.352,TAM,@,DET,L 3-31,*,10,26,38.46,64,0,1,30.6,1,12,2.46,0.73,6,56,9.33,0,,0,0,,0,,,,0,0,0,,0,0,0,0,,Chris Chandler,ChanCh00
33,31,1991,1991-10-06,6,6,25.359,TAM,,PHI,W 14-13,,7,11,63.64,105,2,2,94.9,0,0,9.55,5.00,3,-3,-1.00,0,,0,0,,0,,,,0,0,0,,0,0,0,0,,Chris Chandler,ChanCh00
34,32,1991,1991-10-20,7,8,26.008,TAM,@,NOR,L 7-23,*,17,31,54.84,211,1,2,60.0,6,38,6.81,4.55,4,5,1.25,0,,0,0,,0,,,,0,0,2,,0,1,0,0,,Chris Chandler,ChanCh00
35,33,1991,1991-10-27,8,9,26.015,TAM,,GNB,L 0-27,*,2,6,33.33,16,0,2,2.8,1,8,2.67,-12.33,0,0,,0,,0,0,,0,,,,0,0,1,,0,0,0,0,,Chris Chandler,ChanCh00
36,34,1991,1991-11-03,9,10,,TAM,@,MIN,L 13-28,Inactive,Inactive,Inactive,Inactive,Inactive,Inactive,Inactive,Inactive,Inactive,Inactive,Inactive,Inactive,Inactive,Inactive,Inactive,Inactive,Inactive,Inactive,Inactive,Inactive,Inactive,Inactive,Inactive,Inactive,Inactive,Inactive,Inactive,Inactive,Inactive,Inactive,Inactive,Inactive,Inactive,Chris Chandler,ChanCh00
37,35,1991,1991-11-10,11,11,,PHO,,NYG,L 14-21,Inactive,Inactive,Inactive,Inactive,Inactive,Inactive,Inactive,Inactive,Inactive,Inactive,Inactive,Inactive,Inactive,Inactive,Inactive,Inactive,Inactive,Inactive,Inactive,Inactive,Inactive,Inactive,Inactive,Inactive,Inactive,Inactive,Inactive,Inactive,Inactive,Inactive,Inactive,Inactive,Inactive,Chris Chandler,ChanCh00
38,36,1991,1991-11-17,12,12,,PHO,@,SFO,L 10-14,Inactive,Inactive,Inactive,Inactive,Inactive,Inactive,Inactive,Inactive,Inactive,Inactive,Inactive,Inactive,Inactive,Inactive,Inactive,Inactive,Inactive,Inactive,Inactive,Inactive,Inactive,Inactive,Inactive,Inactive,Inactive,Inactive,Inactive,Inactive,Inactive,Inactive,Inactive,Inactive,Inactive,Chris Chandler,ChanCh00
39,37,1991,1991-11-24,13,13,,PHO,,PHI,L 14-34,Inactive,Inactive,Inactive,Inactive,Inactive,Inactive,Inactive,Inactive,Inactive,Inactive,Inactive,Inactive,Inactive,Inactive,Inactive,Inactive,Inactive,Inactive,Inactive,Inactive,Inactive,Inactive,Inactive,Inactive,Inactive,Inactive,Inactive,Inactive,Inactive,Inactive,Inactive,Inactive,Inactive,Chris Chandler,ChanCh00
40,38,1991,1991-12-08,14,15,26.057,PHO,,WAS,L 14-20,,3,6,50.00,28,0,0,63.2,0,0,4.67,4.67,1,1,1.00,0,,0,0,,0,,,,0,0,0,,0,0,0,0,,Chris Chandler,ChanCh00
41,39,1991,1991-12-15,15,16,26.064,PHO,@,DEN,L 19-24,*,15,32,46.88,194,1,0,76.8,5,36,6.06,6.69,3,13,4.33,0,,0,0,,0,,,,0,0,2,,0,1,-7,0,,Chris Chandler,ChanCh00
42,40,1991,1991-12-22,16,17,26.071,PHO,,NOR,L 3-27,*,7,12,58.33,67,0,2,34.4,2,22,5.58,-1.92,4,18,4.50,0,,0,0,,0,,,,0,0,1,,0,0,0,0,,Chris Chandler,ChanCh00
43,Rk,Year,Date,G#,Week,Age,Tm,,Opp,Result,GS,Cmp,Att,Cmp%,Yds,TD,Int,Rate,Sk,Yds,Y/A,AY/A,Att,Yds,Y/A,TD,Tgt,Rec,Yds,Y/R,TD,Ctch%,Y/Tgt,2PM,TD,Pts,Fmb,FL,FF,FR,Yds,TD,Status,Chris Chandler,ChanCh00
44,41,1992,1992-09-06,1,1,26.330,PHO,@,TAM,L 7-23,,6,9,66.67,31,0,0,72.0,0,0,3.44,3.44,1,10,10.00,0,,0,0,,0,0.0%,,,0,0,0,,0,0,0,0,,Chris Chandler,ChanCh00
45,42,1992,1992-09-13,2,2,26.337,PHO,,PHI,L 14-31,,17,29,58.62,211,2,0,104.2,5,44,7.28,8.66,4,8,2.00,0,,0,0,,0,0.0%,,,0,0,1,,0,0,0,0,,Chris Chandler,ChanCh00
46,43,1992,1992-09-20,3,3,26.344,PHO,@,DAL,L 20-31,*,28,43,65.12,383,1,0,101.2,2,12,8.91,9.37,2,12,6.00,0,,0,0,,0,0.0%,,,0,0,1,,0,0,-3,0,,Chris Chandler,ChanCh00
47,44,1992,1992-10-04,4,5,26.358,PHO,,WAS,W 27-24,*,21,31,67.74,196,1,2,68.7,5,33,6.32,4.06,2,9,4.50,0,,0,0,,0,0.0%,,,0,0,2,,0,1,0,0,,Chris Chandler,ChanCh00
48,45,1992,1992-10-11,5,6,26.365,PHO,@,NYG,L 21-31,*,16,30,53.33,209,2,1,83.9,2,16,6.97,6.80,3,22,7.33,1,,0,0,,0,0.0%,,,1,6,0,,0,0,0,0,,Chris Chandler,ChanCh00
49,46,1992,1992-10-18,6,7,27.006,PHO,,NOR,L 21-30,*,19,30,63.33,218,2,0,107.4,2,24,7.27,8.60,2,3,1.50,0,,0,0,,0,0.0%,,,0,0,1,,0,1,0,0,,Chris Chandler,ChanCh00
50,47,1992,1992-10-25,7,8,27.013,PHO,@,PHI,L 3-7,*,8,16,50.00,118,0,1,48.4,0,0,7.38,4.56,2,9,4.50,0,,0,0,,0,0.0%,,,0,0,0,,0,0,0,0,,Chris Chandler,ChanCh00
51,48,1992,1992-11-01,8,9,27.020,PHO,,SFO,W 24-14,*,19,33,57.58,197,3,1,92.6,0,0,5.97,6.42,4,27,6.75,0,,0,0,,0,0.0%,,,0,0,0,,0,0,0,0,,Chris Chandler,ChanCh00
52,49,1992,1992-11-08,9,10,27.027,PHO,@,RAM,W 20-14,*,21,30,70.00,224,0,0,91.5,1,8,7.47,7.47,2,6,3.00,0,,0,0,,0,0.0%,,,0,0,0,,0,0,0,0,,Chris Chandler,ChanCh00
53,50,1992,1992-11-15,10,11,27.034,PHO,@,ATL,L 17-20,*,19,34,55.88,261,1,2,65.9,2,22,7.68,5.62,2,-7,-3.50,0,,0,0,,0,0.0%,,,0,0,1,,0,0,-4,0,,Chris Chandler,ChanCh00
54,51,1992,1992-11-22,11,12,27.041,PHO,,DAL,L 10-16,*,5,7,71.43,38,1,0,123.8,1,13,5.43,8.29,0,0,,0,,0,0,,0,0.0%,,,0,0,0,,0,0,0,0,,Chris Chandler,ChanCh00
55,52,1992,1992-11-29,12,13,,PHO,@,WAS,L 3-41,Inactive,Inactive,Inactive,Inactive,Inactive,Inactive,Inactive,Inactive,Inactive,Inactive,Inactive,Inactive,Inactive,Inactive,Inactive,Inactive,Inactive,Inactive,Inactive,Inactive,Inactive,Inactive,Inactive,Inactive,Inactive,Inactive,Inactive,Inactive,Inactive,Inactive,Inactive,Inactive,Inactive,Chris Chandler,ChanCh00
56,53,1992,1992-12-06,13,14,27.055,PHO,,SDG,L 21-27,*,20,35,57.14,251,2,2,74.8,6,24,7.17,5.74,3,14,4.67,0,,0,0,,0,0.0%,,,0,0,1,,0,0,0,0,,Chris Chandler,ChanCh00
57,54,1992,1992-12-12,14,15,27.061,PHO,,NYG,W 19-0,*,12,18,66.67,130,0,0,87.7,2,29,7.22,7.22,2,23,11.50,0,,0,0,,0,0.0%,,,0,0,1,,0,0,-3,0,,Chris Chandler,ChanCh00
58,55,1992,1992-12-20,15,16,27.069,PHO,@,IND,L 13-16,*,11,25,44.00,131,0,3,21.0,0,0,5.24,-0.16,5,12,2.40,0,,0,0,,0,0.0%,,,0,0,0,,0,0,0,0,,Chris Chandler,ChanCh00
59,56,1992,1992-12-27,16,17,27.076,PHO,,TAM,L 3-7,*,23,43,53.49,234,0,3,40.3,1,1,5.44,2.30,2,1,0.50,0,,0,0,,0,0.0%,,,0,0,1,,0,0,0,0,,Chris Chandler,ChanCh00
60,Rk,Year,Date,G#,Week,Age,Tm,,Opp,Result,GS,Cmp,Att,Cmp%,Yds,TD,Int,Rate,Sk,Yds,Y/A,AY/A,Att,Yds,Y/A,TD,Tgt,Rec,Yds,Y/R,TD,Ctch%,Y/Tgt,2PM,TD,Pts,Fmb,FL,FF,FR,Yds,TD,Status,Chris Chandler,ChanCh00
61,57,1993,1993-09-05,1,1,27.328,PHO,@,PHI,L 17-23,,8,20,40.00,96,1,0,72.1,0,0,4.80,5.80,0,0,,0,,0,0,,0,0.0%,,,0,0,0,,0,0,0,0,,Chris Chandler,ChanCh00
62,58,1993,1993-09-12,2,2,,PHO,@,WAS,W 17-10,Did Not Play,Did Not Play,Did Not Play,Did Not Play,Did Not Play,Did Not Play,Did Not Play,Did Not Play,Did Not Play,Did Not Play,Did Not Play,Did Not Play,Did Not Play,Did Not Play,Did Not Play,Did Not Play,Did Not Play,Did Not Play,Did Not Play,Did Not Play,Did Not Play,Did Not Play,Did Not Play,Did Not Play,Did Not Play,Did Not Play,Did Not Play,Did Not Play,Did Not Play,Did Not Play,Did Not Play,Did Not Play,Did Not Play,Chris Chandler,ChanCh00
63,59,1993,1993-09-19,3,3,,PHO,,DAL,L 10-17,Did Not Play,Did Not Play,Did Not Play,Did Not Play,Did Not Play,Did Not Play,Did Not Play,Did Not Play,Did Not Play,Did Not Play,Did Not Play,Did Not Play,Did Not Play,Did Not Play,Did Not Play,Did Not Play,Did Not Play,Did Not Play,Did Not Play,Did Not Play,Did Not Play,Did Not Play,Did Not Play,Did Not Play,Did Not Play,Did Not Play,Did Not Play,Did Not Play,Did Not Play,Did Not Play,Did Not Play,Did Not Play,Did Not Play,Chris Chandler,ChanCh00
64,60,1993,1993-09-26,4,4,,PHO,@,DET,L 20-26,Did Not Play,Did Not Play,Did Not Play,Did Not Play,Did Not Play,Did Not Play,Did Not Play,Did Not Play,Did Not Play,Did Not Play,Did Not Play,Did Not Play,Did Not Play,Did Not Play,Did Not Play,Did Not Play,Did Not Play,Did Not Play,Did Not Play,Did Not Play,Did Not Play,Did Not Play,Did Not Play,Did Not Play,Did Not Play,Did Not Play,Did Not Play,Did Not Play,Did Not Play,Did Not Play,Did Not Play,Did Not Play,Did Not Play,Chris Chandler,ChanCh00
65,61,1993,1993-10-10,5,6,,PHO,,NWE,L 21-23,Did Not Play,Did Not Play,Did Not Play,Did Not Play,Did Not Play,Did Not Play,Did Not Play,Did Not Play,Did Not Play,Did Not Play,Did Not Play,Did Not Play,Did Not Play,Did Not Play,Did Not Play,Did Not Play,Did Not Play,Did Not Play,Did Not Play,Did Not Play,Did Not Play,Did Not Play,Did Not Play,Did Not Play,Did Not Play,Did Not Play,Did Not Play,Did Not Play,Did Not Play,Did Not Play,Did Not Play,Did Not Play,Did Not Play,Chris Chandler,ChanCh00
66,62,1993,1993-10-17,6,7,,PHO,,WAS,W 36-6,Did Not Play,Did Not Play,Did Not Play,Did Not Play,Did Not Play,Did Not Play,Did Not Play,Did Not Play,Did Not Play,Did Not Play,Did Not Play,Did Not Play,Did Not Play,Did Not Play,Did Not Play,Did Not Play,Did Not Play,Did Not Play,Did Not Play,Did Not Play,Did Not Play,Did Not Play,Did Not Play,Did Not Play,Did Not Play,Did Not Play,Did Not Play,Did Not Play,Did Not Play,Did Not Play,Did Not Play,Did Not Play,Did Not Play,Chris Chandler,ChanCh00
67,63,1993,1993-10-24,7,8,,PHO,@,SFO,L 14-28,Did Not Play,Did Not Play,Did Not Play,Did Not Play,Did Not Play,Did Not Play,Did Not Play,Did Not Play,Did Not Play,Did Not Play,Did Not Play,Did Not Play,Did Not Play,Did Not Play,Did Not Play,Did Not Play,Did Not Play,Did Not Play,Did Not Play,Did Not Play,Did Not Play,Did Not Play,Did Not Play,Did Not Play,Did Not Play,Did Not Play,Did Not Play,Did Not Play,Did Not Play,Did Not Play,Did Not Play,Did Not Play,Did Not Play,Chris Chandler,ChanCh00
68,64,1993,1993-10-31,8,9,28.019,PHO,,NOR,L 17-20,,7,17,41.18,40,0,1,24.4,3,20,2.35,-0.29,1,1,1.00,0,,0,0,,0,0.0%,,,0,0,0,,0,0,0,0,,Chris Chandler,ChanCh00
69,65,1993,1993-11-07,9,10,28.026,PHO,,PHI,W 16-3,*,10,20,50.00,121,1,0,85.6,1,5,6.05,7.05,1,1,1.00,0,,0,0,,0,0.0%,,,0,0,1,,0,0,0,0,,Chris Chandler,ChanCh00
70,66,1993,1993-11-14,10,11,28.033,PHO,@,DAL,L 15-20,*,27,46,58.70,214,1,1,68.6,0,0,4.65,4.11,1,0,0.00,0,,0,0,,0,0.0%,,,0,0,1,,0,0,0,0,,Chris Chandler,ChanCh00
71,67,1993,1993-11-28,11,13,,PHO,@,NYG,L 17-19,Did Not Play,Did Not Play,Did Not Play,Did Not Play,Did Not Play,Did Not Play,Did Not Play,Did Not Play,Did Not Play,Did Not Play,Did Not Play,Did Not Play,Did Not Play,Did Not Play,Did Not Play,Did Not Play,Did Not Play,Did Not Play,Did Not Play,Did Not Play,Did Not Play,Did Not Play,Did Not Play,Did Not Play,Did Not Play,Did Not Play,Did Not Play,Did Not Play,Did Not Play,Did Not Play,Did Not Play,Did Not Play,Did Not Play,Chris Chandler,ChanCh00
72,68,1993,1993-12-05,12,14,,PHO,,RAM,W 38-10,Did Not Play,Did Not Play,Did Not Play,Did Not Play,Did Not Play,Did Not Play,Did Not Play,Did Not Play,Did Not Play,Did Not Play,Did Not Play,Did Not Play,Did Not Play,Did Not Play,Did Not Play,Did Not Play,Did Not Play,Did Not Play,Did Not Play,Did Not Play,Did Not Play,Did Not Play,Did Not Play,Did Not Play,Did Not Play,Did Not Play,Did Not Play,Did Not Play,Did Not Play,Did Not Play,Did Not Play,Did Not Play,Did Not Play,Chris Chandler,ChanCh00
73,69,1993,1993-12-12,13,15,,PHO,,DET,L 14-21,Did Not Play,Did Not Play,Did Not Play,Did Not Play,Did Not Play,Did Not Play,Did Not Play,Did Not Play,Did Not Play,Did Not Play,Did Not Play,Did Not Play,Did Not Play,Did Not Play,Did Not Play,Did Not Play,Did Not Play,Did Not Play,Did Not Play,Did Not Play,Did Not Play,Did Not Play,Did Not Play,Did Not Play,Did Not Play,Did Not Play,Did Not Play,Did Not Play,Did Not Play,Did Not Play,Did Not Play,Did Not Play,Did Not Play,Chris Chandler,ChanCh00
74,70,1993,1993-12-19,14,16,,PHO,@,SEA,W 30-27,Did Not Play,Did Not Play,Did Not Play,Did Not Play,Did Not Play,Did Not Play,Did Not Play,Did Not Play,Did Not Play,Did Not Play,Did Not Play,Did Not Play,Did Not Play,Did Not Play,Did Not Play,Did Not Play,Did Not Play,Did Not Play,Did Not Play,Did Not Play,Did Not Play,Did Not Play,Did Not Play,Did Not Play,Did Not Play,Did Not Play,Did Not Play,Did Not Play,Did Not Play,Did Not Play,Did Not Play,Did Not Play,Did Not Play,Chris Chandler,ChanCh00
75,71,1993,1993-12-26,15,17,,PHO,,NYG,W 17-6,Did Not Play,Did Not Play,Did Not Play,Did Not Play,Did Not Play,Did Not Play,Did Not Play,Did Not Play,Did Not Play,Did Not Play,Did Not Play,Did Not Play,Did Not Play,Did Not Play,Did Not Play,Did Not Play,Did Not Play,Did Not Play,Did Not Play,Did Not Play,Did Not Play,Did Not Play,Did Not Play,Did Not Play,Did Not Play,Did Not Play,Did Not Play,Did Not Play,Did Not Play,Did Not Play,Did Not Play,Did Not Play,Did Not Play,Chris Chandler,ChanCh00
76,72,1993,1994-01-02,16,18,,PHO,@,ATL,W 27-10,Did Not Play,Did Not Play,Did Not Play,Did Not Play,Did Not Play,Did Not Play,Did Not Play,Did Not Play,Did Not Play,Did Not Play,Did Not Play,Did Not Play,Did Not Play,Did Not Play,Did Not Play,Did Not Play,Did Not Play,Did Not Play,Did Not Play,Did Not Play,Did Not Play,Did Not Play,Did Not Play,Did Not Play,Did Not Play,Did Not Play,Did Not Play,Did Not Play,Did Not Play,Did Not Play,Did Not Play,Did Not Play,Did Not Play,Chris Chandler,ChanCh00
77,Rk,Year,Date,G#,Week,Age,Tm,,Opp,Result,GS,Cmp,Att,Cmp%,Yds,TD,Int,Rate,Sk,Yds,Y/A,AY/A,Att,Yds,Y/A,TD,Tgt,Rec,Yds,Y/R,TD,Ctch%,Y/Tgt,2PM,TD,Pts,Fmb,FL,FF,FR,Yds,TD,Status,Chris Chandler,ChanCh00
78,73,1994,1994-09-04,1,1,28.327,RAM,,ARI,W 14-12,,0,0,,0,0,0,,0,,,,0,0,,0,,,,,,0.0%,,,0,0,0,,,0,0,0,,Chris Chandler,ChanCh00
79,74,1994,1994-09-11,2,2,28.334,RAM,@,ATL,L 13-31,,9,17,52.94,118,1,0,94.7,0,0,6.94,8.12,2,8,4.00,0,0,0,0,,0,0.0%,,,0,0,1,1,0,0,-8,0,,Chris Chandler,ChanCh00
80,75,1994,1994-09-18,3,3,28.341,RAM,,SFO,L 19-34,,9,15,60.00,87,0,0,76.2,0,0,5.80,5.80,0,0,,0,0,0,0,,0,0.0%,,,0,0,0,,0,0,0,0,,Chris Chandler,ChanCh00
81,76,1994,1994-09-25,4,4,28.348,RAM,@,KAN,W 16-0,*,13,21,61.90,207,1,0,110.6,1,5,9.86,10.81,5,11,2.20,0,0,0,0,,0,0.0%,,,0,0,0,,0,0,0,0,,Chris Chandler,ChanCh00
82,77,1994,1994-10-02,5,5,28.355,RAM,,ATL,L 5-8,*,6,10,60.00,42,0,0,69.6,1,8,4.20,4.20,0,0,,0,0,0,0,,0,0.0%,,,0,0,0,,0,0,0,0,,Chris Chandler,ChanCh00
83,78,1994,1994-10-09,6,6,,RAM,@,GNB,L 17-24,Inactive,Inactive,Inactive,Inactive,Inactive,Inactive,Inactive,Inactive,Inactive,Inactive,Inactive,Inactive,Inactive,Inactive,Inactive,Inactive,Inactive,Inactive,Inactive,Inactive,Inactive,Inactive,Inactive,Inactive,Inactive,Inactive,Inactive,Inactive,Inactive,Inactive,Inactive,Inactive,Inactive,Chris Chandler,ChanCh00
84,79,1994,1994-10-16,7,7,29.004,RAM,,NYG,W 17-10,,0,0,,0,0,0,,0,,,,0,0,,0,,,,,,0.0%,,,0,0,0,,,0,0,0,,Chris Chandler,ChanCh00
85,80,1994,1994-10-23,8,8,29.011,RAM,@,NOR,L 34-37,,7,17,41.18,74,0,1,30.0,1,5,4.35,1.71,0,0,,0,0,0,0,,0,0.0%,,,0,0,0,,0,0,0,0,,Chris Chandler,ChanCh00
86,81,1994,1994-11-06,9,10,29.025,RAM,,DEN,W 27-21,*,19,25,76.00,223,2,1,112.6,0,0,8.92,8.72,3,24,8.00,0,0,0,0,,0,0.0%,,,0,0,1,0,0,0,-2,0,,Chris Chandler,ChanCh00
87,82,1994,1994-11-13,10,11,29.032,RAM,,RAI,L 17-20,*,10,11,90.91,171,1,0,149.1,2,19,15.55,17.36,0,0,,0,0,0,0,,0,0.0%,,,0,0,0,,0,0,0,0,,Chris Chandler,ChanCh00
88,83,1994,1994-11-20,11,12,,RAM,@,SFO,L 27-31,Inactive,Inactive,Inactive,Inactive,Inactive,Inactive,Inactive,Inactive,Inactive,Inactive,Inactive,Inactive,Inactive,Inactive,Inactive,Inactive,Inactive,Inactive,Inactive,Inactive,Inactive,Inactive,Inactive,Inactive,Inactive,Inactive,Inactive,Inactive,Inactive,Inactive,Inactive,Inactive,Inactive,Chris Chandler,ChanCh00
89,84,1994,1994-11-27,12,13,,RAM,@,SDG,L 17-31,Inactive,Inactive,Inactive,Inactive,Inactive,Inactive,Inactive,Inactive,Inactive,Inactive,Inactive,Inactive,Inactive,Inactive,Inactive,Inactive,Inactive,Inactive,Inactive,Inactive,Inactive,Inactive,Inactive,Inactive,Inactive,Inactive,Inactive,Inactive,Inactive,Inactive,Inactive,Inactive,Inactive,Chris Chandler,ChanCh00
90,85,1994,1994-12-04,13,14,29.053,RAM,,NOR,L 15-31,,9,13,69.23,86,0,0,87.3,0,0,6.62,6.62,1,1,1.00,0,0,0,0,,0,0.0%,,,0,0,0,,0,0,0,0,,Chris Chandler,ChanCh00
91,86,1994,1994-12-11,14,15,29.060,RAM,@,TAM,L 14-24,*,18,34,52.94,199,2,0,90.2,1,1,5.85,7.03,5,13,2.60,0,0,0,0,,0,0.0%,,,0,0,1,1,0,0,0,0,,Chris Chandler,ChanCh00
92,87,1994,1994-12-18,15,16,29.067,RAM,@,CHI,L 13-27,*,8,13,61.54,145,0,0,99.8,1,8,11.15,11.15,2,4,2.00,1,0,0,0,,0,0.0%,,,1,6,0,,0,0,0,0,,Chris Chandler,ChanCh00
93,88,1994,1994-12-24,16,17,,RAM,,WAS,L 21-24,Inactive,Inactive,Inactive,Inactive,Inactive,Inactive,Inactive,Inactive,Inactive,Inactive,Inactive,Inactive,Inactive,Inactive,Inactive,Inactive,Inactive,Inactive,Inactive,Inactive,Inactive,Inactive,Inactive,Inactive,Inactive,Inactive,Inactive,Inactive,Inactive,Inactive,Inactive,Inactive,Inactive,Chris Chandler,ChanCh00
94,Rk,Year,Date,G#,Week,Age,Tm,,Opp,Result,GS,Cmp,Att,Cmp%,Yds,TD,Int,Rate,Sk,Yds,Y/A,AY/A,Att,Yds,Y/A,TD,Tgt,Rec,Yds,Y/R,TD,Ctch%,Y/Tgt,2PM,TD,Pts,Fmb,FL,FF,FR,Yds,TD,Status,Chris Chandler,ChanCh00
95,89,1995,1995-09-03,1,1,29.326,HOU,@,JAX,W 10-3,*,9,14,64.29,61,1,0,97.6,0,0,4.36,5.79,1,0,0.00,0,0,0,0,,0,0.0%,,,0,0,2,0,0,2,0,0,,Chris Chandler,ChanCh00
96,90,1995,1995-09-10,2,2,29.333,HOU,,PIT,L 17-34,*,15,30,50.00,176,0,2,40.4,4,38,5.87,2.87,3,4,1.33,1,0,0,0,,0,0.0%,,,1,6,2,1,0,0,0,0,,Chris Chandler,ChanCh00
97,91,1995,1995-09-17,3,3,,HOU,,CLE,L 7-14,Did Not Play,Did Not Play,Did Not Play,Did Not Play,Did Not Play,Did Not Play,Did Not Play,Did Not Play,Did Not Play,Did Not Play,Did Not Play,Did Not Play,Did Not Play,Did Not Play,Did Not Play,Did Not Play,Did Not Play,Did Not Play,Did Not Play,Did Not Play,Did Not Play,Did Not Play,Did Not Play,Did Not Play,Did Not Play,Did Not Play,Did Not Play,Did Not Play,Did Not Play,Did Not Play,Did Not Play,Did Not Play,Did Not Play,Chris Chandler,ChanCh00
98,92,1995,1995-09-24,4,4,29.347,HOU,@,CIN,W 38-28,*,23,26,88.46,352,4,0,158.3,1,2,13.54,16.62,5,19,3.80,0,0,0,0,,0,0.0%,,,0,0,0,,0,0,0,0,,Chris Chandler,ChanCh00
99,93,1995,1995-10-01,5,5,29.354,HOU,,JAX,L 16-17,*,27,47,57.45,225,1,1,68.1,2,19,4.79,4.26,3,14,4.67,0,0,0,0,,0,0.0%,,,0,0,0,,0,0,0,0,,Chris Chandler,ChanCh00
100,94,1995,1995-10-08,6,6,29.361,HOU,@,MIN,L 17-23,*,20,30,66.67,156,0,1,65.4,3,28,5.20,3.70,2,1,0.50,0,0,0,0,,0,0.0%,,,0,0,0,,0,0,0,0,,Chris Chandler,ChanCh00
101,95,1995,1995-10-22,7,8,30.010,HOU,@,CHI,L 32-35,*,24,38,63.16,296,2,0,104.7,2,15,7.79,8.84,2,6,3.00,0,0,0,0,,0,0.0%,,1,0,2,2,1,0,1,-1,0,,Chris Chandler,ChanCh00
102,96,1995,1995-10-29,8,9,30.017,HOU,,TAM,W 19-7,*,19,29,65.52,167,0,0,80.7,2,11,5.76,5.76,3,0,0.00,0,0,0,0,,0,0.0%,,,0,0,1,1,0,0,0,0,,Chris Chandler,ChanCh00
103,97,1995,1995-11-05,9,10,30.024,HOU,@,CLE,W 37-10,*,16,20,80.00,149,2,0,131.0,0,0,7.45,9.45,3,10,3.33,1,0,0,0,,0,0.0%,,,1,6,0,,0,0,0,0,,Chris Chandler,ChanCh00
104,98,1995,1995-11-12,10,11,30.031,HOU,,CIN,L 25-32,*,12,26,46.15,155,0,1,49.4,2,12,5.96,4.23,1,0,0.00,0,0,0,0,,0,0.0%,,,0,0,2,1,0,1,0,0,,Chris Chandler,ChanCh00
105,99,1995,1995-11-19,11,12,30.038,HOU,@,KAN,L 13-20,*,19,38,50.00,189,2,3,49.1,0,0,4.97,2.47,2,3,1.50,0,0,0,0,,0,0.0%,,,0,0,1,0,0,0,0,0,,Chris Chandler,ChanCh00
106,100,1995,1995-11-26,12,13,30.045,HOU,,DEN,W 42-33,*,18,26,69.23,280,3,0,143.1,0,0,10.77,13.08,2,1,0.50,0,0,0,0,,0,0.0%,,,0,0,0,,0,0,0,0,,Chris Chandler,ChanCh00
107,101,1995,1995-12-03,13,14,30.052,HOU,@,PIT,L 7-21,*,8,11,72.73,111,1,0,135.0,4,29,10.09,11.91,1,0,0.00,0,0,0,0,,0,0.0%,,,0,0,1,0,0,1,0,0,,Chris Chandler,ChanCh00
108,102,1995,1995-12-10,14,15,30.059,HOU,,DET,L 17-24,*,15,21,71.43,143,1,2,66.3,1,19,6.81,3.48,0,0,,0,0,0,0,,0,0.0%,,,0,0,1,1,0,0,0,0,,Chris Chandler,ChanCh00
109,103,1995,1995-12-17,15,16,,HOU,,NYJ,W 23-6,Did Not Play,Did Not Play,Did Not Play,Did Not Play,Did Not Play,Did Not Play,Did Not Play,Did Not Play,Did Not Play,Did Not Play,Did Not Play,Did Not Play,Did Not Play,Did Not Play,Did Not Play,Did Not Play,Did Not Play,Did Not Play,Did Not Play,Did Not Play,Did Not Play,Did Not Play,Did Not Play,Did Not Play,Did Not Play,Did Not Play,Did Not Play,Did Not Play,Did Not Play,Did Not Play,Did Not Play,Did Not Play,Did Not Play,Chris Chandler,ChanCh00
110,104,1995,1995-12-24,16,17,,HOU,@,BUF,W 28-17,Inactive,Inactive,Inactive,Inactive,Inactive,Inactive,Inactive,Inactive,Inactive,Inactive,Inactive,Inactive,Inactive,Inactive,Inactive,Inactive,Inactive,Inactive,Inactive,Inactive,Inactive,Inactive,Inactive,Inactive,Inactive,Inactive,Inactive,Inactive,Inactive,Inactive,Inactive,Inactive,Inactive,Chris Chandler,ChanCh00
111,Rk,Year,Date,G#,Week,Age,Tm,,Opp,Result,GS,Cmp,Att,Cmp%,Yds,TD,Int,Rate,Sk,Yds,Y/A,AY/A,Att,Yds,Y/A,TD,Tgt,Rec,Yds,Y/R,TD,Ctch%,Y/Tgt,2PM,TD,Pts,Fmb,FL,FF,FR,Yds,TD,Status,Chris Chandler,ChanCh00
112,105,1996,1996-09-01,1,1,30.325,HOU,,KAN,L 19-20,*,16,29,55.17,216,1,1,76.2,3,25,7.45,6.59,3,13,4.33,0,0,0,0,,0,0.0%,,,0,0,0,,0,0,0,0,,Chris Chandler,ChanCh00
113,106,1996,1996-09-08,2,2,30.332,HOU,@,JAX,W 34-27,*,14,22,63.64,226,3,0,137.5,1,6,10.27,13.00,4,6,1.50,0,0,0,0,,0,0.0%,,,0,0,0,,0,0,0,0,,Chris Chandler,ChanCh00
114,107,1996,1996-09-15,3,3,30.339,HOU,,BAL,W 29-13,*,16,27,59.26,162,2,0,101.2,1,8,6.00,7.48,2,19,9.50,0,0,0,0,,0,0.0%,,,0,0,0,,0,0,0,0,,Chris Chandler,ChanCh00
115,108,1996,1996-09-29,4,5,30.353,HOU,@,PIT,L 16-30,*,24,42,57.14,207,1,2,58.3,2,14,4.93,3.26,2,18,9.00,0,0,0,0,,0,0.0%,,,0,0,3,1,0,1,0,0,,Chris Chandler,ChanCh00
116,109,1996,1996-10-06,5,6,30.360,HOU,@,CIN,W 30-27,*,18,32,56.25,193,2,1,81.9,2,18,6.03,5.88,0,0,,0,0,0,0,,0,0.0%,,,0,0,0,,0,0,0,0,,Chris Chandler,ChanCh00
117,110,1996,1996-10-13,6,7,31.001,HOU,@,ATL,W 23-13,*,9,13,69.23,146,1,0,132.2,2,5,11.23,12.77,2,3,1.50,0,0,0,0,,0,0.0%,,,0,0,1,0,0,1,-3,0,,Chris Chandler,ChanCh00
118,111,1996,1996-10-20,7,8,31.008,HOU,,PIT,W 23-13,*,23,38,60.53,258,1,1,78.6,4,21,6.79,6.13,4,21,5.25,0,0,0,0,,0,0.0%,,,0,0,1,1,0,0,0,0,,Chris Chandler,ChanCh00
119,112,1996,1996-10-27,8,9,31.015,HOU,,SFO,L 9-10,*,7,18,38.89,57,0,0,47.7,2,15,3.17,3.17,1,4,4.00,0,0,0,0,,0,0.0%,,,0,0,0,,0,0,0,0,,Chris Chandler,ChanCh00
120,113,1996,1996-11-03,9,10,,HOU,@,SEA,L 16-23,Did Not Play,Did Not Play,Did Not Play,Did Not Play,Did Not Play,Did Not Play,Did Not Play,Did Not Play,Did Not Play,Did Not Play,Did Not Play,Did Not Play,Did Not Play,Did Not Play,Did Not Play,Did Not Play,Did Not Play,Did Not Play,Did Not Play,Did Not Play,Did Not Play,Did Not Play,Did Not Play,Did Not Play,Did Not Play,Did Not Play,Did Not Play,Did Not Play,Did Not Play,Did Not Play,Did Not Play,Did Not Play,Did Not Play,Chris Chandler,ChanCh00
121,114,1996,1996-11-10,10,11,31.029,HOU,@,NOR,W 31-14,*,13,21,61.90,173,3,1,107.7,1,12,8.24,8.95,4,9,2.25,0,0,0,0,,0,0.0%,,,0,0,1,0,0,1,-1,0,,Chris Chandler,ChanCh00
122,115,1996,1996-11-17,11,12,31.036,HOU,,MIA,L 20-23,*,15,27,55.56,167,2,1,83.4,2,3,6.19,6.00,3,14,4.67,0,0,0,0,,0,0.0%,,,0,0,1,0,0,0,0,0,,Chris Chandler,ChanCh00
123,116,1996,1996-11-24,12,13,31.043,HOU,,CAR,L 6-31,*,13,22,59.09,116,0,1,54.4,3,16,5.27,3.23,1,3,3.00,0,0,0,0,,0,0.0%,,,0,0,0,,0,0,0,0,,Chris Chandler,ChanCh00
124,117,1996,1996-12-01,13,14,,HOU,@,NYJ,W 35-10,Did Not Play,Did Not Play,Did Not Play,Did Not Play,Did Not Play,Did Not Play,Did Not Play,Did Not Play,Did Not Play,Did Not Play,Did Not Play,Did Not Play,Did Not Play,Did Not Play,Did Not Play,Did Not Play,Did Not Play,Did Not Play,Did Not Play,Did Not Play,Did Not Play,Did Not Play,Did Not Play,Did Not Play,Did Not Play,Did Not Play,Did Not Play,Did Not Play,Did Not Play,Did Not Play,Did Not Play,Did Not Play,Did Not Play,Chris Chandler,ChanCh00
125,118,1996,1996-12-08,14,15,,HOU,,JAX,L 17-23,Did Not Play,Did Not Play,Did Not Play,Did Not Play,Did Not Play,Did Not Play,Did Not Play,Did Not Play,Did Not Play,Did Not Play,Did Not Play,Did Not Play,Did Not Play,Did Not Play,Did Not Play,Did Not Play,Did Not Play,Did Not Play,Did Not Play,Did Not Play,Did Not Play,Did Not Play,Did Not Play,Did Not Play,Did Not Play,Did Not Play,Did Not Play,Did Not Play,Did Not Play,Did Not Play,Did Not Play,Did Not Play,Did Not Play,Chris Chandler,ChanCh00
126,119,1996,1996-12-15,15,16,31.064,HOU,,CIN,L 13-21,*,16,29,55.17,178,0,3,34.1,2,10,6.14,1.48,2,3,1.50,0,0,0,0,,0,0.0%,,,0,0,1,1,0,0,0,0,,Chris Chandler,ChanCh00
127,120,1996,1996-12-22,16,17,,HOU,@,BAL,W 24-21,Did Not Play,Did Not Play,Did Not Play,Did Not Play,Did Not Play,Did Not Play,Did Not Play,Did Not Play,Did Not Play,Did Not Play,Did Not Play,Did Not Play,Did Not Play,Did Not Play,Did Not Play,Did Not Play,Did Not Play,Did Not Play,Did Not Play,Did Not Play,Did Not Play,Did Not Play,Did Not Play,Did Not Play,Did Not Play,Did Not Play,Did Not Play,Did Not Play,Did Not Play,Did Not Play,Did Not Play,Did Not Play,Did Not Play,Chris Chandler,ChanCh00
128,Rk,Year,Date,G#,Week,Age,Tm,,Opp,Result,GS,Cmp,Att,Cmp%,Yds,TD,Int,Rate,Sk,Yds,Y/A,AY/A,Att,Yds,Y/A,TD,Tgt,Rec,Yds,Y/R,TD,Ctch%,Y/Tgt,2PM,TD,Pts,Fmb,FL,FF,FR,Yds,TD,Status,Chris Chandler,ChanCh00
129,121,1997,1997-08-31,1,1,31.323,ATL,@,DET,L 17-28,*,20,36,55.56,290,1,3,56.5,4,22,8.06,4.86,4,20,5.00,0,0,0,0,,0,0.0%,,,0,0,3,1,0,1,-7,0,,Chris Chandler,ChanCh00
130,122,1997,1997-09-07,2,2,31.330,ATL,,CAR,L 6-9,*,4,6,66.67,83,0,0,109.7,0,0,13.83,13.83,0,0,,0,0,0,0,,0,0.0%,,,0,0,0,,0,0,0,0,,Chris Chandler,ChanCh00
131,123,1997,1997-09-14,3,3,31.337,ATL,,OAK,L 31-36,*,16,25,64.00,199,2,0,115.2,2,17,7.96,9.56,2,4,2.00,0,0,0,0,,0,0.0%,,,0,0,1,1,0,0,0,0,,Chris Chandler,ChanCh00
132,124,1997,1997-09-21,4,4,,ATL,@,SFO,L 7-34,Inactive,Inactive,Inactive,Inactive,Inactive,Inactive,Inactive,Inactive,Inactive,Inactive,Inactive,Inactive,Inactive,Inactive,Inactive,Inactive,Inactive,Inactive,Inactive,Inactive,Inactive,Inactive,Inactive,Inactive,Inactive,Inactive,Inactive,Inactive,Inactive,Inactive,Inactive,Inactive,Inactive,Chris Chandler,ChanCh00
133,125,1997,1997-09-28,5,5,31.351,ATL,,DEN,L 21-29,*,12,22,54.55,137,2,1,84.8,2,12,6.23,6.00,0,0,,0,0,0,0,,0,0.0%,,,0,0,0,,0,0,0,0,,Chris Chandler,ChanCh00
134,126,1997,1997-10-12,6,7,32.000,ATL,@,NOR,W 23-17,*,10,22,45.45,117,1,0,77.3,5,40,5.32,6.23,4,3,0.75,0,0,0,0,,0,0.0%,,,0,0,0,,0,0,0,0,,Chris Chandler,ChanCh00
135,127,1997,1997-10-19,7,8,32.007,ATL,,SFO,L 28-35,*,15,30,50.00,230,2,0,97.9,2,14,7.67,9.00,0,0,,0,0,0,0,,0,0.0%,,,0,0,0,,0,0,0,0,,Chris Chandler,ChanCh00
136,128,1997,1997-10-26,8,9,,ATL,@,CAR,L 12-21,Inactive,Inactive,Inactive,Inactive,Inactive,Inactive,Inactive,Inactive,Inactive,Inactive,Inactive,Inactive,Inactive,Inactive,Inactive,Inactive,Inactive,Inactive,Inactive,Inactive,Inactive,Inactive,Inactive,Inactive,Inactive,Inactive,Inactive,Inactive,Inactive,Inactive,Inactive,Inactive,Inactive,Chris Chandler,ChanCh00
137,129,1997,1997-11-02,9,10,32.021,ATL,,STL,W 34-31,*,19,32,59.38,276,3,1,105.7,2,11,8.63,9.09,1,6,6.00,0,0,0,0,,0,0.0%,,,0,0,0,,0,0,0,0,,Chris Chandler,ChanCh00
138,130,1997,1997-11-09,10,11,32.028,ATL,,TAM,L 10-31,*,19,27,70.37,212,1,0,105.8,5,39,7.85,8.59,4,11,2.75,0,0,0,0,,0,0.0%,,,0,0,0,,0,0,0,0,,Chris Chandler,ChanCh00
139,131,1997,1997-11-16,11,12,32.035,ATL,@,STL,W 27-21,*,20,30,66.67,232,1,1,87.1,2,18,7.73,6.90,3,0,0.00,0,0,0,0,,0,0.0%,,,0,0,1,1,0,0,0,0,,Chris Chandler,ChanCh00
140,132,1997,1997-11-23,12,13,32.042,ATL,,NOR,W 20-3,*,17,26,65.38,211,2,0,116.0,5,34,8.12,9.65,4,13,3.25,0,0,0,0,,0,0.0%,,,0,0,1,0,0,1,-1,0,,Chris Chandler,ChanCh00
141,133,1997,1997-11-30,13,14,32.049,ATL,@,SEA,W 24-17,*,15,23,65.22,204,1,0,107.9,1,3,8.87,9.74,6,8,1.33,0,0,0,0,,0,0.0%,,,0,0,0,,0,0,0,0,,Chris Chandler,ChanCh00
142,134,1997,1997-12-07,14,15,32.056,ATL,@,SDG,W 14-3,*,10,23,43.48,115,1,1,55.5,1,7,5.00,3.91,2,20,10.00,0,0,0,0,,0,0.0%,,,0,0,0,,0,0,0,0,,Chris Chandler,ChanCh00
143,135,1997,1997-12-14,15,16,32.063,ATL,,PHI,W 20-17,*,12,21,57.14,210,1,0,107.2,5,35,10.00,10.95,8,38,4.75,0,0,0,0,,0,0.0%,,,0,0,2,1,0,1,-6,0,,Chris Chandler,ChanCh00
144,136,1997,1997-12-21,16,17,32.070,ATL,@,ARI,L 26-29,*,13,19,68.42,176,2,0,132.8,3,9,9.26,11.37,5,35,7.00,0,0,0,0,,0,0.0%,,,0,0,1,0,0,0,-4,0,,Chris Chandler,ChanCh00
145,Rk,Year,Date,G#,Week,Age,Tm,,Opp,Result,GS,Cmp,Att,Cmp%,Yds,TD,Int,Rate,Sk,Yds,Y/A,AY/A,Att,Yds,Y/A,TD,Tgt,Rec,Yds,Y/R,TD,Ctch%,Y/Tgt,2PM,TD,Pts,Fmb,FL,FF,FR,Yds,TD,Status,Chris Chandler,ChanCh00
146,137,1998,1998-09-06,1,1,32.329,ATL,@,CAR,W 19-14,*,17,32,53.13,268,2,1,89.1,6,38,8.38,8.22,1,1,1.00,0,0,0,0,,0,0.0%,,,0,0,0,,0,0,0,0,,Chris Chandler,ChanCh00
147,138,1998,1998-09-13,2,2,32.336,ATL,,PHI,W 17-12,*,14,26,53.85,196,1,0,91.2,3,29,7.54,8.31,3,6,2.00,0,0,0,0,,0,0.0%,,,0,0,0,,0,0,0,0,,Chris Chandler,ChanCh00
148,139,1998,1998-09-27,3,4,32.350,ATL,@,SFO,L 20-31,*,16,38,42.11,254,2,3,49.7,7,32,6.68,4.18,3,13,4.33,0,0,0,0,,0,0.0%,,,0,0,0,,0,0,0,0,,Chris Chandler,ChanCh00
149,140,1998,1998-10-04,4,5,32.357,ATL,,CAR,W 51-23,*,12,20,60.00,189,2,2,85.2,1,22,9.45,6.95,1,-1,-1.00,0,1,1,22,22.00,0,100.0%,22.00,,0,0,1,0,0,0,0,0,,Chris Chandler,ChanCh00
150,141,1998,1998-10-11,5,6,32.364,ATL,@,NYG,W 34-20,*,14,27,51.85,266,2,0,111.0,2,13,9.85,11.33,4,19,4.75,1,0,0,0,,0,0.0%,,,1,6,1,0,0,1,-4,0,,Chris Chandler,ChanCh00
151,142,1998,1998-10-18,6,7,33.006,ATL,,NOR,W 31-23,*,7,10,70.00,129,1,0,145.8,4,15,12.90,14.90,0,0,,0,0,0,0,,0,0.0%,,,0,0,0,,0,0,0,0,,Chris Chandler,ChanCh00
152,143,1998,1998-10-25,7,8,,ATL,@,NYJ,L 3-28,Inactive,Inactive,Inactive,Inactive,Inactive,Inactive,Inactive,Inactive,Inactive,Inactive,Inactive,Inactive,Inactive,Inactive,Inactive,Inactive,Inactive,Inactive,Inactive,Inactive,Inactive,Inactive,Inactive,Inactive,Inactive,Inactive,Inactive,Inactive,Inactive,Inactive,Inactive,Inactive,Inactive,Chris Chandler,ChanCh00
153,144,1998,1998-11-01,8,9,33.020,ATL,,STL,W 37-15,*,12,26,46.15,236,2,1,88.0,2,9,9.08,8.88,1,1,1.00,0,0,0,0,,0,0.0%,,,0,0,1,0,0,0,0,0,,Chris Chandler,ChanCh00
154,145,1998,1998-11-08,9,10,33.027,ATL,@,NWE,W 41-10,*,15,22,68.18,240,2,2,96.8,1,2,10.91,8.64,2,8,4.00,0,0,0,0,,0,0.0%,,,0,0,0,,0,0,0,0,,Chris Chandler,ChanCh00
155,146,1998,1998-11-15,10,11,33.034,ATL,,SFO,W 31-19,*,12,21,57.14,198,1,0,104.9,3,14,9.43,10.38,4,10,2.50,0,0,0,0,,0,0.0%,,,0,0,0,,0,0,0,0,,Chris Chandler,ChanCh00
156,147,1998,1998-11-22,11,12,33.041,ATL,,CHI,W 20-13,*,18,27,66.67,272,2,0,124.3,4,23,10.07,11.56,2,25,12.50,0,0,0,0,,0,0.0%,,,0,0,1,1,0,0,0,0,,Chris Chandler,ChanCh00
157,148,1998,1998-11-29,12,13,,ATL,@,STL,W 21-10,Inactive,Inactive,Inactive,Inactive,Inactive,Inactive,Inactive,Inactive,Inactive,Inactive,Inactive,Inactive,Inactive,Inactive,Inactive,Inactive,Inactive,Inactive,Inactive,Inactive,Inactive,Inactive,Inactive,Inactive,Inactive,Inactive,Inactive,Inactive,Inactive,Inactive,Inactive,Inactive,Inactive,Chris Chandler,ChanCh00
158,149,1998,1998-12-06,13,14,33.055,ATL,,IND,W 28-21,*,20,28,71.43,297,2,1,114.7,5,40,10.61,10.43,4,14,3.50,1,0,0,0,,0,0.0%,,,1,6,1,0,0,0,0,0,,Chris Chandler,ChanCh00
159,150,1998,1998-12-13,14,15,33.062,ATL,@,NOR,W 27-17,*,19,28,67.86,345,2,2,104.0,3,23,12.32,10.54,5,24,4.80,0,0,0,0,,0,0.0%,,,0,0,1,1,0,0,0,0,,Chris Chandler,ChanCh00
160,151,1998,1998-12-20,15,16,33.069,ATL,@,DET,W 24-17,*,11,19,57.89,146,2,0,117.4,4,23,7.68,9.79,5,-2,-0.40,0,0,0,0,,0,0.0%,,,0,0,0,,0,0,0,0,,Chris Chandler,ChanCh00
161,152,1998,1998-12-27,16,17,33.076,ATL,,MIA,W 38-16,*,3,3,100.00,118,2,0,158.3,0,0,39.33,52.67,1,3,3.00,0,0,0,0,,0,0.0%,,,0,0,0,,0,0,0,0,,Chris Chandler,ChanCh00
162,Rk,Year,Date,G#,Week,Age,Tm,,Opp,Result,GS,Cmp,Att,Cmp%,Yds,TD,Int,Rate,Sk,Yds,Y/A,AY/A,Att,Yds,Y/A,TD,Tgt,Rec,Yds,Y/R,TD,Ctch%,Y/Tgt,2PM,TD,Pts,Fmb,FL,FF,FR,Yds,TD,Status,Chris Chandler,ChanCh00
163,153,1999,1999-09-12,1,1,33.335,ATL,,MIN,L 14-17,*,17,30,56.67,258,1,0,96.2,2,12,8.60,9.27,3,21,7.00,0,0,0,0,,0,0.0%,,,0,0,1,1,0,0,0,0,,Chris Chandler,ChanCh00
164,154,1999,1999-09-20,2,2,,ATL,@,DAL,L 7-24,Inactive,Inactive,Inactive,Inactive,Inactive,Inactive,Inactive,Inactive,Inactive,Inactive,Inactive,Inactive,Inactive,Inactive,Inactive,Inactive,Inactive,Inactive,Inactive,Inactive,Inactive,Inactive,Inactive,Inactive,Inactive,Inactive,Inactive,Inactive,Inactive,Inactive,Inactive,Inactive,Inactive,Chris Chandler,ChanCh00
165,155,1999,1999-09-26,3,3,33.349,ATL,@,STL,L 7-35,*,5,9,55.56,28,0,1,21.8,1,4,3.11,-1.89,1,0,0.00,0,0,0,0,,0,0.0%,,,0,0,1,0,0,1,-3,0,,Chris Chandler,ChanCh00
166,156,1999,1999-10-03,4,4,,ATL,,BAL,L 13-19,Inactive,Inactive,Inactive,Inactive,Inactive,Inactive,Inactive,Inactive,Inactive,Inactive,Inactive,Inactive,Inactive,Inactive,Inactive,Inactive,Inactive,Inactive,Inactive,Inactive,Inactive,Inactive,Inactive,Inactive,Inactive,Inactive,Inactive,Inactive,Inactive,Inactive,Inactive,Inactive,Inactive,Chris Chandler,ChanCh00
167,157,1999,1999-10-10,5,5,,ATL,@,NOR,W 20-17,Inactive,Inactive,Inactive,Inactive,Inactive,Inactive,Inactive,Inactive,Inactive,Inactive,Inactive,Inactive,Inactive,Inactive,Inactive,Inactive,Inactive,Inactive,Inactive,Inactive,Inactive,Inactive,Inactive,Inactive,Inactive,Inactive,Inactive,Inactive,Inactive,Inactive,Inactive,Inactive,Inactive,Chris Chandler,ChanCh00
168,158,1999,1999-10-17,6,6,34.005,ATL,,STL,L 13-41,*,10,18,55.56,168,1,1,82.6,2,15,9.33,7.94,1,4,4.00,0,0,0,0,,0,0.0%,,,0,0,0,,0,0,0,0,,Chris Chandler,ChanCh00
169,159,1999,1999-10-25,7,7,34.013,ATL,@,PIT,L 9-13,*,20,34,58.82,233,1,1,77.2,7,46,6.85,6.12,2,5,2.50,0,0,0,0,,0,0.0%,,,0,0,1,0,0,0,-4,0,,Chris Chandler,ChanCh00
170,160,1999,1999-10-31,8,8,34.019,ATL,,CAR,W 27-20,*,14,21,66.67,201,2,0,129.3,3,25,9.57,11.48,1,-1,-1.00,0,0,0,0,,0,0.0%,,,0,0,0,,0,0,0,0,,Chris Chandler,ChanCh00
171,161,1999,1999-11-07,9,9,34.026,ATL,,JAX,L 7-30,*,14,25,56.00,163,1,2,55.9,8,54,6.52,3.72,0,0,,0,0,0,0,,0,0.0%,,,0,0,0,,0,0,0,0,,Chris Chandler,ChanCh00
172,162,1999,1999-11-21,10,11,34.040,ATL,@,TAM,L 10-19,*,14,25,56.00,109,0,2,33.6,2,17,4.36,0.76,2,3,1.50,0,0,0,0,,0,0.0%,,,0,0,1,0,0,1,1,0,,Chris Chandler,ChanCh00
173,163,1999,1999-11-28,11,12,34.047,ATL,@,CAR,L 28-34,*,24,42,57.14,315,4,0,112.7,4,36,7.50,9.40,1,11,11.00,0,0,0,0,,0,0.0%,,,0,0,1,1,0,0,0,0,,Chris Chandler,ChanCh00
174,164,1999,1999-12-05,12,13,34.054,ATL,,NOR,W 35-12,*,15,25,60.00,233,2,3,78.0,0,0,9.32,5.52,1,1,1.00,1,0,0,0,,0,0.0%,,,1,6,0,,0,0,0,0,,Chris Chandler,ChanCh00
175,165,1999,1999-12-12,13,14,34.061,ATL,@,SFO,L 7-26,*,8,18,44.44,95,0,1,38.0,3,21,5.28,2.78,1,11,11.00,0,0,0,0,,0,0.0%,,,0,0,0,,0,0,0,0,,Chris Chandler,ChanCh00
176,166,1999,1999-12-19,14,15,,ATL,@,TEN,L 17-30,Inactive,Inactive,Inactive,Inactive,Inactive,Inactive,Inactive,Inactive,Inactive,Inactive,Inactive,Inactive,Inactive,Inactive,Inactive,Inactive,Inactive,Inactive,Inactive,Inactive,Inactive,Inactive,Inactive,Inactive,Inactive,Inactive,Inactive,Inactive,Inactive,Inactive,Inactive,Inactive,Inactive,Chris Chandler,ChanCh00
177,167,1999,1999-12-26,15,16,34.075,ATL,,ARI,W 37-14,*,14,23,60.87,230,1,0,109.0,0,0,10.00,10.87,1,0,0.00,0,0,0,0,,0,0.0%,,,0,0,1,0,0,1,-6,0,,Chris Chandler,ChanCh00
178,168,1999,2000-01-03,16,17,34.083,ATL,,SFO,W 34-29,*,19,37,51.35,306,3,0,106.4,0,0,8.27,9.89,2,2,1.00,0,0,0,0,,0,0.0%,,,0,0,1,0,0,1,-1,0,,Chris Chandler,ChanCh00
179,Rk,Year,Date,G#,Week,Age,Tm,,Opp,Result,GS,Cmp,Att,Cmp%,Yds,TD,Int,Rate,Sk,Yds,Y/A,AY/A,Att,Yds,Y/A,TD,Tgt,Rec,Yds,Y/R,TD,Ctch%,Y/Tgt,2PM,TD,Pts,Fmb,FL,FF,FR,Yds,TD,Status,Chris Chandler,ChanCh00
180,169,2000,2000-09-03,1,1,34.327,ATL,,SFO,W 36-28,*,16,31,51.61,264,2,0,102.1,0,0,8.52,9.81,4,12,3.00,0,1,1,-4,-4.00,0,100.0%,-4.00,,0,0,0,,0,0,0,0,,Chris Chandler,ChanCh00
181,170,2000,2000-09-10,2,2,34.334,ATL,@,DEN,L 14-42,*,9,22,40.91,128,1,0,75.6,4,23,5.82,6.73,1,0,0.00,0,0,0,0,,0,0.0%,,,0,0,2,1,0,0,-2,0,,Chris Chandler,ChanCh00
182,171,2000,2000-09-17,3,3,34.341,ATL,@,CAR,W 15-10,*,21,27,77.78,174,0,0,93.5,2,20,6.44,6.44,6,4,0.67,0,0,0,0,,0,0.0%,,,0,0,1,0,0,1,-3,0,,Chris Chandler,ChanCh00
183,172,2000,2000-09-24,4,4,34.348,ATL,,STL,L 20-41,*,21,35,60.00,255,1,2,68.2,7,39,7.29,5.29,0,0,,0,0,0,0,,0,0.0%,,,0,0,0,,0,0,0,0,,Chris Chandler,ChanCh00
184,173,2000,2000-10-01,5,5,34.355,ATL,@,PHI,L 10-38,*,14,34,41.18,151,0,1,42.6,2,17,4.44,3.12,1,1,1.00,0,0,0,0,,0,0.0%,,,0,0,0,,0,0,0,0,,Chris Chandler,ChanCh00
185,174,2000,2000-10-08,6,6,34.362,ATL,,NYG,L 6-13,*,8,12,66.67,89,0,1,53.8,1,9,7.42,3.67,0,0,,0,0,0,0,,0,0.0%,,,0,0,0,,0,0,0,0,,Chris Chandler,ChanCh00
186,175,2000,2000-10-15,7,7,35.003,ATL,@,STL,L 29-45,*,18,30,60.00,220,2,1,91.0,3,22,7.33,7.17,0,0,,0,0,0,0,,0,0.0%,,,0,0,0,,0,0,0,0,,Chris Chandler,ChanCh00
187,176,2000,2000-10-22,8,8,35.010,ATL,,NOR,L 19-21,*,15,20,75.00,240,2,0,147.9,6,37,12.00,14.00,0,0,,0,0,0,0,,0,0.0%,,,0,0,0,,0,0,0,0,,Chris Chandler,ChanCh00
188,177,2000,2000-10-29,9,9,35.017,ATL,,CAR,W 13-12,*,19,29,65.52,191,0,2,55.4,1,7,6.59,3.48,2,7,3.50,0,0,0,0,,0,0.0%,,,0,0,1,0,0,1,-7,0,,Chris Chandler,ChanCh00
189,178,2000,2000-11-05,10,10,35.024,ATL,,TAM,L 14-27,*,4,7,57.14,29,0,2,27.4,3,13,4.14,-8.71,0,0,,0,0,0,0,,0,0.0%,,,0,0,0,,0,0,0,0,,Chris Chandler,ChanCh00
190,179,2000,2000-11-12,11,11,,ATL,@,DET,L 10-13,Inactive,Inactive,Inactive,Inactive,Inactive,Inactive,Inactive,Inactive,Inactive,Inactive,Inactive,Inactive,Inactive,Inactive,Inactive,Inactive,Inactive,Inactive,Inactive,Inactive,Inactive,Inactive,Inactive,Inactive,Inactive,Inactive,Inactive,Inactive,Inactive,Inactive,Inactive,Inactive,Inactive,Chris Chandler,ChanCh00
191,180,2000,2000-11-19,12,12,35.038,ATL,@,SFO,L 6-16,*,16,33,48.48,154,0,1,49.3,4,36,4.67,3.30,0,0,,0,0,0,0,,0,0.0%,,,0,0,1,0,0,0,0,0,,Chris Chandler,ChanCh00
192,181,2000,2000-11-26,13,13,35.045,ATL,@,OAK,L 14-41,*,7,12,58.33,97,0,1,49.7,3,17,8.08,4.33,1,5,5.00,0,0,0,0,,0,0.0%,,,0,0,1,0,0,1,0,0,,Chris Chandler,ChanCh00
193,182,2000,2000-12-03,14,14,,ATL,,SEA,L 10-30,Inactive,Inactive,Inactive,Inactive,Inactive,Inactive,Inactive,Inactive,Inactive,Inactive,Inactive,Inactive,Inactive,Inactive,Inactive,Inactive,Inactive,Inactive,Inactive,Inactive,Inactive,Inactive,Inactive,Inactive,Inactive,Inactive,Inactive,Inactive,Inactive,Inactive,Inactive,Inactive,Inactive,Chris Chandler,ChanCh00
194,183,2000,2000-12-17,15,16,35.066,ATL,@,NOR,L 7-23,,4,10,40.00,81,0,1,29.6,1,5,8.10,3.60,2,9,4.50,0,0,0,0,,0,0.0%,,,0,0,0,,0,0,0,0,,Chris Chandler,ChanCh00
195,184,2000,2000-12-24,16,17,35.073,ATL,,KAN,W 29-13,*,20,29,68.97,163,2,0,106.0,3,6,5.62,7.00,4,22,5.50,0,0,0,0,,0,0.0%,,,0,0,1,0,0,1,-1,0,,Chris Chandler,ChanCh00
196,Rk,Year,Date,G#,Week,Age,Tm,,Opp,Result,GS,Cmp,Att,Cmp%,Yds,TD,Int,Rate,Sk,Yds,Y/A,AY/A,Att,Yds,Y/A,TD,Tgt,Rec,Yds,Y/R,TD,Ctch%,Y/Tgt,2PM,TD,Pts,Fmb,FL,FF,FR,Yds,TD,Status,Chris Chandler,ChanCh00
197,185,2001,2001-09-09,1,1,35.332,ATL,@,SFO,L 13-16,*,11,18,61.11,121,0,0,81.0,2,14,6.72,6.72,3,16,5.33,0,0,0,0,,0,0.0%,,,0,0,0,,0,0,0,0,,Chris Chandler,ChanCh00
198,186,2001,2001-09-23,2,2,35.346,ATL,,CAR,W 24-16,*,11,14,78.57,244,2,1,128.6,1,4,17.43,17.07,0,0,,0,0,0,0,,0,0.0%,,,0,0,1,0,0,0,0,0,,Chris Chandler,ChanCh00
199,187,2001,2001-09-30,3,3,35.353,ATL,@,ARI,W 34-14,*,20,28,71.43,286,3,0,139.9,2,18,10.21,12.36,0,0,,0,0,0,0,,0,0.0%,,,0,0,0,,0,0,0,0,,Chris Chandler,ChanCh00
200,188,2001,2001-10-07,4,4,35.360,ATL,,CHI,L 3-31,*,7,12,58.33,75,0,3,37.2,1,1,6.25,-5.00,1,2,2.00,0,0,0,0,,0,0.0%,,,0,0,0,,0,0,0,0,,Chris Chandler,ChanCh00
201,189,2001,2001-10-14,5,5,36.002,ATL,,SFO,L 31-37,*,19,36,52.78,268,2,1,84.0,2,14,7.44,7.31,2,22,11.00,0,0,0,0,,0,0.0%,,,0,0,0,,0,0,0,0,,Chris Chandler,ChanCh00
202,190,2001,2001-10-21,6,6,36.009,ATL,@,NOR,W 20-13,*,14,20,70.00,187,2,1,111.9,2,12,9.35,9.10,3,9,3.00,0,0,0,0,,0,0.0%,,,0,0,0,,0,0,0,0,,Chris Chandler,ChanCh00
203,191,2001,2001-11-04,7,8,36.023,ATL,,NWE,L 10-24,*,8,20,40.00,95,1,1,51.0,6,32,4.75,3.50,1,6,6.00,0,0,0,0,,0,0.0%,,,0,0,0,,0,0,0,0,,Chris Chandler,ChanCh00
204,192,2001,2001-11-11,8,9,,ATL,,DAL,W 20-13,Inactive,Inactive,Inactive,Inactive,Inactive,Inactive,Inactive,Inactive,Inactive,Inactive,Inactive,Inactive,Inactive,Inactive,Inactive,Inactive,Inactive,Inactive,Inactive,Inactive,Inactive,Inactive,Inactive,Inactive,Inactive,Inactive,Inactive,Inactive,Inactive,Inactive,Inactive,Inactive,Inactive,Chris Chandler,ChanCh00
205,193,2001,2001-11-18,9,10,36.037,ATL,@,GNB,W 23-20,*,29,50,58.00,352,2,2,76.4,3,17,7.04,6.04,2,-1,-0.50,0,0,0,0,,0,0.0%,,,0,0,1,0,0,1,0,0,,Chris Chandler,ChanCh00
206,194,2001,2001-11-25,10,11,36.044,ATL,@,CAR,W 10-7,*,14,27,51.85,132,0,0,65.7,4,38,4.89,4.89,5,6,1.20,0,0,0,0,,0,0.0%,,,0,0,1,0,0,1,-3,0,,Chris Chandler,ChanCh00
207,195,2001,2001-12-02,11,12,36.051,ATL,,STL,L 6-35,*,14,18,77.78,123,0,1,72.0,1,0,6.83,4.33,3,21,7.00,0,0,0,0,,0,0.0%,,,0,0,0,,0,0,0,0,,Chris Chandler,ChanCh00
208,196,2001,2001-12-09,12,13,36.058,ATL,,NOR,L 10-28,*,18,32,56.25,233,0,1,66.3,9,53,7.28,5.88,3,3,1.00,0,0,0,0,,0,0.0%,,,0,0,2,0,0,1,-3,0,,Chris Chandler,ChanCh00
209,197,2001,2001-12-16,13,14,36.065,ATL,@,IND,L 27-41,*,23,39,58.97,249,2,0,94.9,6,41,6.38,7.41,1,0,0.00,0,0,0,0,,0,0.0%,,,0,0,2,1,0,1,-2,0,,Chris Chandler,ChanCh00
210,198,2001,2001-12-23,14,15,36.072,ATL,,BUF,W 33-30,*,28,40,70.00,431,2,2,101.1,1,9,10.78,9.53,1,0,0.00,0,0,0,0,,0,0.0%,,,0,0,1,0,0,0,0,0,,Chris Chandler,ChanCh00
211,199,2001,2001-12-30,15,16,36.079,ATL,@,MIA,L 14-21,*,7,11,63.64,51,0,1,36.6,1,8,4.64,0.55,0,0,,0,0,0,0,,0,0.0%,,,0,0,0,,0,0,0,0,,Chris Chandler,ChanCh00
212,200,2001,2002-01-06,16,17,,ATL,@,STL,L 13-31,Inactive,Inactive,Inactive,Inactive,Inactive,Inactive,Inactive,Inactive,Inactive,Inactive,Inactive,Inactive,Inactive,Inactive,Inactive,Inactive,Inactive,Inactive,Inactive,Inactive,Inactive,Inactive,Inactive,Inactive,Inactive,Inactive,Inactive,Inactive,Inactive,Inactive,Inactive,Inactive,Inactive,Chris Chandler,ChanCh00
213,Rk,Year,Date,G#,Week,Age,Tm,,Opp,Result,GS,Cmp,Att,Cmp%,Yds,TD,Int,Rate,Sk,Yds,Y/A,AY/A,Att,Yds,Y/A,TD,Tgt,Rec,Yds,Y/R,TD,Ctch%,Y/Tgt,2PM,TD,Pts,Fmb,FL,FF,FR,Yds,TD,Status,Chris Chandler,ChanCh00
214,201,2002,2002-09-08,1,1,,CHI,,MIN,W 27-23,Did Not Play,Did Not Play,Did Not Play,Did Not Play,Did Not Play,Did Not Play,Did Not Play,Did Not Play,Did Not Play,Did Not Play,Did Not Play,Did Not Play,Did Not Play,Did Not Play,Did Not Play,Did Not Play,Did Not Play,Did Not Play,Did Not Play,Did Not Play,Did Not Play,Did Not Play,Did Not Play,Did Not Play,Did Not Play,Did Not Play,Did Not Play,Did Not Play,Did Not Play,Did Not Play,Did Not Play,Did Not Play,Did Not Play,Chris Chandler,ChanCh00
215,202,2002,2002-09-15,2,2,,CHI,@,ATL,W 14-13,Did Not Play,Did Not Play,Did Not Play,Did Not Play,Did Not Play,Did Not Play,Did Not Play,Did Not Play,Did Not Play,Did Not Play,Did Not Play,Did Not Play,Did Not Play,Did Not Play,Did Not Play,Did Not Play,Did Not Play,Did Not Play,Did Not Play,Did Not Play,Did Not Play,Did Not Play,Did Not Play,Did Not Play,Did Not Play,Did Not Play,Did Not Play,Did Not Play,Did Not Play,Did Not Play,Did Not Play,Did Not Play,Did Not Play,Chris Chandler,ChanCh00
216,203,2002,2002-09-22,3,3,36.345,CHI,,NOR,L 23-29,,,,,,,,,0,,,,,,,,0,,,,,0.0%,,,0,0,0,,,0,0,0,,Chris Chandler,ChanCh00
217,204,2002,2002-09-29,4,4,,CHI,@,BUF,L 27-33,Did Not Play,Did Not Play,Did Not Play,Did Not Play,Did Not Play,Did Not Play,Did Not Play,Did Not Play,Did Not Play,Did Not Play,Did Not Play,Did Not Play,Did Not Play,Did Not Play,Did Not Play,Did Not Play,Did Not Play,Did Not Play,Did Not Play,Did Not Play,Did Not Play,Did Not Play,Did Not Play,Did Not Play,Did Not Play,Did Not Play,Did Not Play,Did Not Play,Did Not Play,Did Not Play,Did Not Play,Did Not Play,Did Not Play,Chris Chandler,ChanCh00
218,205,2002,2002-10-07,5,5,,CHI,,GNB,L 21-34,Did Not Play,Did Not Play,Did Not Play,Did Not Play,Did Not Play,Did Not Play,Did Not Play,Did Not Play,Did Not Play,Did Not Play,Did Not Play,Did Not Play,Did Not Play,Did Not Play,Did Not Play,Did Not Play,Did Not Play,Did Not Play,Did Not Play,Did Not Play,Did Not Play,Did Not Play,Did Not Play,Did Not Play,Did Not Play,Did Not Play,Did Not Play,Did Not Play,Did Not Play,Did Not Play,Did Not Play,Did Not Play,Did Not Play,Chris Chandler,ChanCh00
219,206,2002,2002-10-20,6,7,37.008,CHI,@,DET,L 20-23,*,16,25,64.00,163,1,1,79.2,3,28,6.52,5.52,1,-1,-1.00,0,0,0,0,,0,0.0%,,,0,0,0,,0,0,0,0,,Chris Chandler,ChanCh00
220,207,2002,2002-10-27,7,8,37.015,CHI,@,MIN,L 7-25,*,15,25,60.00,176,1,1,78.1,5,29,7.04,6.04,1,7,7.00,0,0,0,0,,0,0.0%,,,0,0,1,1,0,0,0,0,,Chris Chandler,ChanCh00
221,208,2002,2002-11-03,8,9,,CHI,,PHI,L 13-19,Did Not Play,Did Not Play,Did Not Play,Did Not Play,Did Not Play,Did Not Play,Did Not Play,Did Not Play,Did Not Play,Did Not Play,Did Not Play,Did Not Play,Did Not Play,Did Not Play,Did Not Play,Did Not Play,Did Not Play,Did Not Play,Did Not Play,Did Not Play,Did Not Play,Did Not Play,Did Not Play,Did Not Play,Did Not Play,Did Not Play,Did Not Play,Did Not Play,Did Not Play,Did Not Play,Did Not Play,Did Not Play,Did Not Play,Chris Chandler,ChanCh00
222,209,2002,2002-11-10,9,10,37.029,CHI,,NWE,L 30-33,*,6,10,60.00,40,0,0,68.7,1,6,4.00,4.00,2,16,8.00,0,0,0,0,,0,0.0%,,,0,0,0,,0,0,0,0,,Chris Chandler,ChanCh00
223,210,2002,2002-11-18,10,11,37.037,CHI,@,STL,L 16-21,*,20,33,60.61,157,0,0,72.4,7,40,4.76,4.76,1,6,6.00,0,0,0,0,,0,0.0%,,,0,0,0,,0,0,0,0,,Chris Chandler,ChanCh00
224,211,2002,2002-11-24,11,12,37.043,CHI,,DET,W 20-17,*,10,16,62.50,111,1,0,103.9,1,2,6.94,8.19,1,1,1.00,0,0,0,0,,0,0.0%,,,0,0,0,,0,0,0,0,,Chris Chandler,ChanCh00
225,212,2002,2002-12-01,12,13,,CHI,@,GNB,L 20-30,Inactive,Inactive,Inactive,Inactive,Inactive,Inactive,Inactive,Inactive,Inactive,Inactive,Inactive,Inactive,Inactive,Inactive,Inactive,Inactive,Inactive,Inactive,Inactive,Inactive,Inactive,Inactive,Inactive,Inactive,Inactive,Inactive,Inactive,Inactive,Inactive,Inactive,Inactive,Inactive,Inactive,Chris Chandler,ChanCh00
226,213,2002,2002-12-09,13,14,37.058,CHI,@,MIA,L 9-27,,7,17,41.18,86,0,2,17.9,1,6,5.06,-0.24,0,0,,0,0,0,0,,0,0.0%,,,0,0,1,1,0,0,0,0,,Chris Chandler,ChanCh00
227,214,2002,2002-12-15,14,15,37.064,CHI,,NYJ,W 20-13,*,22,27,81.48,177,0,0,94.0,3,16,6.56,6.56,3,3,1.00,0,0,0,0,,0,0.0%,,,0,0,0,,0,0,0,0,,Chris Chandler,ChanCh00
228,215,2002,2002-12-22,15,16,37.071,CHI,@,CAR,L 14-24,*,7,8,87.50,113,1,0,158.3,2,17,14.13,16.63,1,0,0.00,0,0,0,0,,0,0.0%,,,0,0,1,1,0,0,-8,0,,Chris Chandler,ChanCh00
229,216,2002,2002-12-29,16,17,,CHI,,TAM,L 0-15,Inactive,Inactive,Inactive,Inactive,Inactive,Inactive,Inactive,Inactive,Inactive,Inactive,Inactive,Inactive,Inactive,Inactive,Inactive,Inactive,Inactive,Inactive,Inactive,Inactive,Inactive,Inactive,Inactive,Inactive,Inactive,Inactive,Inactive,Inactive,Inactive,Inactive,Inactive,Inactive,Inactive,Chris Chandler,ChanCh00
230,Rk,Year,Date,G#,Week,Age,Tm,,Opp,Result,GS,Cmp,Att,Cmp%,Yds,TD,Int,Rate,Sk,Yds,Y/A,AY/A,Att,Yds,Y/A,TD,Tgt,Rec,Yds,Y/R,TD,Ctch%,Y/Tgt,2PM,TD,Pts,Fmb,FL,FF,FR,Yds,TD,Status,Chris Chandler,ChanCh00
231,217,2003,2003-09-07,1,1,,CHI,@,SFO,L 7-49,Did Not Play,Did Not Play,Did Not Play,Did Not Play,Did Not Play,Did Not Play,Did Not Play,Did Not Play,Did Not Play,Did Not Play,Did Not Play,Did Not Play,Did Not Play,Did Not Play,Did Not Play,Did Not Play,Did Not Play,Did Not Play,Did Not Play,Did Not Play,Did Not Play,Did Not Play,Did Not Play,Did Not Play,Did Not Play,Did Not Play,Did Not Play,Did Not Play,Did Not Play,Did Not Play,Did Not Play,Did Not Play,Did Not Play,Chris Chandler,ChanCh00
232,218,2003,2003-09-14,2,2,37.337,CHI,@,MIN,L 13-24,,1,2,50.00,8,0,1,20.8,0,0,4.00,-18.50,0,0,,0,0,0,0,,0,0.0%,,,0,0,0,,0,0,0,0,,Chris Chandler,ChanCh00
233,219,2003,2003-09-29,3,4,,CHI,,GNB,L 23-38,Did Not Play,Did Not Play,Did Not Play,Did Not Play,Did Not Play,Did Not Play,Did Not Play,Did Not Play,Did Not Play,Did Not Play,Did Not Play,Did Not Play,Did Not Play,Did Not Play,Did Not Play,Did Not Play,Did Not Play,Did Not Play,Did Not Play,Did Not Play,Did Not Play,Did Not Play,Did Not Play,Did Not Play,Did Not Play,Did Not Play,Did Not Play,Did Not Play,Did Not Play,Did Not Play,Did Not Play,Did Not Play,Did Not Play,Chris Chandler,ChanCh00
234,220,2003,2003-10-05,4,5,,CHI,,OAK,W 24-21,Did Not Play,Did Not Play,Did Not Play,Did Not Play,Did Not Play,Did Not Play,Did Not Play,Did Not Play,Did Not Play,Did Not Play,Did Not Play,Did Not Play,Did Not Play,Did Not Play,Did Not Play,Did Not Play,Did Not Play,Did Not Play,Did Not Play,Did Not Play,Did Not Play,Did Not Play,Did Not Play,Did Not Play,Did Not Play,Did Not Play,Did Not Play,Did Not Play,Did Not Play,Did Not Play,Did Not Play,Did Not Play,Did Not Play,Chris Chandler,ChanCh00
235,221,2003,2003-10-12,5,6,,CHI,@,NOR,L 13-20,Did Not Play,Did Not Play,Did Not Play,Did Not Play,Did Not Play,Did Not Play,Did Not Play,Did Not Play,Did Not Play,Did Not Play,Did Not Play,Did Not Play,Did Not Play,Did Not Play,Did Not Play,Did Not Play,Did Not Play,Did Not Play,Did Not Play,Did Not Play,Did Not Play,Did Not Play,Did Not Play,Did Not Play,Did Not Play,Did Not Play,Did Not Play,Did Not Play,Did Not Play,Did Not Play,Did Not Play,Did Not Play,Did Not Play,Chris Chandler,ChanCh00
236,222,2003,2003-10-19,6,7,38.007,CHI,@,SEA,L 17-24,*,19,34,55.88,149,0,2,42.4,3,25,4.38,1.74,4,4,1.00,0,0,0,0,,0,0.0%,,1,0,2,1,0,0,0,-4,0,,Chris Chandler,ChanCh00
237,223,2003,2003-10-26,7,8,38.014,CHI,,DET,W 24-16,*,20,31,64.52,207,1,0,94.4,2,14,6.68,7.32,4,10,2.50,0,0,0,0,,0,0.0%,,,0,0,0,,0,0,0,0,,Chris Chandler,ChanCh00
238,224,2003,2003-11-02,8,9,38.021,CHI,,SDG,W 20-7,*,21,30,70.00,224,0,1,77.6,2,8,7.47,5.97,1,11,11.00,0,0,0,0,,0,0.0%,,,0,0,1,0,0,1,0,0,,Chris Chandler,ChanCh00
239,225,2003,2003-11-09,9,10,38.028,CHI,@,DET,L 10-12,*,16,28,57.14,149,1,1,68.9,2,16,5.32,4.43,1,2,2.00,0,0,0,0,,0,0.0%,,,0,0,0,,0,0,0,0,,Chris Chandler,ChanCh00
240,226,2003,2003-11-16,10,11,38.035,CHI,,STL,L 21-23,*,16,32,50.00,153,1,2,48.0,1,7,4.78,2.59,2,2,1.00,0,0,0,0,,0,0.0%,,,0,0,1,0,0,1,0,0,,Chris Chandler,ChanCh00
241,227,2003,2003-11-23,11,12,38.042,CHI,@,DEN,W 19-10,*,8,18,44.44,79,0,0,57.4,1,8,4.39,4.39,1,2,2.00,0,0,0,0,,0,0.0%,,,0,0,1,0,0,0,0,0,,Chris Chandler,ChanCh00
242,228,2003,2003-11-30,12,13,,CHI,,ARI,W 28-3,Inactive,Inactive,Inactive,Inactive,Inactive,Inactive,Inactive,Inactive,Inactive,Inactive,Inactive,Inactive,Inactive,Inactive,Inactive,Inactive,Inactive,Inactive,Inactive,Inactive,Inactive,Inactive,Inactive,Inactive,Inactive,Inactive,Inactive,Inactive,Inactive,Inactive,Inactive,Inactive,Inactive,Chris Chandler,ChanCh00
243,229,2003,2003-12-07,13,14,,CHI,@,GNB,L 21-34,Inactive,Inactive,Inactive,Inactive,Inactive,Inactive,Inactive,Inactive,Inactive,Inactive,Inactive,Inactive,Inactive,Inactive,Inactive,Inactive,Inactive,Inactive,Inactive,Inactive,Inactive,Inactive,Inactive,Inactive,Inactive,Inactive,Inactive,Inactive,Inactive,Inactive,Inactive,Inactive,Inactive,Chris Chandler,ChanCh00
244,230,2003,2003-12-14,14,15,,CHI,,MIN,W 13-10,Inactive,Inactive,Inactive,Inactive,Inactive,Inactive,Inactive,Inactive,Inactive,Inactive,Inactive,Inactive,Inactive,Inactive,Inactive,Inactive,Inactive,Inactive,Inactive,Inactive,Inactive,Inactive,Inactive,Inactive,Inactive,Inactive,Inactive,Inactive,Inactive,Inactive,Inactive,Inactive,Inactive,Chris Chandler,ChanCh00
245,231,2003,2003-12-21,15,16,,CHI,,WAS,W 27-24,Inactive,Inactive,Inactive,Inactive,Inactive,Inactive,Inactive,Inactive,Inactive,Inactive,Inactive,Inactive,Inactive,Inactive,Inactive,Inactive,Inactive,Inactive,Inactive,Inactive,Inactive,Inactive,Inactive,Inactive,Inactive,Inactive,Inactive,Inactive,Inactive,Inactive,Inactive,Inactive,Inactive,Chris Chandler,ChanCh00
246,232,2003,2003-12-28,16,17,38.077,CHI,@,KAN,L 3-31,,6,17,35.29,81,0,0,51.3,3,23,4.76,4.76,1,4,4.00,0,0,0,0,,0,0.0%,,,0,0,0,,0,0,0,0,,Chris Chandler,ChanCh00
247,Rk,Year,Date,G#,Week,Age,Tm,,Opp,Result,GS,Cmp,Att,Cmp%,Yds,TD,Int,Rate,Sk,Yds,Y/A,AY/A,Att,Yds,Y/A,TD,Tgt,Rec,Yds,Y/R,TD,Ctch%,Y/Tgt,2PM,TD,Pts,Fmb,FL,FF,FR,Yds,TD,Status,Chris Chandler,ChanCh00
248,233,2004,2004-09-12,1,1,,STL,,ARI,W 17-10,Did Not Play,Did Not Play,Did Not Play,Did Not Play,Did Not Play,Did Not Play,Did Not Play,Did Not Play,Did Not Play,Did Not Play,Did Not Play,Did Not Play,Did Not Play,Did Not Play,Did Not Play,Did Not Play,Did Not Play,Did Not Play,Did Not Play,Did Not Play,Did Not Play,Did Not Play,Did Not Play,Did Not Play,Did Not Play,Did Not Play,Did Not Play,Did Not Play,Did Not Play,Did Not Play,Did Not Play,Did Not Play,Did Not Play,Chris Chandler,ChanCh00
249,234,2004,2004-09-19,2,2,,STL,@,ATL,L 17-34,Did Not Play,Did Not Play,Did Not Play,Did Not Play,Did Not Play,Did Not Play,Did Not Play,Did Not Play,Did Not Play,Did Not Play,Did Not Play,Did Not Play,Did Not Play,Did Not Play,Did Not Play,Did Not Play,Did Not Play,Did Not Play,Did Not Play,Did Not Play,Did Not Play,Did Not Play,Did Not Play,Did Not Play,Did Not Play,Did Not Play,Did Not Play,Did Not Play,Did Not Play,Did Not Play,Did Not Play,Did Not Play,Did Not Play,Chris Chandler,ChanCh00
250,235,2004,2004-09-26,3,3,,STL,,NOR,L 25-28,Did Not Play,Did Not Play,Did Not Play,Did Not Play,Did Not Play,Did Not Play,Did Not Play,Did Not Play,Did Not Play,Did Not Play,Did Not Play,Did Not Play,Did Not Play,Did Not Play,Did Not Play,Did Not Play,Did Not Play,Did Not Play,Did Not Play,Did Not Play,Did Not Play,Did Not Play,Did Not Play,Did Not Play,Did Not Play,Did Not Play,Did Not Play,Did Not Play,Did Not Play,Did Not Play,Did Not Play,Did Not Play,Did Not Play,Chris Chandler,ChanCh00
251,236,2004,2004-10-03,4,4,,STL,@,SFO,W 24-14,Did Not Play,Did Not Play,Did Not Play,Did Not Play,Did Not Play,Did Not Play,Did Not Play,Did Not Play,Did Not Play,Did Not Play,Did Not Play,Did Not Play,Did Not Play,Did Not Play,Did Not Play,Did Not Play,Did Not Play,Did Not Play,Did Not Play,Did Not Play,Did Not Play,Did Not Play,Did Not Play,Did Not Play,Did Not Play,Did Not Play,Did Not Play,Did Not Play,Did Not Play,Did Not Play,Did Not Play,Did Not Play,Did Not Play,Chris Chandler,ChanCh00
252,237,2004,2004-10-10,5,5,,STL,@,SEA,W 33-27,Did Not Play,Did Not Play,Did Not Play,Did Not Play,Did Not Play,Did Not Play,Did Not Play,Did Not Play,Did Not Play,Did Not Play,Did Not Play,Did Not Play,Did Not Play,Did Not Play,Did Not Play,Did Not Play,Did Not Play,Did Not Play,Did Not Play,Did Not Play,Did Not Play,Did Not Play,Did Not Play,Did Not Play,Did Not Play,Did Not Play,Did Not Play,Did Not Play,Did Not Play,Did Not Play,Did Not Play,Did Not Play,Did Not Play,Chris Chandler,ChanCh00
253,238,2004,2004-10-18,6,6,,STL,,TAM,W 28-21,Did Not Play,Did Not Play,Did Not Play,Did Not Play,Did Not Play,Did Not Play,Did Not Play,Did Not Play,Did Not Play,Did Not Play,Did Not Play,Did Not Play,Did Not Play,Did Not Play,Did Not Play,Did Not Play,Did Not Play,Did Not Play,Did Not Play,Did Not Play,Did Not Play,Did Not Play,Did Not Play,Did Not Play,Did Not Play,Did Not Play,Did Not Play,Did Not Play,Did Not Play,Did Not Play,Did Not Play,Did Not Play,Did Not Play,Chris Chandler,ChanCh00
254,239,2004,2004-10-24,7,7,,STL,@,MIA,L 14-31,Did Not Play,Did Not Play,Did Not Play,Did Not Play,Did Not Play,Did Not Play,Did Not Play,Did Not Play,Did Not Play,Did Not Play,Did Not Play,Did Not Play,Did Not Play,Did Not Play,Did Not Play,Did Not Play,Did Not Play,Did Not Play,Did Not Play,Did Not Play,Did Not Play,Did Not Play,Did Not Play,Did Not Play,Did Not Play,Did Not Play,Did Not Play,Did Not Play,Did Not Play,Did Not Play,Did Not Play,Did Not Play,Did Not Play,Chris Chandler,ChanCh00
255,240,2004,2004-11-07,8,9,39.026,STL,,NWE,L 22-40,,,,,,,,,0,,,,,,,,,,,,,0.0%,,,0,0,0,,,0,0,0,,Chris Chandler,ChanCh00
256,241,2004,2004-11-14,9,10,39.033,STL,,SEA,W 23-12,,,,,,,,,0,,,,,,,,,,,,,0.0%,,,0,0,0,,,0,0,0,,Chris Chandler,ChanCh00
257,242,2004,2004-11-21,10,11,,STL,@,BUF,L 17-37,Did Not Play,Did Not Play,Did Not Play,Did Not Play,Did Not Play,Did Not Play,Did Not Play,Did Not Play,Did Not Play,Did Not Play,Did Not Play,Did Not Play,Did Not Play,Did Not Play,Did Not Play,Did Not Play,Did Not Play,Did Not Play,Did Not Play,Did Not Play,Did Not Play,Did Not Play,Did Not Play,Did Not Play,Did Not Play,Did Not Play,Did Not Play,Did Not Play,Did Not Play,Did Not Play,Did Not Play,Did Not Play,Did Not Play,Chris Chandler,ChanCh00
258,243,2004,2004-11-29,11,12,,STL,@,GNB,L 17-45,Did Not Play,Did Not Play,Did Not Play,Did Not Play,Did Not Play,Did Not Play,Did Not Play,Did Not Play,Did Not Play,Did Not Play,Did Not Play,Did Not Play,Did Not Play,Did Not Play,Did Not Play,Did Not Play,Did Not Play,Did Not Play,Did Not Play,Did Not Play,Did Not Play,Did Not Play,Did Not Play,Did Not Play,Did Not Play,Did Not Play,Did Not Play,Did Not Play,Did Not Play,Did Not Play,Did Not Play,Did Not Play,Did Not Play,Chris Chandler,ChanCh00
259,244,2004,2004-12-05,12,13,39.054,STL,,SFO,W 16-6,,18,27,66.67,216,1,1,87.9,2,14,8.00,7.07,0,0,,0,0,0,0,,0,0.0%,,,0,0,1,1,0,0,0,0,,Chris Chandler,ChanCh00
260,245,2004,2004-12-12,13,14,39.061,STL,@,CAR,L 7-20,*,16,29,55.17,246,1,6,55.3,3,20,8.48,-0.14,1,2,2.00,0,0,0,0,,0,0.0%,,,0,0,0,,0,0,0,0,,Chris Chandler,ChanCh00
261,246,2004,2004-12-19,14,15,39.068,STL,@,ARI,L 7-31,*,1,6,16.67,1,0,1,0.0,2,20,0.17,-7.33,0,0,,0,0,0,0,,0,0.0%,,,0,0,0,,0,0,0,0,,Chris Chandler,ChanCh00
262,247,2004,2004-12-27,15,16,,STL,,PHI,W 20-7,Inactive,Inactive,Inactive,Inactive,Inactive,Inactive,Inactive,Inactive,Inactive,Inactive,Inactive,Inactive,Inactive,Inactive,Inactive,Inactive,Inactive,Inactive,Inactive,Inactive,Inactive,Inactive,Inactive,Inactive,Inactive,Inactive,Inactive,Inactive,Inactive,Inactive,Inactive,Inactive,Inactive,Chris Chandler,ChanCh00
263,248,2004,2005-01-02,16,17,,STL,,NYJ,W 32-29,Inactive,Inactive,Inactive,Inactive,Inactive,Inactive,Inactive,Inactive,Inactive,Inactive,Inactive,Inactive,Inactive,Inactive,Inactive,Inactive,Inactive,Inactive,Inactive,Inactive,Inactive,Inactive,Inactive,Inactive,Inactive,Inactive,Inactive,Inactive,Inactive,Inactive,Inactive,Inactive,Inactive,Chris Chandler,ChanCh00
264,,,180 Games,,,,,,,73-107-0,,2328,4005,58.13,28484,170,146,79.1,380,2590,7.11,6.32,371,1310,3.53,12,2,2,18,9.00,0,,9.00,2,12,76,90,24,0,31,-102,0,,Chris Chandler,ChanCh00
