,Unnamed: 0_level_0,Unnamed: 1_level_0,Unnamed: 2_level_0,Unnamed: 3_level_0,Unnamed: 4_level_0,Unnamed: 5_level_0,Unnamed: 6_level_0,Unnamed: 7_level_0,Unnamed: 8_level_0,Unnamed: 9_level_0,Unnamed: 10_level_0,Passing,Passing,Passing,Passing,Passing,Passing,Passing,Passing,Passing,Passing,Passing,Rushing,Rushing,Rushing,Rushing,Scoring,Scoring,Scoring,Scoring,Scoring,Scoring,Scoring,Scoring,Unnamed: 34_level_0,Tackles,Tackles,Tackles,Tackles,Tackles,Fumbles,Fumbles,Fumbles,Fumbles,Fumbles,Fumbles,Unnamed: 46_level_0,qb,qb_tag
,Rk,Year,Date,G#,Week,Age,Tm,Unnamed: 7_level_1,Opp,Result,GS,Cmp,Att,Cmp%,Yds,TD,Int,Rate,Sk,Yds.1,Y/A,AY/A,Att,Yds,Y/A,TD,XPM,XPA,XP%,FGM,FGA,FG%,TD,Pts,Sk,Solo,Ast,Comb,TFL,QBHits,Fmb,FL,FF,FR,Yds,TD,Status,,
0,1,1986,1986-11-09,10,10,24.017,CHI,@,TAM,W 23-3,,0,1,0.00,0,0,0,39.6,0,0,0.00,0.00,1,-1,-1.00,0,,,,,,,0,0,0.0,,,,,,0,,0,0,0,0,,Doug Flutie,FlutDo00
1,2,1986,1986-12-07,14,14,24.045,CHI,,TAM,W 48-14,,2,7,28.57,79,1,0,113.7,0,0,11.29,14.14,2,7,3.50,1,,,,,,,1,6,0.0,,,,,,0,,0,0,0,0,,Doug Flutie,FlutDo00
2,3,1986,1986-12-15,15,15,24.053,CHI,@,DET,W 16-13,,13,24,54.17,130,0,1,52.4,3,18,5.42,3.54,5,11,2.20,0,,,,,,,0,0,0.0,,,,,,0,,0,0,0,0,,Doug Flutie,FlutDo00
3,4,1986,1986-12-21,16,16,24.059,CHI,@,DAL,W 24-10,*,8,14,57.14,152,2,1,104.8,3,12,10.86,10.50,1,19,19.00,0,,,,,,,0,0,0.0,,,,,,0,,0,0,0,0,,Doug Flutie,FlutDo00
4,Rk,Year,Date,G#,Week,Age,Tm,,Opp,Result,GS,Cmp,Att,Cmp%,Yds,TD,Int,Rate,Sk,Yds,Y/A,AY/A,Att,Yds,Y/A,TD,XPM,XPA,XP%,FGM,FGA,FG%,TD,Pts,Sk,Solo,Ast,Comb,TFL,QBHits,Fmb,FL,FF,FR,Yds,TD,Status,Doug Flutie,FlutDo00
5,5,1987,1987-09-20,2,2,24.332,CHI,,TAM,W 20-3,,,,,,,,,,,,,,,,,,,,,,,0,0,0.0,,,,,,,,,,,,,Doug Flutie,FlutDo00
6,6,1987,1987-10-18,5,6,24.360,NWE,@,HOU,W 21-7,*,15,25,60.00,199,1,0,98.6,1,3,7.96,8.76,6,43,7.17,0,,,,,,,0,0,0.0,,,,,,0,,0,0,0,0,,Doug Flutie,FlutDo00
7,Rk,Year,Date,G#,Week,Age,Tm,,Opp,Result,GS,Cmp,Att,Cmp%,Yds,TD,Int,Rate,Sk,Yds,Y/A,AY/A,Att,Yds,Y/A,TD,XPM,XPA,XP%,FGM,FGA,FG%,TD,Pts,Sk,Solo,Ast,Comb,TFL,QBHits,Fmb,FL,FF,FR,Yds,TD,Status,Doug Flutie,FlutDo00
8,7,1988,1988-10-02,5,5,25.345,NWE,,IND,W 21-17,,12,16,75.00,132,1,1,93.7,1,10,8.25,6.69,3,18,6.00,1,,,,,,,1,6,0.0,,,,,,0,,0,0,0,0,,Doug Flutie,FlutDo00
9,8,1988,1988-10-09,6,6,25.352,NWE,@,GNB,L 3-45,*,17,33,51.52,163,0,3,27.7,1,4,4.94,0.85,4,20,5.00,0,,,,,,,0,0,0.0,,,,,,0,,0,0,0,0,,Doug Flutie,FlutDo00
10,9,1988,1988-10-16,7,7,25.359,NWE,,CIN,W 27-21,*,10,14,71.43,165,0,0,110.7,2,12,11.79,11.79,7,36,5.14,0,,,,,,,0,0,0.0,,,,,,0,,0,0,0,0,,Doug Flutie,FlutDo00
11,10,1988,1988-10-23,8,8,26.000,NWE,@,BUF,L 20-23,*,5,16,31.25,58,1,0,64.1,2,11,3.63,4.88,1,9,9.00,0,,,,,,,0,0,0.0,,,,,,0,,0,0,0,0,,Doug Flutie,FlutDo00
12,11,1988,1988-10-30,9,9,26.007,NWE,,CHI,W 30-7,*,6,18,33.33,165,4,0,107.6,0,0,9.17,13.61,3,10,3.33,0,,,,,,,0,0,0.0,,,,,,0,,0,0,0,0,,Doug Flutie,FlutDo00
13,12,1988,1988-11-06,10,10,26.014,NWE,,MIA,W 21-10,*,7,14,50.00,74,1,1,59.8,0,0,5.29,3.50,3,17,5.67,0,,,,,,,0,0,0.0,,,,,,0,,0,0,0,0,,Doug Flutie,FlutDo00
14,13,1988,1988-11-13,11,11,26.021,NWE,@,NYJ,W 14-13,*,6,20,30.00,78,1,2,20.4,0,0,3.90,0.40,5,27,5.40,0,,,,,,,0,0,0.0,,,,,,0,,0,0,0,0,,Doug Flutie,FlutDo00
15,14,1988,1988-11-20,12,12,26.028,NWE,@,MIA,W 6-3,*,9,13,69.23,78,0,0,84.8,2,12,6.00,6.00,5,28,5.60,0,,,,,,,0,0,0.0,,,,,,0,,0,0,0,0,,Doug Flutie,FlutDo00
16,15,1988,1988-11-27,13,13,26.035,NWE,@,IND,L 21-24,*,15,24,62.50,190,0,1,69.8,2,10,7.92,6.04,2,16,8.00,0,,,,,,,0,0,0.0,,,,,,0,,0,0,0,0,,Doug Flutie,FlutDo00
17,16,1988,1988-12-04,14,14,26.042,NWE,,SEA,W 13-7,*,5,10,50.00,47,0,1,23.7,1,6,4.70,0.20,5,-2,-0.40,0,,,,,,,0,0,0.0,,,,,,0,,0,0,0,0,,Doug Flutie,FlutDo00
18,17,1988,1988-12-17,16,16,26.055,NWE,@,DEN,L 10-21,,0,1,0.00,0,0,1,0.0,0,0,0.00,-45.00,0,0,,0,,,,,,,0,0,0.0,,,,,,0,,0,0,0,0,,Doug Flutie,FlutDo00
19,Rk,Year,Date,G#,Week,Age,Tm,,Opp,Result,GS,Cmp,Att,Cmp%,Yds,TD,Int,Rate,Sk,Yds,Y/A,AY/A,Att,Yds,Y/A,TD,XPM,XPA,XP%,FGM,FGA,FG%,TD,Pts,Sk,Solo,Ast,Comb,TFL,QBHits,Fmb,FL,FF,FR,Yds,TD,Status,Doug Flutie,FlutDo00
20,18,1989,1989-10-01,4,4,26.343,NWE,@,BUF,L 10-31,*,15,41,36.59,176,1,1,48.4,2,21,4.29,3.68,7,43,6.14,0,,,,,,,0,0,0.0,,,,,,0,,0,0,0,0,,Doug Flutie,FlutDo00
21,19,1989,1989-10-08,5,5,26.350,NWE,,HOU,W 23-13,*,9,18,50.00,145,0,0,77.3,1,7,8.06,8.06,6,24,4.00,0,,,,,,,0,0,0.0,,,,,,0,,0,0,0,0,,Doug Flutie,FlutDo00
22,20,1989,1989-10-15,6,6,26.357,NWE,@,ATL,L 15-16,*,12,30,40.00,172,1,3,30.8,3,24,5.73,1.90,2,11,5.50,0,,,,,,,0,0,0.0,,,,,,0,,0,0,0,0,,Doug Flutie,FlutDo00
23,21,1989,1989-11-26,12,12,27.034,NWE,@,RAI,L 21-24,,0,1,0.00,0,0,0,39.6,0,0,0.00,0.00,0,0,,0,,,,,,,0,0,0.0,,,,,,0,,0,0,0,0,,Doug Flutie,FlutDo00
24,22,1989,1989-12-03,13,13,27.041,NWE,,IND,W 22-16,,0,1,0.00,0,0,0,39.6,0,0,0.00,0.00,1,9,9.00,0,,,,,,,0,0,0.0,,,,,,0,,0,0,0,0,,Doug Flutie,FlutDo00
25,Rk,Year,Date,G#,Week,Age,Tm,,Opp,Result,GS,Cmp,Att,Cmp%,Yds,TD,Int,Rate,Sk,Yds,Y/A,AY/A,Att,Yds,Y/A,TD,XPM,XPA,XP%,FGM,FGA,FG%,TD,Pts,Sk,Solo,Ast,Comb,TFL,QBHits,Fmb,FL,FF,FR,Yds,TD,Status,Doug Flutie,FlutDo00
26,23,1998,1998-09-06,1,1,35.318,BUF,@,SDG,L 14-16,,12,20,60.00,158,2,1,97.5,2,15,7.90,7.65,3,8,2.67,0,,,,,,,0,0,0.0,,,,,,0,,0,0,0,0,,Doug Flutie,FlutDo00
27,24,1998,1998-09-13,2,2,,BUF,@,MIA,L 7-13,Did Not Play,Did Not Play,Did Not Play,Did Not Play,Did Not Play,Did Not Play,Did Not Play,Did Not Play,Did Not Play,Did Not Play,Did Not Play,Did Not Play,Did Not Play,Did Not Play,Did Not Play,Did Not Play,Did Not Play,Did Not Play,Did Not Play,Did Not Play,Did Not Play,Did Not Play,Did Not Play,Did Not Play,Did Not Play,Did Not Play,Did Not Play,Did Not Play,Did Not Play,Did Not Play,Did Not Play,Did Not Play,Did Not Play,Did Not Play,Did Not Play,Did Not Play,Did Not Play,Doug Flutie,FlutDo00
28,25,1998,1998-09-20,3,3,35.332,BUF,,STL,L 33-34,,0,2,0.00,0,0,0,39.6,0,0,0.00,0.00,0,0,,0,,,,,,,0,0,0.0,,,,,,0,,0,0,0,0,,Doug Flutie,FlutDo00
29,26,1998,1998-10-04,4,5,,BUF,,SFO,W 26-21,Did Not Play,Did Not Play,Did Not Play,Did Not Play,Did Not Play,Did Not Play,Did Not Play,Did Not Play,Did Not Play,Did Not Play,Did Not Play,Did Not Play,Did Not Play,Did Not Play,Did Not Play,Did Not Play,Did Not Play,Did Not Play,Did Not Play,Did Not Play,Did Not Play,Did Not Play,Did Not Play,Did Not Play,Did Not Play,Did Not Play,Did Not Play,Did Not Play,Did Not Play,Did Not Play,Did Not Play,Did Not Play,Did Not Play,Did Not Play,Did Not Play,Did Not Play,Did Not Play,Doug Flutie,FlutDo00
30,27,1998,1998-10-11,5,6,35.353,BUF,@,IND,W 31-24,,23,28,82.14,213,2,0,122.2,0,0,7.61,9.04,3,23,7.67,0,,,,,,,0,0,0.0,,,,,,0,,0,0,0,0,,Doug Flutie,FlutDo00
31,28,1998,1998-10-18,6,7,35.360,BUF,,JAX,W 17-16,*,18,39,46.15,228,1,0,73.5,1,1,5.85,6.36,3,22,7.33,1,,,,,,,1,6,0.0,,,,,,0,,0,0,0,0,,Doug Flutie,FlutDo00
32,29,1998,1998-10-25,7,8,36.002,BUF,@,CAR,W 30-14,*,18,22,81.82,282,2,1,130.1,0,0,12.82,12.59,5,27,5.40,0,,,,,,,0,0,0.0,,,,,,1,0,0,1,0,0,,Doug Flutie,FlutDo00
33,30,1998,1998-11-01,8,9,36.009,BUF,,MIA,W 30-24,*,15,26,57.69,206,3,1,105.6,1,9,7.92,8.50,2,9,4.50,0,,,,,,,0,0,0.0,,,,,,0,,0,0,0,0,,Doug Flutie,FlutDo00
34,31,1998,1998-11-08,9,10,36.016,BUF,@,NYJ,L 12-34,*,12,30,40.00,154,0,2,29.0,2,20,5.13,2.13,3,2,0.67,0,,,,,,,0,0,0.0,,,,,,0,,0,1,0,0,,Doug Flutie,FlutDo00
35,32,1998,1998-11-15,10,11,36.023,BUF,,NWE,W 13-10,*,14,26,53.85,178,1,2,56.3,0,0,6.85,4.15,11,49,4.45,0,,,,,,,0,0,0.0,,,,,,1,0,0,2,-3,0,,Doug Flutie,FlutDo00
36,33,1998,1998-11-22,11,12,36.030,BUF,,IND,W 34-11,*,20,28,71.43,230,2,0,119.6,1,8,8.21,9.64,2,10,5.00,0,,,,,,,0,0,0.0,,,,,,0,,0,0,0,0,,Doug Flutie,FlutDo00
37,34,1998,1998-11-29,12,13,36.037,BUF,@,NWE,L 21-25,*,21,39,53.85,339,2,0,100.3,1,10,8.69,9.72,5,30,6.00,0,,,,,,,0,0,0.0,,,,,,0,,0,0,0,0,,Doug Flutie,FlutDo00
38,35,1998,1998-12-06,13,14,36.044,BUF,@,CIN,W 33-20,*,18,30,60.00,319,2,3,79.0,2,10,10.63,7.47,5,21,4.20,0,,,,,,,0,0,0.0,,,,,,0,,0,0,0,0,,Doug Flutie,FlutDo00
39,36,1998,1998-12-13,14,15,36.051,BUF,,OAK,W 44-21,*,17,26,65.38,184,2,0,111.7,1,2,7.08,8.62,3,20,6.67,0,,,,,,,0,0,0.0,,,,,,1,0,0,0,-10,0,,Doug Flutie,FlutDo00
40,37,1998,1998-12-19,15,16,36.057,BUF,,NYJ,L 10-17,*,14,38,36.84,220,1,1,54.7,1,3,5.79,5.13,3,27,9.00,0,,,,,,,0,0,0.0,,,,,,0,,0,0,0,0,,Doug Flutie,FlutDo00
41,38,1998,1998-12-27,16,17,,BUF,@,NOR,W 45-33,Inactive,Inactive,Inactive,Inactive,Inactive,Inactive,Inactive,Inactive,Inactive,Inactive,Inactive,Inactive,Inactive,Inactive,Inactive,Inactive,Inactive,Inactive,Inactive,Inactive,Inactive,Inactive,Inactive,Inactive,Inactive,Inactive,Inactive,Inactive,Inactive,Inactive,Inactive,Inactive,Inactive,Inactive,Inactive,Inactive,Inactive,Doug Flutie,FlutDo00
42,Rk,Year,Date,G#,Week,Age,Tm,,Opp,Result,GS,Cmp,Att,Cmp%,Yds,TD,Int,Rate,Sk,Yds,Y/A,AY/A,Att,Yds,Y/A,TD,XPM,XPA,XP%,FGM,FGA,FG%,TD,Pts,Sk,Solo,Ast,Comb,TFL,QBHits,Fmb,FL,FF,FR,Yds,TD,Status,Doug Flutie,FlutDo00
43,39,1999,1999-09-12,1,1,36.324,BUF,@,IND,L 14-31,*,22,42,52.38,300,1,2,63.6,5,26,7.14,5.48,4,24,6.00,0,,,,,,,0,0,0.0,,,,,,1,1,0,0,0,0,,Doug Flutie,FlutDo00
44,40,1999,1999-09-19,2,2,36.331,BUF,,NYJ,W 17-3,*,15,25,60.00,160,0,0,78.7,0,0,6.40,6.40,7,67,9.57,1,,,,,,,1,6,0.0,,,,,,0,,0,0,0,0,,Doug Flutie,FlutDo00
45,41,1999,1999-09-26,3,3,36.338,BUF,,PHI,W 26-0,*,18,26,69.23,175,1,1,84.6,0,0,6.73,5.77,5,32,6.40,0,,,,,,,0,0,0.0,,,,,,0,,0,0,0,0,,Doug Flutie,FlutDo00
46,42,1999,1999-10-04,4,4,36.346,BUF,@,MIA,W 23-18,*,12,25,48.00,186,1,0,86.4,1,9,7.44,8.24,9,29,3.22,0,,,,,,,0,0,0.0,,,,,,0,,0,0,0,0,,Doug Flutie,FlutDo00
47,43,1999,1999-10-10,5,5,36.352,BUF,,PIT,W 24-21,*,21,32,65.63,261,3,0,122.0,2,7,8.16,10.03,7,39,5.57,0,,,,,,,0,0,0.0,,,,,,0,,0,0,0,0,,Doug Flutie,FlutDo00
48,44,1999,1999-10-17,6,6,36.359,BUF,,OAK,L 14-20,*,19,41,46.34,210,1,3,39.7,1,9,5.12,2.32,3,23,7.67,0,,,,,,,0,0,0.0,0,0,0,0,,0,,0,0,0,0,,Doug Flutie,FlutDo00
49,45,1999,1999-10-24,7,7,37.001,BUF,@,SEA,L 16-26,*,24,50,48.00,294,2,2,63.2,3,40,5.88,4.88,6,43,7.17,0,,,,,,,0,0,0.0,,,,,,1,1,0,0,0,0,,Doug Flutie,FlutDo00
50,46,1999,1999-10-31,8,8,37.008,BUF,@,BAL,W 13-10,*,18,40,45.00,155,1,3,32.8,3,17,3.88,1.00,8,50,6.25,0,,,,,,,0,0,0.0,,,,,,0,,0,0,0,0,,Doug Flutie,FlutDo00
51,47,1999,1999-11-07,9,9,37.015,BUF,@,WAS,W 34-17,*,16,22,72.73,211,2,0,133.0,1,2,9.59,11.41,5,40,8.00,0,,,,,,,0,0,0.0,,,,,,0,,0,0,0,0,,Doug Flutie,FlutDo00
52,48,1999,1999-11-14,10,10,37.022,BUF,,MIA,W 23-3,*,10,20,50.00,157,1,0,93.1,0,0,7.85,8.85,7,8,1.14,0,,,,,,,0,0,0.0,,,,,,0,,0,0,0,0,,Doug Flutie,FlutDo00
53,49,1999,1999-11-21,11,11,37.029,BUF,@,NYJ,L 7-17,*,22,40,55.00,220,1,2,58.3,2,15,5.50,3.75,3,34,11.33,0,,,,,,,0,0,0.0,0,0,0,0,,2,1,0,0,0,0,,Doug Flutie,FlutDo00
54,50,1999,1999-11-28,12,12,37.036,BUF,,NWE,W 17-7,*,9,16,56.25,207,2,0,140.6,0,0,12.94,15.44,5,-7,-1.40,0,,,,,,,0,0,0.0,0,0,0,0,,1,0,0,1,-5,0,,Doug Flutie,FlutDo00
55,51,1999,1999-12-12,13,14,37.050,BUF,,NYG,L 17-19,*,15,32,46.88,184,1,1,62.5,3,23,5.75,4.97,6,25,4.17,0,,,,,,,0,0,0.0,,,,,,1,1,0,0,0,0,,Doug Flutie,FlutDo00
56,52,1999,1999-12-19,14,15,37.057,BUF,@,ARI,W 31-21,*,21,32,65.63,239,2,2,82.7,2,22,7.47,5.91,7,25,3.57,0,,,,,,,0,0,0.0,,,,,,0,,0,0,0,0,,Doug Flutie,FlutDo00
57,53,1999,1999-12-26,15,16,37.064,BUF,@,NWE,W 13-10,*,22,35,62.86,212,0,0,79.7,3,6,6.06,6.06,6,44,7.33,0,,,,,,,0,0,0.0,0,0,0,0,,0,,0,0,0,0,,Doug Flutie,FlutDo00
58,54,1999,2000-01-02,16,17,,BUF,,IND,W 31-6,Inactive,Inactive,Inactive,Inactive,Inactive,Inactive,Inactive,Inactive,Inactive,Inactive,Inactive,Inactive,Inactive,Inactive,Inactive,Inactive,Inactive,Inactive,Inactive,Inactive,Inactive,Inactive,Inactive,Inactive,Inactive,Inactive,Inactive,Inactive,Inactive,Inactive,Inactive,Inactive,Inactive,Inactive,Inactive,Inactive,Inactive,Doug Flutie,FlutDo00
59,Rk,Year,Date,G#,Week,Age,Tm,,Opp,Result,GS,Cmp,Att,Cmp%,Yds,TD,Int,Rate,Sk,Yds,Y/A,AY/A,Att,Yds,Y/A,TD,XPM,XPA,XP%,FGM,FGA,FG%,TD,Pts,Sk,Solo,Ast,Comb,TFL,QBHits,Fmb,FL,FF,FR,Yds,TD,Status,Doug Flutie,FlutDo00
60,55,2000,2000-09-03,1,1,,BUF,,TEN,W 16-13,Inactive,Inactive,Inactive,Inactive,Inactive,Inactive,Inactive,Inactive,Inactive,Inactive,Inactive,Inactive,Inactive,Inactive,Inactive,Inactive,Inactive,Inactive,Inactive,Inactive,Inactive,Inactive,Inactive,Inactive,Inactive,Inactive,Inactive,Inactive,Inactive,Inactive,Inactive,Inactive,Inactive,Inactive,Inactive,Inactive,Inactive,Doug Flutie,FlutDo00
61,56,2000,2000-09-10,2,2,,BUF,,GNB,W 27-18,Inactive,Inactive,Inactive,Inactive,Inactive,Inactive,Inactive,Inactive,Inactive,Inactive,Inactive,Inactive,Inactive,Inactive,Inactive,Inactive,Inactive,Inactive,Inactive,Inactive,Inactive,Inactive,Inactive,Inactive,Inactive,Inactive,Inactive,Inactive,Inactive,Inactive,Inactive,Inactive,Inactive,Inactive,Inactive,Inactive,Inactive,Doug Flutie,FlutDo00
62,57,2000,2000-09-17,3,3,,BUF,@,NYJ,L 14-27,Inactive,Inactive,Inactive,Inactive,Inactive,Inactive,Inactive,Inactive,Inactive,Inactive,Inactive,Inactive,Inactive,Inactive,Inactive,Inactive,Inactive,Inactive,Inactive,Inactive,Inactive,Inactive,Inactive,Inactive,Inactive,Inactive,Inactive,Inactive,Inactive,Inactive,Inactive,Inactive,Inactive,Inactive,Inactive,Inactive,Inactive,Doug Flutie,FlutDo00
63,58,2000,2000-10-01,4,5,,BUF,,IND,L 16-18,Did Not Play,Did Not Play,Did Not Play,Did Not Play,Did Not Play,Did Not Play,Did Not Play,Did Not Play,Did Not Play,Did Not Play,Did Not Play,Did Not Play,Did Not Play,Did Not Play,Did Not Play,Did Not Play,Did Not Play,Did Not Play,Did Not Play,Did Not Play,Did Not Play,Did Not Play,Did Not Play,Did Not Play,Did Not Play,Did Not Play,Did Not Play,Did Not Play,Did Not Play,Did Not Play,Did Not Play,Did Not Play,Did Not Play,Did Not Play,Did Not Play,Did Not Play,Did Not Play,Doug Flutie,FlutDo00
64,59,2000,2000-10-08,5,6,37.351,BUF,@,MIA,L 13-22,,3,6,50.00,44,0,1,34.7,1,4,7.33,-0.17,0,0,,0,,,,,,,0,0,0.0,,,,,,0,,0,0,0,0,,Doug Flutie,FlutDo00
65,60,2000,2000-10-15,6,7,37.358,BUF,,SDG,W 27-24,,2,3,66.67,30,0,0,99.3,0,0,10.00,10.00,0,0,,0,,,,,,,0,0,0.0,,,,,,0,,0,0,0,0,,Doug Flutie,FlutDo00
66,61,2000,2000-10-22,7,8,37.365,BUF,@,MIN,L 27-31,*,28,43,65.12,294,2,0,100.3,1,8,6.84,7.77,1,8,8.00,0,,,,,,,0,0,0.0,,,,,,0,,0,0,0,0,,Doug Flutie,FlutDo00
67,62,2000,2000-10-29,8,9,38.006,BUF,,NYJ,W 23-20,*,18,35,51.43,253,0,0,75.1,1,1,7.23,7.23,4,15,3.75,0,,,,,,,0,0,0.0,,,,,,0,,0,0,0,0,,Doug Flutie,FlutDo00
68,63,2000,2000-11-05,9,10,38.013,BUF,@,NWE,W 16-13,*,18,37,48.65,179,1,0,71.8,1,5,4.84,5.38,5,23,4.60,0,,,,,,,0,0,0.0,0,1,1,0,,1,1,0,0,-1,0,,Doug Flutie,FlutDo00
69,64,2000,2000-11-12,10,11,38.020,BUF,,CHI,W 20-3,*,16,26,61.54,171,0,1,64.7,1,6,6.58,4.85,6,6,1.00,1,,,,,,,1,6,0.0,,,,,,0,,0,0,0,0,,Doug Flutie,FlutDo00
70,65,2000,2000-11-19,11,12,,BUF,@,KAN,W 21-17,Did Not Play,Did Not Play,Did Not Play,Did Not Play,Did Not Play,Did Not Play,Did Not Play,Did Not Play,Did Not Play,Did Not Play,Did Not Play,Did Not Play,Did Not Play,Did Not Play,Did Not Play,Did Not Play,Did Not Play,Did Not Play,Did Not Play,Did Not Play,Did Not Play,Did Not Play,Did Not Play,Did Not Play,Did Not Play,Did Not Play,Did Not Play,Did Not Play,Did Not Play,Did Not Play,Did Not Play,Did Not Play,Did Not Play,Did Not Play,Did Not Play,Did Not Play,Did Not Play,Doug Flutie,FlutDo00
71,66,2000,2000-11-26,12,13,38.034,BUF,@,TAM,L 17-31,,4,10,40.00,57,0,0,59.2,0,0,5.70,5.70,2,11,5.50,0,,,,,,,0,0,0.0,0,0,0,0,,0,,0,0,0,0,,Doug Flutie,FlutDo00
72,67,2000,2000-12-03,13,14,38.041,BUF,,MIA,L 6-33,,2,9,22.22,31,0,1,1.9,1,13,3.44,-1.56,1,17,17.00,0,,,,,,,0,0,0.0,0,0,0,0,,1,0,0,1,0,0,,Doug Flutie,FlutDo00
73,68,2000,2000-12-11,14,15,38.049,BUF,@,IND,L 20-44,,6,12,50.00,82,1,0,100.0,1,5,6.83,8.50,0,0,,0,,,,,,,0,0,0.0,,,,,,0,,0,0,0,0,,Doug Flutie,FlutDo00
74,69,2000,2000-12-17,15,16,38.055,BUF,,NWE,L 10-13,,15,25,60.00,193,1,0,97.6,3,26,7.72,8.52,9,50,5.56,0,,,,,,,0,0,0.0,0,0,0,0,,3,1,0,1,-8,0,,Doug Flutie,FlutDo00
75,70,2000,2000-12-23,16,17,38.061,BUF,@,SEA,W 42-23,*,20,25,80.00,366,3,0,158.3,0,0,14.64,17.04,8,31,3.88,0,,,,,,,0,0,0.0,,,,,,0,,0,0,0,0,,Doug Flutie,FlutDo00
76,Rk,Year,Date,G#,Week,Age,Tm,,Opp,Result,GS,Cmp,Att,Cmp%,Yds,TD,Int,Rate,Sk,Yds,Y/A,AY/A,Att,Yds,Y/A,TD,XPM,XPA,XP%,FGM,FGA,FG%,TD,Pts,Sk,Solo,Ast,Comb,TFL,QBHits,Fmb,FL,FF,FR,Yds,TD,Status,Doug Flutie,FlutDo00
77,71,2001,2001-09-09,1,1,38.321,SDG,,WAS,W 30-3,*,10,18,55.56,129,0,2,38.7,1,7,7.17,2.17,4,0,0.00,0,,,,,,,0,0,0.0,,,,,,0,,0,0,0,0,,Doug Flutie,FlutDo00
78,72,2001,2001-09-23,2,2,38.335,SDG,@,DAL,W 32-21,*,23,38,60.53,348,2,0,108.2,1,3,9.16,10.21,6,15,2.50,0,,,,,,,0,0,0.0,,,,,,0,,0,0,0,0,,Doug Flutie,FlutDo00
79,73,2001,2001-09-30,3,3,38.342,SDG,,CIN,W 28-14,*,12,19,63.16,133,1,0,101.4,2,21,7.00,8.05,5,3,0.60,0,,,,,,,0,0,0.0,0,0,0,0,,1,0,0,1,0,0,,Doug Flutie,FlutDo00
80,74,2001,2001-10-07,4,4,38.349,SDG,@,CLE,L 16-20,*,17,37,45.95,149,0,0,57.2,1,6,4.03,4.03,3,9,3.00,0,,,,,,,0,0,0.0,0,0,0,0,,0,0,0,1,0,0,,Doug Flutie,FlutDo00
81,75,2001,2001-10-14,5,5,38.356,SDG,@,NWE,L 26-29,*,20,32,62.50,270,1,0,99.7,1,12,8.44,9.06,2,1,0.50,0,,,,,,,0,0,0.0,0,0,0,0,,1,0,0,1,-2,0,,Doug Flutie,FlutDo00
82,76,2001,2001-10-21,6,6,38.363,SDG,,DEN,W 27-10,*,21,32,65.63,280,2,1,101.0,3,8,8.75,8.59,4,10,2.50,0,,,,,,,0,0,0.0,,,,,,1,0,0,0,0,0,,Doug Flutie,FlutDo00
83,77,2001,2001-10-28,7,7,39.005,SDG,,BUF,W 27-24,*,21,33,63.64,254,1,0,97.3,1,11,7.70,8.30,2,12,6.00,1,,,,,,,1,6,0.0,,,,,,0,,0,0,0,0,,Doug Flutie,FlutDo00
84,78,2001,2001-11-04,8,8,39.012,SDG,,KAN,L 20-25,*,6,16,37.50,61,0,1,23.2,1,11,3.81,1.00,1,3,3.00,0,,,,,,,0,0,0.0,,,,,,0,,0,0,0,0,,Doug Flutie,FlutDo00
85,79,2001,2001-11-11,9,9,39.019,SDG,@,DEN,L 16-26,*,12,31,38.71,165,1,4,27.7,1,18,5.32,0.16,2,5,2.50,0,,,,,,,0,0,0.0,,,,,,0,,0,0,0,0,,Doug Flutie,FlutDo00
86,80,2001,2001-11-18,10,10,39.026,SDG,@,OAK,L 24-34,*,12,27,44.44,98,0,1,38.8,0,0,3.63,1.96,4,8,2.00,0,,,,,,,0,0,0.0,0,0,0,0,,2,1,0,1,-6,0,,Doug Flutie,FlutDo00
87,81,2001,2001-11-25,11,11,39.033,SDG,,ARI,L 17-20,*,33,44,75.00,308,2,0,108.9,0,0,7.00,7.91,2,9,4.50,0,,,,,,,0,0,0.0,,,,,,0,,0,0,0,0,,Doug Flutie,FlutDo00
88,82,2001,2001-12-02,12,12,39.040,SDG,@,SEA,L 10-13,*,19,33,57.58,195,0,2,49.4,1,10,5.91,3.18,2,22,11.00,0,,,,,,,0,0,0.0,,,,,,0,,0,0,0,0,,Doug Flutie,FlutDo00
89,83,2001,2001-12-09,13,13,39.047,SDG,@,PHI,L 14-24,*,20,44,45.45,307,2,2,65.2,2,10,6.98,5.84,8,45,5.63,0,,,,,,,0,0,0.0,,,,,,1,1,0,0,0,0,,Doug Flutie,FlutDo00
90,84,2001,2001-12-15,14,14,39.053,SDG,,OAK,L 6-13,*,19,37,51.35,215,0,3,35.3,4,9,5.81,2.16,4,16,4.00,0,,,,,,,0,0,0.0,0,0,0,0,,1,0,0,1,0,0,,Doug Flutie,FlutDo00
91,85,2001,2001-12-23,15,15,39.061,SDG,@,KAN,L 17-20,*,15,27,55.56,175,2,0,100.1,2,11,6.48,7.96,2,20,10.00,0,,,,,,,0,0,0.0,,,,,,0,,0,0,0,0,,Doug Flutie,FlutDo00
92,86,2001,2001-12-30,16,16,39.068,SDG,,SEA,L 22-25,*,34,53,64.15,377,1,2,75.7,4,31,7.11,5.79,2,14,7.00,0,,,,,,,0,0,0.0,,,,,,0,,0,0,0,0,,Doug Flutie,FlutDo00
93,Rk,Year,Date,G#,Week,Age,Tm,,Opp,Result,GS,Cmp,Att,Cmp%,Yds,TD,Int,Rate,Sk,Yds,Y/A,AY/A,Att,Yds,Y/A,TD,XPM,XPA,XP%,FGM,FGA,FG%,TD,Pts,Sk,Solo,Ast,Comb,TFL,QBHits,Fmb,FL,FF,FR,Yds,TD,Status,Doug Flutie,FlutDo00
94,87,2002,2002-09-08,1,1,,SDG,@,CIN,W 34-6,Did Not Play,Did Not Play,Did Not Play,Did Not Play,Did Not Play,Did Not Play,Did Not Play,Did Not Play,Did Not Play,Did Not Play,Did Not Play,Did Not Play,Did Not Play,Did Not Play,Did Not Play,Did Not Play,Did Not Play,Did Not Play,Did Not Play,Did Not Play,Did Not Play,Did Not Play,Did Not Play,Did Not Play,Did Not Play,Did Not Play,Did Not Play,Did Not Play,Did Not Play,Did Not Play,Did Not Play,Did Not Play,Did Not Play,Did Not Play,Did Not Play,Did Not Play,Did Not Play,Doug Flutie,FlutDo00
95,88,2002,2002-09-15,2,2,,SDG,,HOU,W 24-3,Did Not Play,Did Not Play,Did Not Play,Did Not Play,Did Not Play,Did Not Play,Did Not Play,Did Not Play,Did Not Play,Did Not Play,Did Not Play,Did Not Play,Did Not Play,Did Not Play,Did Not Play,Did Not Play,Did Not Play,Did Not Play,Did Not Play,Did Not Play,Did Not Play,Did Not Play,Did Not Play,Did Not Play,Did Not Play,Did Not Play,Did Not Play,Did Not Play,Did Not Play,Did Not Play,Did Not Play,Did Not Play,Did Not Play,Did Not Play,Did Not Play,Did Not Play,Did Not Play,Doug Flutie,FlutDo00
96,89,2002,2002-09-22,3,3,,SDG,@,ARI,W 23-15,Did Not Play,Did Not Play,Did Not Play,Did Not Play,Did Not Play,Did Not Play,Did Not Play,Did Not Play,Did Not Play,Did Not Play,Did Not Play,Did Not Play,Did Not Play,Did Not Play,Did Not Play,Did Not Play,Did Not Play,Did Not Play,Did Not Play,Did Not Play,Did Not Play,Did Not Play,Did Not Play,Did Not Play,Did Not Play,Did Not Play,Did Not Play,Did Not Play,Did Not Play,Did Not Play,Did Not Play,Did Not Play,Did Not Play,Did Not Play,Did Not Play,Did Not Play,Did Not Play,Doug Flutie,FlutDo00
97,90,2002,2002-09-29,4,4,,SDG,,NWE,W 21-14,Did Not Play,Did Not Play,Did Not Play,Did Not Play,Did Not Play,Did Not Play,Did Not Play,Did Not Play,Did Not Play,Did Not Play,Did Not Play,Did Not Play,Did Not Play,Did Not Play,Did Not Play,Did Not Play,Did Not Play,Did Not Play,Did Not Play,Did Not Play,Did Not Play,Did Not Play,Did Not Play,Did Not Play,Did Not Play,Did Not Play,Did Not Play,Did Not Play,Did Not Play,Did Not Play,Did Not Play,Did Not Play,Did Not Play,Did Not Play,Did Not Play,Did Not Play,Did Not Play,Doug Flutie,FlutDo00
98,91,2002,2002-10-06,5,5,,SDG,@,DEN,L 9-26,Did Not Play,Did Not Play,Did Not Play,Did Not Play,Did Not Play,Did Not Play,Did Not Play,Did Not Play,Did Not Play,Did Not Play,Did Not Play,Did Not Play,Did Not Play,Did Not Play,Did Not Play,Did Not Play,Did Not Play,Did Not Play,Did Not Play,Did Not Play,Did Not Play,Did Not Play,Did Not Play,Did Not Play,Did Not Play,Did Not Play,Did Not Play,Did Not Play,Did Not Play,Did Not Play,Did Not Play,Did Not Play,Did Not Play,Did Not Play,Did Not Play,Did Not Play,Did Not Play,Doug Flutie,FlutDo00
99,92,2002,2002-10-13,6,6,,SDG,,KAN,W 35-34,Did Not Play,Did Not Play,Did Not Play,Did Not Play,Did Not Play,Did Not Play,Did Not Play,Did Not Play,Did Not Play,Did Not Play,Did Not Play,Did Not Play,Did Not Play,Did Not Play,Did Not Play,Did Not Play,Did Not Play,Did Not Play,Did Not Play,Did Not Play,Did Not Play,Did Not Play,Did Not Play,Did Not Play,Did Not Play,Did Not Play,Did Not Play,Did Not Play,Did Not Play,Did Not Play,Did Not Play,Did Not Play,Did Not Play,Did Not Play,Did Not Play,Did Not Play,Did Not Play,Doug Flutie,FlutDo00
100,93,2002,2002-10-20,7,7,,SDG,@,OAK,W 27-21,Did Not Play,Did Not Play,Did Not Play,Did Not Play,Did Not Play,Did Not Play,Did Not Play,Did Not Play,Did Not Play,Did Not Play,Did Not Play,Did Not Play,Did Not Play,Did Not Play,Did Not Play,Did Not Play,Did Not Play,Did Not Play,Did Not Play,Did Not Play,Did Not Play,Did Not Play,Did Not Play,Did Not Play,Did Not Play,Did Not Play,Did Not Play,Did Not Play,Did Not Play,Did Not Play,Did Not Play,Did Not Play,Did Not Play,Did Not Play,Did Not Play,Did Not Play,Did Not Play,Doug Flutie,FlutDo00
101,94,2002,2002-11-03,8,9,,SDG,,NYJ,L 13-44,Did Not Play,Did Not Play,Did Not Play,Did Not Play,Did Not Play,Did Not Play,Did Not Play,Did Not Play,Did Not Play,Did Not Play,Did Not Play,Did Not Play,Did Not Play,Did Not Play,Did Not Play,Did Not Play,Did Not Play,Did Not Play,Did Not Play,Did Not Play,Did Not Play,Did Not Play,Did Not Play,Did Not Play,Did Not Play,Did Not Play,Did Not Play,Did Not Play,Did Not Play,Did Not Play,Did Not Play,Did Not Play,Did Not Play,Did Not Play,Did Not Play,Did Not Play,Did Not Play,Doug Flutie,FlutDo00
102,95,2002,2002-11-10,9,10,,SDG,@,STL,L 24-28,Did Not Play,Did Not Play,Did Not Play,Did Not Play,Did Not Play,Did Not Play,Did Not Play,Did Not Play,Did Not Play,Did Not Play,Did Not Play,Did Not Play,Did Not Play,Did Not Play,Did Not Play,Did Not Play,Did Not Play,Did Not Play,Did Not Play,Did Not Play,Did Not Play,Did Not Play,Did Not Play,Did Not Play,Did Not Play,Did Not Play,Did Not Play,Did Not Play,Did Not Play,Did Not Play,Did Not Play,Did Not Play,Did Not Play,Did Not Play,Did Not Play,Did Not Play,Did Not Play,Doug Flutie,FlutDo00
103,96,2002,2002-11-17,10,11,,SDG,,SFO,W 20-17,Did Not Play,Did Not Play,Did Not Play,Did Not Play,Did Not Play,Did Not Play,Did Not Play,Did Not Play,Did Not Play,Did Not Play,Did Not Play,Did Not Play,Did Not Play,Did Not Play,Did Not Play,Did Not Play,Did Not Play,Did Not Play,Did Not Play,Did Not Play,Did Not Play,Did Not Play,Did Not Play,Did Not Play,Did Not Play,Did Not Play,Did Not Play,Did Not Play,Did Not Play,Did Not Play,Did Not Play,Did Not Play,Did Not Play,Did Not Play,Did Not Play,Did Not Play,Did Not Play,Doug Flutie,FlutDo00
104,97,2002,2002-11-24,11,12,,SDG,@,MIA,L 3-30,Did Not Play,Did Not Play,Did Not Play,Did Not Play,Did Not Play,Did Not Play,Did Not Play,Did Not Play,Did Not Play,Did Not Play,Did Not Play,Did Not Play,Did Not Play,Did Not Play,Did Not Play,Did Not Play,Did Not Play,Did Not Play,Did Not Play,Did Not Play,Did Not Play,Did Not Play,Did Not Play,Did Not Play,Did Not Play,Did Not Play,Did Not Play,Did Not Play,Did Not Play,Did Not Play,Did Not Play,Did Not Play,Did Not Play,Did Not Play,Did Not Play,Did Not Play,Did Not Play,Doug Flutie,FlutDo00
105,98,2002,2002-12-01,12,13,,SDG,,DEN,W 30-27,Did Not Play,Did Not Play,Did Not Play,Did Not Play,Did Not Play,Did Not Play,Did Not Play,Did Not Play,Did Not Play,Did Not Play,Did Not Play,Did Not Play,Did Not Play,Did Not Play,Did Not Play,Did Not Play,Did Not Play,Did Not Play,Did Not Play,Did Not Play,Did Not Play,Did Not Play,Did Not Play,Did Not Play,Did Not Play,Did Not Play,Did Not Play,Did Not Play,Did Not Play,Did Not Play,Did Not Play,Did Not Play,Did Not Play,Did Not Play,Did Not Play,Did Not Play,Did Not Play,Doug Flutie,FlutDo00
106,99,2002,2002-12-08,13,14,,SDG,,OAK,L 7-27,Did Not Play,Did Not Play,Did Not Play,Did Not Play,Did Not Play,Did Not Play,Did Not Play,Did Not Play,Did Not Play,Did Not Play,Did Not Play,Did Not Play,Did Not Play,Did Not Play,Did Not Play,Did Not Play,Did Not Play,Did Not Play,Did Not Play,Did Not Play,Did Not Play,Did Not Play,Did Not Play,Did Not Play,Did Not Play,Did Not Play,Did Not Play,Did Not Play,Did Not Play,Did Not Play,Did Not Play,Did Not Play,Did Not Play,Did Not Play,Did Not Play,Did Not Play,Did Not Play,Doug Flutie,FlutDo00
107,100,2002,2002-12-15,14,15,40.053,SDG,@,BUF,L 13-20,,3,11,27.27,64,0,0,51.3,0,0,5.82,5.82,1,6,6.00,0,,,,,,,0,0,0.0,,,,,,0,,0,0,0,0,,Doug Flutie,FlutDo00
108,101,2002,2002-12-22,15,16,,SDG,@,KAN,L 22-24,Did Not Play,Did Not Play,Did Not Play,Did Not Play,Did Not Play,Did Not Play,Did Not Play,Did Not Play,Did Not Play,Did Not Play,Did Not Play,Did Not Play,Did Not Play,Did Not Play,Did Not Play,Did Not Play,Did Not Play,Did Not Play,Did Not Play,Did Not Play,Did Not Play,Did Not Play,Did Not Play,Did Not Play,Did Not Play,Did Not Play,Did Not Play,Did Not Play,Did Not Play,Did Not Play,Did Not Play,Did Not Play,Did Not Play,Did Not Play,Did Not Play,Did Not Play,Did Not Play,Doug Flutie,FlutDo00
109,102,2002,2002-12-29,16,17,,SDG,,SEA,L 28-31,Did Not Play,Did Not Play,Did Not Play,Did Not Play,Did Not Play,Did Not Play,Did Not Play,Did Not Play,Did Not Play,Did Not Play,Did Not Play,Did Not Play,Did Not Play,Did Not Play,Did Not Play,Did Not Play,Did Not Play,Did Not Play,Did Not Play,Did Not Play,Did Not Play,Did Not Play,Did Not Play,Did Not Play,Did Not Play,Did Not Play,Did Not Play,Did Not Play,Did Not Play,Did Not Play,Did Not Play,Did Not Play,Did Not Play,Did Not Play,Did Not Play,Did Not Play,Did Not Play,Doug Flutie,FlutDo00
110,Rk,Year,Date,G#,Week,Age,Tm,,Opp,Result,GS,Cmp,Att,Cmp%,Yds,TD,Int,Rate,Sk,Yds,Y/A,AY/A,Att,Yds,Y/A,TD,XPM,XPA,XP%,FGM,FGA,FG%,TD,Pts,Sk,Solo,Ast,Comb,TFL,QBHits,Fmb,FL,FF,FR,Yds,TD,Status,Doug Flutie,FlutDo00
111,103,2003,2003-09-07,1,1,,SDG,@,KAN,L 14-27,Did Not Play,Did Not Play,Did Not Play,Did Not Play,Did Not Play,Did Not Play,Did Not Play,Did Not Play,Did Not Play,Did Not Play,Did Not Play,Did Not Play,Did Not Play,Did Not Play,Did Not Play,Did Not Play,Did Not Play,Did Not Play,Did Not Play,Did Not Play,Did Not Play,Did Not Play,Did Not Play,Did Not Play,Did Not Play,Did Not Play,Did Not Play,Did Not Play,Did Not Play,Did Not Play,Did Not Play,Did Not Play,Did Not Play,Did Not Play,Did Not Play,Did Not Play,Did Not Play,Doug Flutie,FlutDo00
112,104,2003,2003-09-14,2,2,,SDG,,DEN,L 13-37,Did Not Play,Did Not Play,Did Not Play,Did Not Play,Did Not Play,Did Not Play,Did Not Play,Did Not Play,Did Not Play,Did Not Play,Did Not Play,Did Not Play,Did Not Play,Did Not Play,Did Not Play,Did Not Play,Did Not Play,Did Not Play,Did Not Play,Did Not Play,Did Not Play,Did Not Play,Did Not Play,Did Not Play,Did Not Play,Did Not Play,Did Not Play,Did Not Play,Did Not Play,Did Not Play,Did Not Play,Did Not Play,Did Not Play,Did Not Play,Did Not Play,Did Not Play,Did Not Play,Doug Flutie,FlutDo00
113,105,2003,2003-09-21,3,3,,SDG,,BAL,L 10-24,Did Not Play,Did Not Play,Did Not Play,Did Not Play,Did Not Play,Did Not Play,Did Not Play,Did Not Play,Did Not Play,Did Not Play,Did Not Play,Did Not Play,Did Not Play,Did Not Play,Did Not Play,Did Not Play,Did Not Play,Did Not Play,Did Not Play,Did Not Play,Did Not Play,Did Not Play,Did Not Play,Did Not Play,Did Not Play,Did Not Play,Did Not Play,Did Not Play,Did Not Play,Did Not Play,Did Not Play,Did Not Play,Did Not Play,Did Not Play,Did Not Play,Did Not Play,Did Not Play,Doug Flutie,FlutDo00
114,106,2003,2003-09-28,4,4,,SDG,@,OAK,L 31-34,Did Not Play,Did Not Play,Did Not Play,Did Not Play,Did Not Play,Did Not Play,Did Not Play,Did Not Play,Did Not Play,Did Not Play,Did Not Play,Did Not Play,Did Not Play,Did Not Play,Did Not Play,Did Not Play,Did Not Play,Did Not Play,Did Not Play,Did Not Play,Did Not Play,Did Not Play,Did Not Play,Did Not Play,Did Not Play,Did Not Play,Did Not Play,Did Not Play,Did Not Play,Did Not Play,Did Not Play,Did Not Play,Did Not Play,Did Not Play,Did Not Play,Did Not Play,Did Not Play,Doug Flutie,FlutDo00
115,107,2003,2003-10-05,5,5,,SDG,@,JAX,L 21-27,Did Not Play,Did Not Play,Did Not Play,Did Not Play,Did Not Play,Did Not Play,Did Not Play,Did Not Play,Did Not Play,Did Not Play,Did Not Play,Did Not Play,Did Not Play,Did Not Play,Did Not Play,Did Not Play,Did Not Play,Did Not Play,Did Not Play,Did Not Play,Did Not Play,Did Not Play,Did Not Play,Did Not Play,Did Not Play,Did Not Play,Did Not Play,Did Not Play,Did Not Play,Did Not Play,Did Not Play,Did Not Play,Did Not Play,Did Not Play,Did Not Play,Did Not Play,Did Not Play,Doug Flutie,FlutDo00
116,108,2003,2003-10-19,6,7,,SDG,@,CLE,W 26-20,Did Not Play,Did Not Play,Did Not Play,Did Not Play,Did Not Play,Did Not Play,Did Not Play,Did Not Play,Did Not Play,Did Not Play,Did Not Play,Did Not Play,Did Not Play,Did Not Play,Did Not Play,Did Not Play,Did Not Play,Did Not Play,Did Not Play,Did Not Play,Did Not Play,Did Not Play,Did Not Play,Did Not Play,Did Not Play,Did Not Play,Did Not Play,Did Not Play,Did Not Play,Did Not Play,Did Not Play,Did Not Play,Did Not Play,Did Not Play,Did Not Play,Did Not Play,Did Not Play,Doug Flutie,FlutDo00
117,109,2003,2003-10-27,7,8,,SDG,,MIA,L 10-26,Did Not Play,Did Not Play,Did Not Play,Did Not Play,Did Not Play,Did Not Play,Did Not Play,Did Not Play,Did Not Play,Did Not Play,Did Not Play,Did Not Play,Did Not Play,Did Not Play,Did Not Play,Did Not Play,Did Not Play,Did Not Play,Did Not Play,Did Not Play,Did Not Play,Did Not Play,Did Not Play,Did Not Play,Did Not Play,Did Not Play,Did Not Play,Did Not Play,Did Not Play,Did Not Play,Did Not Play,Did Not Play,Did Not Play,Did Not Play,Did Not Play,Did Not Play,Did Not Play,Doug Flutie,FlutDo00
118,110,2003,2003-11-02,8,9,41.010,SDG,@,CHI,L 7-20,,8,11,72.73,70,0,0,89.2,0,0,6.36,6.36,2,19,9.50,0,,,,,,,0,0,0.0,,,,,,0,,0,0,0,0,,Doug Flutie,FlutDo00
119,111,2003,2003-11-09,9,10,41.017,SDG,,MIN,W 42-28,*,21,29,72.41,248,2,0,121.0,2,1,8.55,9.93,6,18,3.00,2,,,,,,,2,12,0.0,0,0,0,0,,2,0,0,1,-9,0,,Doug Flutie,FlutDo00
120,112,2003,2003-11-16,10,11,41.024,SDG,@,DEN,L 8-37,*,9,25,36.00,70,1,1,41.2,2,14,2.80,1.80,5,11,2.20,0,,,,,,,0,0,0.0,,,,,,3,0,0,0,-3,0,,Doug Flutie,FlutDo00
121,113,2003,2003-11-23,11,12,41.031,SDG,,CIN,L 27-34,*,15,33,45.45,210,2,0,86.7,2,3,6.36,7.58,2,14,7.00,0,,,,,,,0,0,0.0,,,,,,0,,0,0,0,0,,Doug Flutie,FlutDo00
122,114,2003,2003-11-30,12,13,41.038,SDG,,KAN,L 24-28,*,16,34,47.06,213,2,2,62.5,1,2,6.26,4.79,8,53,6.63,0,,,,,,,0,0,0.0,,,,,,1,1,0,0,-4,0,,Doug Flutie,FlutDo00
123,115,2003,2003-12-07,13,14,41.045,SDG,@,DET,W 14-7,*,17,25,68.00,244,2,1,109.4,0,0,9.76,9.56,7,30,4.29,0,,,,,,,0,0,0.0,,,,,,1,1,0,0,0,0,,Doug Flutie,FlutDo00
124,116,2003,2003-12-14,14,15,,SDG,,GNB,L 21-38,Did Not Play,Did Not Play,Did Not Play,Did Not Play,Did Not Play,Did Not Play,Did Not Play,Did Not Play,Did Not Play,Did Not Play,Did Not Play,Did Not Play,Did Not Play,Did Not Play,Did Not Play,Did Not Play,Did Not Play,Did Not Play,Did Not Play,Did Not Play,Did Not Play,Did Not Play,Did Not Play,Did Not Play,Did Not Play,Did Not Play,Did Not Play,Did Not Play,Did Not Play,Did Not Play,Did Not Play,Did Not Play,Did Not Play,Did Not Play,Did Not Play,Did Not Play,Did Not Play,Doug Flutie,FlutDo00
125,117,2003,2003-12-21,15,16,41.059,SDG,@,PIT,L 24-40,,5,10,50.00,42,0,0,61.2,1,7,4.20,4.20,3,23,7.67,0,,,,,,,0,0,0.0,,,,,,0,,0,0,0,0,,Doug Flutie,FlutDo00
126,118,2003,2003-12-28,16,17,,SDG,,OAK,W 21-14,Did Not Play,Did Not Play,Did Not Play,Did Not Play,Did Not Play,Did Not Play,Did Not Play,Did Not Play,Did Not Play,Did Not Play,Did Not Play,Did Not Play,Did Not Play,Did Not Play,Did Not Play,Did Not Play,Did Not Play,Did Not Play,Did Not Play,Did Not Play,Did Not Play,Did Not Play,Did Not Play,Did Not Play,Did Not Play,Did Not Play,Did Not Play,Did Not Play,Did Not Play,Did Not Play,Did Not Play,Did Not Play,Did Not Play,Did Not Play,Did Not Play,Did Not Play,Did Not Play,Doug Flutie,FlutDo00
127,Rk,Year,Date,G#,Week,Age,Tm,,Opp,Result,GS,Cmp,Att,Cmp%,Yds,TD,Int,Rate,Sk,Yds,Y/A,AY/A,Att,Yds,Y/A,TD,XPM,XPA,XP%,FGM,FGA,FG%,TD,Pts,Sk,Solo,Ast,Comb,TFL,QBHits,Fmb,FL,FF,FR,Yds,TD,Status,Doug Flutie,FlutDo00
128,119,2004,2004-09-12,1,1,,SDG,@,HOU,W 27-20,Did Not Play,Did Not Play,Did Not Play,Did Not Play,Did Not Play,Did Not Play,Did Not Play,Did Not Play,Did Not Play,Did Not Play,Did Not Play,Did Not Play,Did Not Play,Did Not Play,Did Not Play,Did Not Play,Did Not Play,Did Not Play,Did Not Play,Did Not Play,Did Not Play,Did Not Play,Did Not Play,Did Not Play,Did Not Play,Did Not Play,Did Not Play,Did Not Play,Did Not Play,Did Not Play,Did Not Play,Did Not Play,Did Not Play,Did Not Play,Did Not Play,Did Not Play,Did Not Play,Doug Flutie,FlutDo00
129,120,2004,2004-09-19,2,2,41.332,SDG,,NYJ,L 28-34,,7,16,43.75,77,0,0,58.6,0,0,4.81,4.81,2,14,7.00,1,,,,,,,1,6,0.0,,,,,,0,,0,0,0,0,,Doug Flutie,FlutDo00
130,121,2004,2004-09-26,3,3,,SDG,@,DEN,L 13-23,Did Not Play,Did Not Play,Did Not Play,Did Not Play,Did Not Play,Did Not Play,Did Not Play,Did Not Play,Did Not Play,Did Not Play,Did Not Play,Did Not Play,Did Not Play,Did Not Play,Did Not Play,Did Not Play,Did Not Play,Did Not Play,Did Not Play,Did Not Play,Did Not Play,Did Not Play,Did Not Play,Did Not Play,Did Not Play,Did Not Play,Did Not Play,Did Not Play,Did Not Play,Did Not Play,Did Not Play,Did Not Play,Did Not Play,Did Not Play,Did Not Play,Did Not Play,Did Not Play,Doug Flutie,FlutDo00
131,122,2004,2004-10-03,4,4,,SDG,,TEN,W 38-17,Inactive,Inactive,Inactive,Inactive,Inactive,Inactive,Inactive,Inactive,Inactive,Inactive,Inactive,Inactive,Inactive,Inactive,Inactive,Inactive,Inactive,Inactive,Inactive,Inactive,Inactive,Inactive,Inactive,Inactive,Inactive,Inactive,Inactive,Inactive,Inactive,Inactive,Inactive,Inactive,Inactive,Inactive,Inactive,Inactive,Inactive,Doug Flutie,FlutDo00
132,123,2004,2004-10-10,5,5,,SDG,,JAX,W 34-21,Inactive,Inactive,Inactive,Inactive,Inactive,Inactive,Inactive,Inactive,Inactive,Inactive,Inactive,Inactive,Inactive,Inactive,Inactive,Inactive,Inactive,Inactive,Inactive,Inactive,Inactive,Inactive,Inactive,Inactive,Inactive,Inactive,Inactive,Inactive,Inactive,Inactive,Inactive,Inactive,Inactive,Inactive,Inactive,Inactive,Inactive,Doug Flutie,FlutDo00
133,124,2004,2004-10-17,6,6,,SDG,@,ATL,L 20-21,Inactive,Inactive,Inactive,Inactive,Inactive,Inactive,Inactive,Inactive,Inactive,Inactive,Inactive,Inactive,Inactive,Inactive,Inactive,Inactive,Inactive,Inactive,Inactive,Inactive,Inactive,Inactive,Inactive,Inactive,Inactive,Inactive,Inactive,Inactive,Inactive,Inactive,Inactive,Inactive,Inactive,Inactive,Inactive,Inactive,Inactive,Doug Flutie,FlutDo00
134,125,2004,2004-10-24,7,7,,SDG,@,CAR,W 17-6,Inactive,Inactive,Inactive,Inactive,Inactive,Inactive,Inactive,Inactive,Inactive,Inactive,Inactive,Inactive,Inactive,Inactive,Inactive,Inactive,Inactive,Inactive,Inactive,Inactive,Inactive,Inactive,Inactive,Inactive,Inactive,Inactive,Inactive,Inactive,Inactive,Inactive,Inactive,Inactive,Inactive,Inactive,Inactive,Inactive,Inactive,Doug Flutie,FlutDo00
135,126,2004,2004-10-31,8,8,,SDG,,OAK,W 42-14,Inactive,Inactive,Inactive,Inactive,Inactive,Inactive,Inactive,Inactive,Inactive,Inactive,Inactive,Inactive,Inactive,Inactive,Inactive,Inactive,Inactive,Inactive,Inactive,Inactive,Inactive,Inactive,Inactive,Inactive,Inactive,Inactive,Inactive,Inactive,Inactive,Inactive,Inactive,Inactive,Inactive,Inactive,Inactive,Inactive,Inactive,Doug Flutie,FlutDo00
136,127,2004,2004-11-07,9,9,,SDG,,NOR,W 43-17,Inactive,Inactive,Inactive,Inactive,Inactive,Inactive,Inactive,Inactive,Inactive,Inactive,Inactive,Inactive,Inactive,Inactive,Inactive,Inactive,Inactive,Inactive,Inactive,Inactive,Inactive,Inactive,Inactive,Inactive,Inactive,Inactive,Inactive,Inactive,Inactive,Inactive,Inactive,Inactive,Inactive,Inactive,Inactive,Inactive,Inactive,Doug Flutie,FlutDo00
137,128,2004,2004-11-21,10,11,,SDG,@,OAK,W 23-17,Inactive,Inactive,Inactive,Inactive,Inactive,Inactive,Inactive,Inactive,Inactive,Inactive,Inactive,Inactive,Inactive,Inactive,Inactive,Inactive,Inactive,Inactive,Inactive,Inactive,Inactive,Inactive,Inactive,Inactive,Inactive,Inactive,Inactive,Inactive,Inactive,Inactive,Inactive,Inactive,Inactive,Inactive,Inactive,Inactive,Inactive,Doug Flutie,FlutDo00
138,129,2004,2004-11-28,11,12,,SDG,@,KAN,W 34-31,Inactive,Inactive,Inactive,Inactive,Inactive,Inactive,Inactive,Inactive,Inactive,Inactive,Inactive,Inactive,Inactive,Inactive,Inactive,Inactive,Inactive,Inactive,Inactive,Inactive,Inactive,Inactive,Inactive,Inactive,Inactive,Inactive,Inactive,Inactive,Inactive,Inactive,Inactive,Inactive,Inactive,Inactive,Inactive,Inactive,Inactive,Doug Flutie,FlutDo00
139,130,2004,2004-12-05,12,13,,SDG,,DEN,W 20-17,Inactive,Inactive,Inactive,Inactive,Inactive,Inactive,Inactive,Inactive,Inactive,Inactive,Inactive,Inactive,Inactive,Inactive,Inactive,Inactive,Inactive,Inactive,Inactive,Inactive,Inactive,Inactive,Inactive,Inactive,Inactive,Inactive,Inactive,Inactive,Inactive,Inactive,Inactive,Inactive,Inactive,Inactive,Inactive,Inactive,Inactive,Doug Flutie,FlutDo00
140,131,2004,2004-12-12,13,14,,SDG,,TAM,W 31-24,Inactive,Inactive,Inactive,Inactive,Inactive,Inactive,Inactive,Inactive,Inactive,Inactive,Inactive,Inactive,Inactive,Inactive,Inactive,Inactive,Inactive,Inactive,Inactive,Inactive,Inactive,Inactive,Inactive,Inactive,Inactive,Inactive,Inactive,Inactive,Inactive,Inactive,Inactive,Inactive,Inactive,Inactive,Inactive,Inactive,Inactive,Doug Flutie,FlutDo00
141,132,2004,2004-12-19,14,15,,SDG,@,CLE,W 21-0,Did Not Play,Did Not Play,Did Not Play,Did Not Play,Did Not Play,Did Not Play,Did Not Play,Did Not Play,Did Not Play,Did Not Play,Did Not Play,Did Not Play,Did Not Play,Did Not Play,Did Not Play,Did Not Play,Did Not Play,Did Not Play,Did Not Play,Did Not Play,Did Not Play,Did Not Play,Did Not Play,Did Not Play,Did Not Play,Did Not Play,Did Not Play,Did Not Play,Did Not Play,Did Not Play,Did Not Play,Did Not Play,Did Not Play,Did Not Play,Did Not Play,Did Not Play,Did Not Play,Doug Flutie,FlutDo00
142,133,2004,2004-12-26,15,16,,SDG,@,IND,L 31-34,Did Not Play,Did Not Play,Did Not Play,Did Not Play,Did Not Play,Did Not Play,Did Not Play,Did Not Play,Did Not Play,Did Not Play,Did Not Play,Did Not Play,Did Not Play,Did Not Play,Did Not Play,Did Not Play,Did Not Play,Did Not Play,Did Not Play,Did Not Play,Did Not Play,Did Not Play,Did Not Play,Did Not Play,Did Not Play,Did Not Play,Did Not Play,Did Not Play,Did Not Play,Did Not Play,Did Not Play,Did Not Play,Did Not Play,Did Not Play,Did Not Play,Did Not Play,Did Not Play,Doug Flutie,FlutDo00
143,134,2004,2005-01-02,16,17,42.071,SDG,,KAN,W 24-17,*,13,22,59.09,199,1,0,104.2,1,7,9.05,9.95,3,25,8.33,1,,,,,,,1,6,0.0,0,0,0,0,,0,,0,0,0,0,,Doug Flutie,FlutDo00
144,Rk,Year,Date,G#,Week,Age,Tm,,Opp,Result,GS,Cmp,Att,Cmp%,Yds,TD,Int,Rate,Sk,Yds,Y/A,AY/A,Att,Yds,Y/A,TD,XPM,XPA,XP%,FGM,FGA,FG%,TD,Pts,Sk,Solo,Ast,Comb,TFL,QBHits,Fmb,FL,FF,FR,Yds,TD,Status,Doug Flutie,FlutDo00
145,135,2005,2005-09-08,1,1,,NWE,,OAK,W 30-20,Did Not Play,Did Not Play,Did Not Play,Did Not Play,Did Not Play,Did Not Play,Did Not Play,Did Not Play,Did Not Play,Did Not Play,Did Not Play,Did Not Play,Did Not Play,Did Not Play,Did Not Play,Did Not Play,Did Not Play,Did Not Play,Did Not Play,Did Not Play,Did Not Play,Did Not Play,Did Not Play,Did Not Play,Did Not Play,Did Not Play,Did Not Play,Did Not Play,Did Not Play,Did Not Play,Did Not Play,Did Not Play,Did Not Play,Did Not Play,Did Not Play,Did Not Play,Did Not Play,Doug Flutie,FlutDo00
146,136,2005,2005-09-18,2,2,,NWE,@,CAR,L 17-27,Did Not Play,Did Not Play,Did Not Play,Did Not Play,Did Not Play,Did Not Play,Did Not Play,Did Not Play,Did Not Play,Did Not Play,Did Not Play,Did Not Play,Did Not Play,Did Not Play,Did Not Play,Did Not Play,Did Not Play,Did Not Play,Did Not Play,Did Not Play,Did Not Play,Did Not Play,Did Not Play,Did Not Play,Did Not Play,Did Not Play,Did Not Play,Did Not Play,Did Not Play,Did Not Play,Did Not Play,Did Not Play,Did Not Play,Did Not Play,Did Not Play,Did Not Play,Did Not Play,Doug Flutie,FlutDo00
147,137,2005,2005-09-25,3,3,,NWE,@,PIT,W 23-20,Did Not Play,Did Not Play,Did Not Play,Did Not Play,Did Not Play,Did Not Play,Did Not Play,Did Not Play,Did Not Play,Did Not Play,Did Not Play,Did Not Play,Did Not Play,Did Not Play,Did Not Play,Did Not Play,Did Not Play,Did Not Play,Did Not Play,Did Not Play,Did Not Play,Did Not Play,Did Not Play,Did Not Play,Did Not Play,Did Not Play,Did Not Play,Did Not Play,Did Not Play,Did Not Play,Did Not Play,Did Not Play,Did Not Play,Did Not Play,Did Not Play,Did Not Play,Did Not Play,Doug Flutie,FlutDo00
148,138,2005,2005-10-02,4,4,,NWE,,SDG,L 17-41,Did Not Play,Did Not Play,Did Not Play,Did Not Play,Did Not Play,Did Not Play,Did Not Play,Did Not Play,Did Not Play,Did Not Play,Did Not Play,Did Not Play,Did Not Play,Did Not Play,Did Not Play,Did Not Play,Did Not Play,Did Not Play,Did Not Play,Did Not Play,Did Not Play,Did Not Play,Did Not Play,Did Not Play,Did Not Play,Did Not Play,Did Not Play,Did Not Play,Did Not Play,Did Not Play,Did Not Play,Did Not Play,Did Not Play,Did Not Play,Did Not Play,Did Not Play,Did Not Play,Doug Flutie,FlutDo00
149,139,2005,2005-10-09,5,5,,NWE,@,ATL,W 31-28,Did Not Play,Did Not Play,Did Not Play,Did Not Play,Did Not Play,Did Not Play,Did Not Play,Did Not Play,Did Not Play,Did Not Play,Did Not Play,Did Not Play,Did Not Play,Did Not Play,Did Not Play,Did Not Play,Did Not Play,Did Not Play,Did Not Play,Did Not Play,Did Not Play,Did Not Play,Did Not Play,Did Not Play,Did Not Play,Did Not Play,Did Not Play,Did Not Play,Did Not Play,Did Not Play,Did Not Play,Did Not Play,Did Not Play,Did Not Play,Did Not Play,Did Not Play,Did Not Play,Doug Flutie,FlutDo00
150,140,2005,2005-10-16,6,6,,NWE,@,DEN,L 20-28,Did Not Play,Did Not Play,Did Not Play,Did Not Play,Did Not Play,Did Not Play,Did Not Play,Did Not Play,Did Not Play,Did Not Play,Did Not Play,Did Not Play,Did Not Play,Did Not Play,Did Not Play,Did Not Play,Did Not Play,Did Not Play,Did Not Play,Did Not Play,Did Not Play,Did Not Play,Did Not Play,Did Not Play,Did Not Play,Did Not Play,Did Not Play,Did Not Play,Did Not Play,Did Not Play,Did Not Play,Did Not Play,Did Not Play,Did Not Play,Did Not Play,Did Not Play,Did Not Play,Doug Flutie,FlutDo00
151,141,2005,2005-10-30,7,8,,NWE,,BUF,W 21-16,Did Not Play,Did Not Play,Did Not Play,Did Not Play,Did Not Play,Did Not Play,Did Not Play,Did Not Play,Did Not Play,Did Not Play,Did Not Play,Did Not Play,Did Not Play,Did Not Play,Did Not Play,Did Not Play,Did Not Play,Did Not Play,Did Not Play,Did Not Play,Did Not Play,Did Not Play,Did Not Play,Did Not Play,Did Not Play,Did Not Play,Did Not Play,Did Not Play,Did Not Play,Did Not Play,Did Not Play,Did Not Play,Did Not Play,Did Not Play,Did Not Play,Did Not Play,Did Not Play,Doug Flutie,FlutDo00
152,142,2005,2005-11-07,8,9,43.015,NWE,,IND,L 21-40,,3,7,42.86,20,0,0,50.3,1,13,2.86,2.86,0,0,,0,,,,,,,0,0,0.0,,,,,,1,1,0,0,0,0,,Doug Flutie,FlutDo00
153,143,2005,2005-11-13,9,10,,NWE,@,MIA,W 23-16,Did Not Play,Did Not Play,Did Not Play,Did Not Play,Did Not Play,Did Not Play,Did Not Play,Did Not Play,Did Not Play,Did Not Play,Did Not Play,Did Not Play,Did Not Play,Did Not Play,Did Not Play,Did Not Play,Did Not Play,Did Not Play,Did Not Play,Did Not Play,Did Not Play,Did Not Play,Did Not Play,Did Not Play,Did Not Play,Did Not Play,Did Not Play,Did Not Play,Did Not Play,Did Not Play,Did Not Play,Did Not Play,Did Not Play,Did Not Play,Did Not Play,Did Not Play,Did Not Play,Doug Flutie,FlutDo00
154,144,2005,2005-11-20,10,11,,NWE,,NOR,W 24-17,Did Not Play,Did Not Play,Did Not Play,Did Not Play,Did Not Play,Did Not Play,Did Not Play,Did Not Play,Did Not Play,Did Not Play,Did Not Play,Did Not Play,Did Not Play,Did Not Play,Did Not Play,Did Not Play,Did Not Play,Did Not Play,Did Not Play,Did Not Play,Did Not Play,Did Not Play,Did Not Play,Did Not Play,Did Not Play,Did Not Play,Did Not Play,Did Not Play,Did Not Play,Did Not Play,Did Not Play,Did Not Play,Did Not Play,Did Not Play,Did Not Play,Did Not Play,Did Not Play,Doug Flutie,FlutDo00
155,145,2005,2005-11-27,11,12,,NWE,@,KAN,L 16-26,Did Not Play,Did Not Play,Did Not Play,Did Not Play,Did Not Play,Did Not Play,Did Not Play,Did Not Play,Did Not Play,Did Not Play,Did Not Play,Did Not Play,Did Not Play,Did Not Play,Did Not Play,Did Not Play,Did Not Play,Did Not Play,Did Not Play,Did Not Play,Did Not Play,Did Not Play,Did Not Play,Did Not Play,Did Not Play,Did Not Play,Did Not Play,Did Not Play,Did Not Play,Did Not Play,Did Not Play,Did Not Play,Did Not Play,Did Not Play,Did Not Play,Did Not Play,Did Not Play,Doug Flutie,FlutDo00
156,146,2005,2005-12-04,12,13,,NWE,,NYJ,W 16-3,Did Not Play,Did Not Play,Did Not Play,Did Not Play,Did Not Play,Did Not Play,Did Not Play,Did Not Play,Did Not Play,Did Not Play,Did Not Play,Did Not Play,Did Not Play,Did Not Play,Did Not Play,Did Not Play,Did Not Play,Did Not Play,Did Not Play,Did Not Play,Did Not Play,Did Not Play,Did Not Play,Did Not Play,Did Not Play,Did Not Play,Did Not Play,Did Not Play,Did Not Play,Did Not Play,Did Not Play,Did Not Play,Did Not Play,Did Not Play,Did Not Play,Did Not Play,Did Not Play,Doug Flutie,FlutDo00
157,147,2005,2005-12-11,13,14,43.049,NWE,@,BUF,W 35-7,,1,2,50.00,7,0,0,58.3,0,0,3.50,3.50,1,2,2.00,0,,,,,,,0,0,0.0,,,,,,0,,0,0,0,0,,Doug Flutie,FlutDo00
158,148,2005,2005-12-17,14,15,43.055,NWE,,TAM,W 28-0,,0,0,,0,0,0,,0,,,,2,-2,-1.00,0,,,,,,,0,0,0.0,,,,,,0,,0,0,0,0,,Doug Flutie,FlutDo00
159,149,2005,2005-12-26,15,16,43.064,NWE,@,NYJ,W 31-21,,1,1,100.00,2,0,0,79.2,0,0,2.00,2.00,2,-1,-0.50,0,,,,,,,0,0,0.0,,,,,,1,0,0,1,-9,0,,Doug Flutie,FlutDo00
160,150,2005,2006-01-01,16,17,43.070,NWE,,MIA,L 26-28,,0,0,,0,0,0,,0,,,,0,0,,0,1,1,100.0,,,,0,1,0.0,,,,,,0,,0,0,0,0,,Doug Flutie,FlutDo00
161,,,92 Games,,,,,,,49-43-0,,1177,2151,54.72,14715,86,68,76.3,107,687,6.84,6.22,338,1634,4.83,10,1,1,100.0,,,,10,61,0.0,0,1,1,0,,30,11,0,14,-60,0,,Doug Flutie,FlutDo00
