,Unnamed: 0_level_0,Unnamed: 1_level_0,Unnamed: 2_level_0,Unnamed: 3_level_0,Unnamed: 4_level_0,Unnamed: 5_level_0,Unnamed: 6_level_0,Unnamed: 7_level_0,Unnamed: 8_level_0,Unnamed: 9_level_0,Unnamed: 10_level_0,Passing,Passing,Passing,Passing,Passing,Passing,Passing,Passing,Passing,Passing,Passing,Rushing,Rushing,Rushing,Rushing,Receiving,Receiving,Receiving,Receiving,Receiving,Receiving,Receiving,Scoring,Scoring,Fumbles,Fumbles,Fumbles,Fumbles,Fumbles,Fumbles,Unnamed: 41_level_0,qb,qb_tag
,Rk,Year,Date,G#,Week,Age,Tm,Unnamed: 7_level_1,Opp,Result,GS,Cmp,Att,Cmp%,Yds,TD,Int,Rate,Sk,Yds.1,Y/A,AY/A,Att,Yds,Y/A,TD,Tgt,Rec,Yds,Y/R,TD,Ctch%,Y/Tgt,TD,Pts,Fmb,FL,FF,FR,Yds,TD,Status,,
0,1,1998,1998-09-07,1,1,,DEN,,NWE,W 27-21,Inactive,Inactive,Inactive,Inactive,Inactive,Inactive,Inactive,Inactive,Inactive,Inactive,Inactive,Inactive,Inactive,Inactive,Inactive,Inactive,Inactive,Inactive,Inactive,Inactive,Inactive,Inactive,Inactive,Inactive,Inactive,Inactive,Inactive,Inactive,Inactive,Inactive,Inactive,Inactive,Brian Griese,GrieBr00
1,2,1998,1998-09-13,2,2,,DEN,,DAL,W 42-23,Inactive,Inactive,Inactive,Inactive,Inactive,Inactive,Inactive,Inactive,Inactive,Inactive,Inactive,Inactive,Inactive,Inactive,Inactive,Inactive,Inactive,Inactive,Inactive,Inactive,Inactive,Inactive,Inactive,Inactive,Inactive,Inactive,Inactive,Inactive,Inactive,Inactive,Inactive,Inactive,Brian Griese,GrieBr00
2,3,1998,1998-09-20,3,3,,DEN,@,OAK,W 34-17,Inactive,Inactive,Inactive,Inactive,Inactive,Inactive,Inactive,Inactive,Inactive,Inactive,Inactive,Inactive,Inactive,Inactive,Inactive,Inactive,Inactive,Inactive,Inactive,Inactive,Inactive,Inactive,Inactive,Inactive,Inactive,Inactive,Inactive,Inactive,Inactive,Inactive,Inactive,Inactive,Brian Griese,GrieBr00
3,4,1998,1998-09-27,4,4,,DEN,@,WAS,W 38-16,Inactive,Inactive,Inactive,Inactive,Inactive,Inactive,Inactive,Inactive,Inactive,Inactive,Inactive,Inactive,Inactive,Inactive,Inactive,Inactive,Inactive,Inactive,Inactive,Inactive,Inactive,Inactive,Inactive,Inactive,Inactive,Inactive,Inactive,Inactive,Inactive,Inactive,Inactive,Inactive,Brian Griese,GrieBr00
4,5,1998,1998-10-04,5,5,23.200,DEN,,PHI,W 41-16,,1,3,33.33,2,0,1,2.8,0,0,0.67,-14.33,4,-4,-1.00,0,0,0,0,,0,0.0%,,0,0,1,0,0,0,-1,0,,Brian Griese,GrieBr00
5,6,1998,1998-10-11,6,6,,DEN,@,SEA,W 21-16,Inactive,Inactive,Inactive,Inactive,Inactive,Inactive,Inactive,Inactive,Inactive,Inactive,Inactive,Inactive,Inactive,Inactive,Inactive,Inactive,Inactive,Inactive,Inactive,Inactive,Inactive,Inactive,Inactive,Inactive,Inactive,Inactive,Inactive,Inactive,Inactive,Inactive,Inactive,Inactive,Brian Griese,GrieBr00
6,7,1998,1998-10-25,7,8,,DEN,,JAX,W 37-24,Inactive,Inactive,Inactive,Inactive,Inactive,Inactive,Inactive,Inactive,Inactive,Inactive,Inactive,Inactive,Inactive,Inactive,Inactive,Inactive,Inactive,Inactive,Inactive,Inactive,Inactive,Inactive,Inactive,Inactive,Inactive,Inactive,Inactive,Inactive,Inactive,Inactive,Inactive,Inactive,Brian Griese,GrieBr00
7,8,1998,1998-11-01,8,9,,DEN,@,CIN,W 33-26,Inactive,Inactive,Inactive,Inactive,Inactive,Inactive,Inactive,Inactive,Inactive,Inactive,Inactive,Inactive,Inactive,Inactive,Inactive,Inactive,Inactive,Inactive,Inactive,Inactive,Inactive,Inactive,Inactive,Inactive,Inactive,Inactive,Inactive,Inactive,Inactive,Inactive,Inactive,Inactive,Brian Griese,GrieBr00
8,9,1998,1998-11-08,9,10,,DEN,,SDG,W 27-10,Inactive,Inactive,Inactive,Inactive,Inactive,Inactive,Inactive,Inactive,Inactive,Inactive,Inactive,Inactive,Inactive,Inactive,Inactive,Inactive,Inactive,Inactive,Inactive,Inactive,Inactive,Inactive,Inactive,Inactive,Inactive,Inactive,Inactive,Inactive,Inactive,Inactive,Inactive,Inactive,Brian Griese,GrieBr00
9,10,1998,1998-11-16,10,11,,DEN,@,KAN,W 30-7,Did Not Play,Did Not Play,Did Not Play,Did Not Play,Did Not Play,Did Not Play,Did Not Play,Did Not Play,Did Not Play,Did Not Play,Did Not Play,Did Not Play,Did Not Play,Did Not Play,Did Not Play,Did Not Play,Did Not Play,Did Not Play,Did Not Play,Did Not Play,Did Not Play,Did Not Play,Did Not Play,Did Not Play,Did Not Play,Did Not Play,Did Not Play,Did Not Play,Did Not Play,Did Not Play,Did Not Play,Did Not Play,Brian Griese,GrieBr00
10,11,1998,1998-11-22,11,12,,DEN,,OAK,W 40-14,Inactive,Inactive,Inactive,Inactive,Inactive,Inactive,Inactive,Inactive,Inactive,Inactive,Inactive,Inactive,Inactive,Inactive,Inactive,Inactive,Inactive,Inactive,Inactive,Inactive,Inactive,Inactive,Inactive,Inactive,Inactive,Inactive,Inactive,Inactive,Inactive,Inactive,Inactive,Inactive,Brian Griese,GrieBr00
11,12,1998,1998-11-29,12,13,,DEN,@,SDG,W 31-16,Inactive,Inactive,Inactive,Inactive,Inactive,Inactive,Inactive,Inactive,Inactive,Inactive,Inactive,Inactive,Inactive,Inactive,Inactive,Inactive,Inactive,Inactive,Inactive,Inactive,Inactive,Inactive,Inactive,Inactive,Inactive,Inactive,Inactive,Inactive,Inactive,Inactive,Inactive,Inactive,Brian Griese,GrieBr00
12,13,1998,1998-12-06,13,14,,DEN,,KAN,W 35-31,Inactive,Inactive,Inactive,Inactive,Inactive,Inactive,Inactive,Inactive,Inactive,Inactive,Inactive,Inactive,Inactive,Inactive,Inactive,Inactive,Inactive,Inactive,Inactive,Inactive,Inactive,Inactive,Inactive,Inactive,Inactive,Inactive,Inactive,Inactive,Inactive,Inactive,Inactive,Inactive,Brian Griese,GrieBr00
13,14,1998,1998-12-13,14,15,,DEN,@,NYG,L 16-20,Inactive,Inactive,Inactive,Inactive,Inactive,Inactive,Inactive,Inactive,Inactive,Inactive,Inactive,Inactive,Inactive,Inactive,Inactive,Inactive,Inactive,Inactive,Inactive,Inactive,Inactive,Inactive,Inactive,Inactive,Inactive,Inactive,Inactive,Inactive,Inactive,Inactive,Inactive,Inactive,Brian Griese,GrieBr00
14,15,1998,1998-12-21,15,16,,DEN,@,MIA,L 21-31,Inactive,Inactive,Inactive,Inactive,Inactive,Inactive,Inactive,Inactive,Inactive,Inactive,Inactive,Inactive,Inactive,Inactive,Inactive,Inactive,Inactive,Inactive,Inactive,Inactive,Inactive,Inactive,Inactive,Inactive,Inactive,Inactive,Inactive,Inactive,Inactive,Inactive,Inactive,Inactive,Brian Griese,GrieBr00
15,16,1998,1998-12-27,16,17,,DEN,,SEA,W 28-21,Inactive,Inactive,Inactive,Inactive,Inactive,Inactive,Inactive,Inactive,Inactive,Inactive,Inactive,Inactive,Inactive,Inactive,Inactive,Inactive,Inactive,Inactive,Inactive,Inactive,Inactive,Inactive,Inactive,Inactive,Inactive,Inactive,Inactive,Inactive,Inactive,Inactive,Inactive,Inactive,Brian Griese,GrieBr00
16,Rk,Year,Date,G#,Week,Age,Tm,,Opp,Result,GS,Cmp,Att,Cmp%,Yds,TD,Int,Rate,Sk,Yds,Y/A,AY/A,Att,Yds,Y/A,TD,Tgt,Rec,Yds,Y/R,TD,Ctch%,Y/Tgt,TD,Pts,Fmb,FL,FF,FR,Yds,TD,Status,Brian Griese,GrieBr00
17,17,1999,1999-09-13,1,1,24.179,DEN,,MIA,L 21-38,*,24,40,60.00,270,3,0,105.2,2,30,6.75,8.25,2,4,2.00,0,0,0,0,,0,0.0%,,0,0,2,1,0,1,-2,0,,Brian Griese,GrieBr00
18,18,1999,1999-09-19,2,2,24.185,DEN,@,KAN,L 10-26,*,11,16,68.75,107,0,1,61.2,2,16,6.69,3.88,2,0,0.00,0,0,0,0,,0,0.0%,,0,0,3,1,0,1,-2,0,,Brian Griese,GrieBr00
19,19,1999,1999-09-26,3,3,24.192,DEN,@,TAM,L 10-13,*,14,29,48.28,132,1,1,58.4,2,12,4.55,3.69,1,0,0.00,0,0,0,0,,0,0.0%,,0,0,2,0,0,2,-3,0,,Brian Griese,GrieBr00
20,20,1999,1999-10-03,4,4,24.199,DEN,,NYJ,L 13-21,*,15,31,48.39,212,0,3,31.3,1,16,6.84,2.48,4,16,4.00,0,0,0,0,,0,0.0%,,0,0,1,1,0,0,0,0,,Brian Griese,GrieBr00
21,21,1999,1999-10-10,5,5,24.206,DEN,@,OAK,W 16-13,*,17,29,58.62,234,1,1,81.7,2,13,8.07,7.21,7,16,2.29,0,0,0,0,,0,0.0%,,0,0,1,0,0,0,-7,0,,Brian Griese,GrieBr00
22,22,1999,1999-10-17,6,6,24.213,DEN,,GNB,W 31-10,*,19,31,61.29,363,2,1,110.0,0,0,11.71,11.55,5,-4,-0.80,1,0,0,0,,0,0.0%,,1,6,1,0,0,1,0,0,,Brian Griese,GrieBr00
23,23,1999,1999-10-24,7,7,24.220,DEN,@,NWE,L 23-24,*,25,38,65.79,316,1,0,100.3,3,7,8.32,8.84,3,23,7.67,1,0,0,0,,0,0.0%,,1,6,0,,0,0,0,0,,Brian Griese,GrieBr00
24,24,1999,1999-10-31,8,8,24.227,DEN,,MIN,L 20-23,*,24,40,60.00,274,1,1,78.5,4,18,6.85,6.23,7,10,1.43,0,0,0,0,,0,0.0%,,0,0,2,0,0,0,-7,0,,Brian Griese,GrieBr00
25,25,1999,1999-11-07,9,9,,DEN,@,SDG,W 33-17,Did Not Play,Did Not Play,Did Not Play,Did Not Play,Did Not Play,Did Not Play,Did Not Play,Did Not Play,Did Not Play,Did Not Play,Did Not Play,Did Not Play,Did Not Play,Did Not Play,Did Not Play,Did Not Play,Did Not Play,Did Not Play,Did Not Play,Did Not Play,Did Not Play,Did Not Play,Did Not Play,Did Not Play,Did Not Play,Did Not Play,Did Not Play,Did Not Play,Did Not Play,Did Not Play,Did Not Play,Did Not Play,Brian Griese,GrieBr00
26,26,1999,1999-11-14,10,10,,DEN,@,SEA,L 17-20,Did Not Play,Did Not Play,Did Not Play,Did Not Play,Did Not Play,Did Not Play,Did Not Play,Did Not Play,Did Not Play,Did Not Play,Did Not Play,Did Not Play,Did Not Play,Did Not Play,Did Not Play,Did Not Play,Did Not Play,Did Not Play,Did Not Play,Did Not Play,Did Not Play,Did Not Play,Did Not Play,Did Not Play,Did Not Play,Did Not Play,Did Not Play,Did Not Play,Did Not Play,Did Not Play,Did Not Play,Did Not Play,Brian Griese,GrieBr00
27,27,1999,1999-11-22,11,11,24.249,DEN,,OAK,W 27-21,,6,14,42.86,60,0,0,55.7,1,2,4.29,4.29,2,1,0.50,0,0,0,0,,0,0.0%,,0,0,1,0,0,1,-20,0,,Brian Griese,GrieBr00
28,28,1999,1999-12-05,12,13,24.262,DEN,,KAN,L 10-16,*,20,36,55.56,227,0,1,63.1,2,19,6.31,5.06,1,1,1.00,0,0,0,0,,0,0.0%,,0,0,0,,0,0,0,0,,Brian Griese,GrieBr00
29,29,1999,1999-12-13,13,14,24.270,DEN,@,JAX,L 24-27,*,21,33,63.64,275,2,2,84.8,1,7,8.33,6.82,3,13,4.33,0,0,0,0,,0,0.0%,,0,0,3,0,0,2,-5,0,,Brian Griese,GrieBr00
30,30,1999,1999-12-19,14,15,24.276,DEN,,SEA,W 36-30,*,20,39,51.28,180,2,2,59.8,2,10,4.62,3.33,4,52,13.00,0,0,0,0,,0,0.0%,,0,0,0,,0,0,0,0,,Brian Griese,GrieBr00
31,31,1999,1999-12-25,15,16,24.282,DEN,@,DET,W 17-7,*,22,30,73.33,171,1,1,84.2,1,6,5.70,4.87,3,2,0.67,0,0,0,0,,0,0.0%,,0,0,0,,0,0,0,0,,Brian Griese,GrieBr00
32,32,1999,2000-01-02,16,17,24.290,DEN,,SDG,L 6-12,*,23,46,50.00,211,0,0,62.9,4,20,4.59,4.59,2,4,2.00,0,0,0,0,,0,0.0%,,0,0,0,,0,1,0,0,,Brian Griese,GrieBr00
33,Rk,Year,Date,G#,Week,Age,Tm,,Opp,Result,GS,Cmp,Att,Cmp%,Yds,TD,Int,Rate,Sk,Yds,Y/A,AY/A,Att,Yds,Y/A,TD,Tgt,Rec,Yds,Y/R,TD,Ctch%,Y/Tgt,TD,Pts,Fmb,FL,FF,FR,Yds,TD,Status,Brian Griese,GrieBr00
34,33,2000,2000-09-04,1,1,25.170,DEN,@,STL,L 36-41,*,19,29,65.52,307,2,0,123.8,4,33,10.59,11.97,4,28,7.00,1,0,0,0,,0,0.0%,,1,6,0,,0,1,0,0,,Brian Griese,GrieBr00
35,34,2000,2000-09-10,2,2,25.176,DEN,,ATL,W 42-14,*,20,33,60.61,268,3,0,116.7,2,13,8.12,9.94,1,0,0.00,0,0,0,0,,0,0.0%,,0,0,0,,0,0,0,0,,Brian Griese,GrieBr00
36,35,2000,2000-09-17,3,3,25.183,DEN,@,OAK,W 33-24,*,21,31,67.74,213,2,0,108.7,1,6,6.87,8.16,6,-7,-1.17,0,0,0,0,,0,0.0%,,0,0,1,1,0,0,-7,0,,Brian Griese,GrieBr00
37,36,2000,2000-09-24,4,4,,DEN,,KAN,L 22-23,Inactive,Inactive,Inactive,Inactive,Inactive,Inactive,Inactive,Inactive,Inactive,Inactive,Inactive,Inactive,Inactive,Inactive,Inactive,Inactive,Inactive,Inactive,Inactive,Inactive,Inactive,Inactive,Inactive,Inactive,Inactive,Inactive,Inactive,Inactive,Inactive,Inactive,Inactive,Inactive,Brian Griese,GrieBr00
38,37,2000,2000-10-01,5,5,25.197,DEN,,NWE,L 19-28,*,31,50,62.00,361,1,1,82.2,4,35,7.22,6.72,6,29,4.83,0,0,0,0,,0,0.0%,,0,0,2,1,0,0,0,0,,Brian Griese,GrieBr00
39,38,2000,2000-10-08,6,6,25.204,DEN,@,SDG,W 21-7,*,27,40,67.50,235,3,0,107.8,2,27,5.88,7.38,1,7,7.00,0,0,0,0,,0,0.0%,,0,0,0,,0,0,0,0,,Brian Griese,GrieBr00
40,39,2000,2000-10-15,7,7,25.211,DEN,,CLE,W 44-10,*,19,34,55.88,336,3,0,119.2,0,0,9.88,11.65,1,14,14.00,0,0,0,0,,0,0.0%,,0,0,0,,0,0,0,0,,Brian Griese,GrieBr00
41,40,2000,2000-10-22,8,8,25.218,DEN,@,CIN,L 21-31,*,30,45,66.67,365,2,1,97.0,2,7,8.11,8.00,3,16,5.33,0,0,0,0,,0,0.0%,,0,0,2,1,0,1,-1,0,,Brian Griese,GrieBr00
42,41,2000,2000-11-05,9,10,25.232,DEN,@,NYJ,W 30-23,*,22,35,62.86,327,2,1,100.5,1,10,9.34,9.20,5,12,2.40,0,0,0,0,,0,0.0%,,0,0,0,,0,0,0,0,,Brian Griese,GrieBr00
43,42,2000,2000-11-13,10,11,25.240,DEN,,OAK,W 27-24,*,25,37,67.57,262,1,1,85.6,1,8,7.08,6.41,2,3,1.50,0,0,0,0,,0,0.0%,,0,0,0,,0,0,0,0,,Brian Griese,GrieBr00
44,43,2000,2000-11-19,11,12,,DEN,,SDG,W 38-37,Inactive,Inactive,Inactive,Inactive,Inactive,Inactive,Inactive,Inactive,Inactive,Inactive,Inactive,Inactive,Inactive,Inactive,Inactive,Inactive,Inactive,Inactive,Inactive,Inactive,Inactive,Inactive,Inactive,Inactive,Inactive,Inactive,Inactive,Inactive,Inactive,Inactive,Inactive,Inactive,Brian Griese,GrieBr00
45,44,2000,2000-11-26,12,13,,DEN,@,SEA,W 38-31,Inactive,Inactive,Inactive,Inactive,Inactive,Inactive,Inactive,Inactive,Inactive,Inactive,Inactive,Inactive,Inactive,Inactive,Inactive,Inactive,Inactive,Inactive,Inactive,Inactive,Inactive,Inactive,Inactive,Inactive,Inactive,Inactive,Inactive,Inactive,Inactive,Inactive,Inactive,Inactive,Brian Griese,GrieBr00
46,45,2000,2000-12-03,13,14,,DEN,@,NOR,W 38-23,Inactive,Inactive,Inactive,Inactive,Inactive,Inactive,Inactive,Inactive,Inactive,Inactive,Inactive,Inactive,Inactive,Inactive,Inactive,Inactive,Inactive,Inactive,Inactive,Inactive,Inactive,Inactive,Inactive,Inactive,Inactive,Inactive,Inactive,Inactive,Inactive,Inactive,Inactive,Inactive,Brian Griese,GrieBr00
47,46,2000,2000-12-10,14,15,,DEN,,SEA,W 31-24,Inactive,Inactive,Inactive,Inactive,Inactive,Inactive,Inactive,Inactive,Inactive,Inactive,Inactive,Inactive,Inactive,Inactive,Inactive,Inactive,Inactive,Inactive,Inactive,Inactive,Inactive,Inactive,Inactive,Inactive,Inactive,Inactive,Inactive,Inactive,Inactive,Inactive,Inactive,Inactive,Brian Griese,GrieBr00
48,47,2000,2000-12-17,15,16,,DEN,@,KAN,L 7-20,Inactive,Inactive,Inactive,Inactive,Inactive,Inactive,Inactive,Inactive,Inactive,Inactive,Inactive,Inactive,Inactive,Inactive,Inactive,Inactive,Inactive,Inactive,Inactive,Inactive,Inactive,Inactive,Inactive,Inactive,Inactive,Inactive,Inactive,Inactive,Inactive,Inactive,Inactive,Inactive,Brian Griese,GrieBr00
49,48,2000,2000-12-23,16,17,25.280,DEN,,SFO,W 38-9,*,2,2,100.00,14,0,0,95.8,0,0,7.00,7.00,0,0,,0,0,0,0,,0,0.0%,,0,0,0,,0,0,0,0,,Brian Griese,GrieBr00
50,Rk,Year,Date,G#,Week,Age,Tm,,Opp,Result,GS,Cmp,Att,Cmp%,Yds,TD,Int,Rate,Sk,Yds,Y/A,AY/A,Att,Yds,Y/A,TD,Tgt,Rec,Yds,Y/R,TD,Ctch%,Y/Tgt,TD,Pts,Fmb,FL,FF,FR,Yds,TD,Status,Brian Griese,GrieBr00
51,49,2001,2001-09-10,1,1,26.176,DEN,,NYG,W 31-20,*,21,29,72.41,330,3,0,144.3,0,0,11.38,13.45,5,8,1.60,0,0,0,0,,0,0.0%,,0,0,1,0,0,1,0,0,,Brian Griese,GrieBr00
52,50,2001,2001-09-23,2,2,26.189,DEN,@,ARI,W 38-17,*,22,31,70.97,242,3,0,126.0,1,8,7.81,9.74,0,0,,0,0,0,0,,0,0.0%,,0,0,0,,0,0,0,0,,Brian Griese,GrieBr00
53,51,2001,2001-09-30,3,3,26.196,DEN,,BAL,L 13-20,*,17,33,51.52,191,1,2,54.0,5,24,5.79,3.67,5,17,3.40,0,0,0,0,,0,0.0%,,0,0,0,,0,0,0,0,,Brian Griese,GrieBr00
54,52,2001,2001-10-07,4,4,26.203,DEN,,KAN,W 20-6,*,11,20,55.00,121,1,1,69.0,2,18,6.05,4.80,8,14,1.75,0,0,0,0,,0,0.0%,,0,0,0,,0,0,0,0,,Brian Griese,GrieBr00
55,53,2001,2001-10-14,5,5,26.210,DEN,@,SEA,L 21-34,*,24,36,66.67,209,2,3,65.6,3,20,5.81,3.17,2,38,19.00,0,0,0,0,,0,0.0%,,0,0,1,0,0,0,0,0,,Brian Griese,GrieBr00
56,54,2001,2001-10-21,6,6,26.217,DEN,@,SDG,L 10-27,*,26,41,63.41,212,1,2,64.3,4,30,5.17,3.46,4,7,1.75,0,0,0,0,,0,0.0%,,0,0,0,,0,0,0,0,,Brian Griese,GrieBr00
57,55,2001,2001-10-28,7,7,26.224,DEN,,NWE,W 31-20,*,19,30,63.33,283,2,2,88.6,2,14,9.43,7.77,4,-1,-0.25,0,1,1,-6,-6.00,0,100.0%,-6.00,0,0,0,,0,0,0,0,,Brian Griese,GrieBr00
58,56,2001,2001-11-05,8,8,26.232,DEN,@,OAK,L 28-38,*,22,32,68.75,221,2,2,82.9,4,24,6.91,5.34,0,0,,0,0,0,0,,0,0.0%,,0,0,0,,0,0,0,0,,Brian Griese,GrieBr00
59,57,2001,2001-11-11,9,9,26.238,DEN,,SDG,W 26-16,*,21,31,67.74,224,2,0,110.1,3,3,7.23,8.52,5,11,2.20,0,0,0,0,,0,0.0%,,0,0,1,1,0,0,0,0,,Brian Griese,GrieBr00
60,58,2001,2001-11-18,10,10,26.245,DEN,,WAS,L 10-17,*,11,31,35.48,114,1,0,57.7,3,16,3.68,4.32,4,29,7.25,0,0,0,0,,0,0.0%,,0,0,1,0,0,0,0,0,,Brian Griese,GrieBr00
61,59,2001,2001-11-22,11,11,26.249,DEN,@,DAL,W 26-24,*,17,29,58.62,171,1,1,72.6,1,11,5.90,5.03,4,-4,-1.00,0,0,0,0,,0,0.0%,,0,0,0,,0,0,0,0,,Brian Griese,GrieBr00
62,60,2001,2001-12-02,12,12,26.259,DEN,@,MIA,L 10-21,*,18,33,54.55,135,1,1,62.1,1,9,4.09,3.33,3,13,4.33,0,0,0,0,,0,0.0%,,0,0,2,0,0,0,-1,0,,Brian Griese,GrieBr00
63,61,2001,2001-12-09,13,13,26.266,DEN,,SEA,W 20-7,*,11,17,64.71,81,1,1,71.0,0,0,4.76,3.29,2,18,9.00,0,0,0,0,,0,0.0%,,0,0,0,,0,0,0,0,,Brian Griese,GrieBr00
64,62,2001,2001-12-16,14,14,,DEN,@,KAN,L 23-26,Inactive,Inactive,Inactive,Inactive,Inactive,Inactive,Inactive,Inactive,Inactive,Inactive,Inactive,Inactive,Inactive,Inactive,Inactive,Inactive,Inactive,Inactive,Inactive,Inactive,Inactive,Inactive,Inactive,Inactive,Inactive,Inactive,Inactive,Inactive,Inactive,Inactive,Inactive,Inactive,Brian Griese,GrieBr00
65,63,2001,2001-12-30,15,16,26.287,DEN,,OAK,W 23-17,*,19,26,73.08,142,1,0,98.6,4,17,5.46,6.23,2,10,5.00,1,0,0,0,,0,0.0%,,1,6,0,,0,0,0,0,,Brian Griese,GrieBr00
66,64,2001,2002-01-06,16,17,26.294,DEN,@,IND,L 10-29,*,16,32,50.00,151,1,4,34.2,5,47,4.72,-0.28,2,13,6.50,0,0,0,0,,0,0.0%,,0,0,1,0,0,1,0,0,,Brian Griese,GrieBr00
67,Rk,Year,Date,G#,Week,Age,Tm,,Opp,Result,GS,Cmp,Att,Cmp%,Yds,TD,Int,Rate,Sk,Yds,Y/A,AY/A,Att,Yds,Y/A,TD,Tgt,Rec,Yds,Y/R,TD,Ctch%,Y/Tgt,TD,Pts,Fmb,FL,FF,FR,Yds,TD,Status,Brian Griese,GrieBr00
68,65,2002,2002-09-08,1,1,27.174,DEN,,STL,W 23-16,*,18,27,66.67,202,2,2,82.6,4,15,7.48,5.63,3,16,5.33,0,0,0,0,,0,0.0%,,0,0,1,0,0,0,0,0,,Brian Griese,GrieBr00
69,66,2002,2002-09-15,2,2,27.181,DEN,@,SFO,W 24-14,*,14,19,73.68,119,2,0,124.7,4,21,6.26,8.37,4,14,3.50,0,0,0,0,,0,0.0%,,0,0,0,,0,0,0,0,,Brian Griese,GrieBr00
70,67,2002,2002-09-22,3,3,27.188,DEN,,BUF,W 28-23,*,19,31,61.29,211,2,0,103.0,4,32,6.81,8.10,5,4,0.80,0,0,0,0,,0,0.0%,,0,0,0,,0,0,0,0,,Brian Griese,GrieBr00
71,68,2002,2002-09-30,4,4,27.196,DEN,@,BAL,L 23-34,*,35,53,66.04,328,1,3,65.6,3,22,6.19,4.02,2,4,2.00,1,0,0,0,,0,0.0%,,1,6,0,,0,0,0,0,,Brian Griese,GrieBr00
72,69,2002,2002-10-06,5,5,27.202,DEN,,SDG,W 26-9,*,26,35,74.29,316,2,1,108.8,2,16,9.03,8.89,5,2,0.40,0,0,0,0,,0,0.0%,,0,0,0,,0,0,0,0,,Brian Griese,GrieBr00
73,70,2002,2002-10-13,6,6,27.209,DEN,,MIA,L 22-24,*,27,46,58.70,335,1,2,70.5,3,36,7.28,5.76,3,19,6.33,0,0,0,0,,0,0.0%,,0,0,0,,0,0,0,0,,Brian Griese,GrieBr00
74,71,2002,2002-10-20,7,7,27.216,DEN,@,KAN,W 37-34,*,30,50,60.00,376,2,0,96.7,1,10,7.52,8.32,2,13,6.50,0,0,0,0,,0,0.0%,,0,0,0,,0,0,0,0,,Brian Griese,GrieBr00
75,72,2002,2002-10-27,8,8,27.223,DEN,@,NWE,W 24-16,*,18,23,78.26,229,1,1,104.5,2,14,9.96,8.87,3,-1,-0.33,0,0,0,0,,0,0.0%,,0,0,0,,0,0,0,0,,Brian Griese,GrieBr00
76,73,2002,2002-11-11,9,10,27.238,DEN,,OAK,L 10-34,*,34,47,72.34,293,0,1,79.5,4,28,6.23,5.28,3,7,2.33,0,0,0,0,,0,0.0%,,0,0,1,0,0,1,-3,0,,Brian Griese,GrieBr00
77,74,2002,2002-11-17,10,11,27.244,DEN,@,SEA,W 31-9,*,17,27,62.96,194,0,1,69.1,1,10,7.19,5.52,2,16,8.00,0,0,0,0,,0,0.0%,,0,0,0,,0,0,0,0,,Brian Griese,GrieBr00
78,75,2002,2002-11-24,11,12,,DEN,,IND,L 20-23,Inactive,Inactive,Inactive,Inactive,Inactive,Inactive,Inactive,Inactive,Inactive,Inactive,Inactive,Inactive,Inactive,Inactive,Inactive,Inactive,Inactive,Inactive,Inactive,Inactive,Inactive,Inactive,Inactive,Inactive,Inactive,Inactive,Inactive,Inactive,Inactive,Inactive,Inactive,Inactive,Brian Griese,GrieBr00
79,76,2002,2002-12-01,12,13,,DEN,@,SDG,L 27-30,Did Not Play,Did Not Play,Did Not Play,Did Not Play,Did Not Play,Did Not Play,Did Not Play,Did Not Play,Did Not Play,Did Not Play,Did Not Play,Did Not Play,Did Not Play,Did Not Play,Did Not Play,Did Not Play,Did Not Play,Did Not Play,Did Not Play,Did Not Play,Did Not Play,Did Not Play,Did Not Play,Did Not Play,Did Not Play,Did Not Play,Did Not Play,Did Not Play,Did Not Play,Did Not Play,Did Not Play,Did Not Play,Brian Griese,GrieBr00
80,77,2002,2002-12-08,13,14,27.265,DEN,@,NYJ,L 13-19,*,28,37,75.68,266,1,1,92.8,2,8,7.19,6.51,3,5,1.67,0,0,0,0,,0,0.0%,,0,0,0,,0,0,0,0,,Brian Griese,GrieBr00
81,78,2002,2002-12-15,14,15,27.272,DEN,,KAN,W 31-24,*,18,26,69.23,297,1,1,104.2,2,12,11.42,10.46,2,8,4.00,0,0,0,0,,0,0.0%,,0,0,0,,0,0,0,0,,Brian Griese,GrieBr00
82,79,2002,2002-12-22,15,16,27.279,DEN,@,OAK,L 16-28,*,7,15,46.67,48,0,2,14.7,2,13,3.20,-2.80,0,0,,0,0,0,0,,0,0.0%,,0,0,0,,0,0,0,0,,Brian Griese,GrieBr00
83,80,2002,2002-12-29,16,17,,DEN,,ARI,W 37-7,Did Not Play,Did Not Play,Did Not Play,Did Not Play,Did Not Play,Did Not Play,Did Not Play,Did Not Play,Did Not Play,Did Not Play,Did Not Play,Did Not Play,Did Not Play,Did Not Play,Did Not Play,Did Not Play,Did Not Play,Did Not Play,Did Not Play,Did Not Play,Did Not Play,Did Not Play,Did Not Play,Did Not Play,Did Not Play,Did Not Play,Did Not Play,Did Not Play,Did Not Play,Did Not Play,Did Not Play,Did Not Play,Brian Griese,GrieBr00
84,Rk,Year,Date,G#,Week,Age,Tm,,Opp,Result,GS,Cmp,Att,Cmp%,Yds,TD,Int,Rate,Sk,Yds,Y/A,AY/A,Att,Yds,Y/A,TD,Tgt,Rec,Yds,Y/R,TD,Ctch%,Y/Tgt,TD,Pts,Fmb,FL,FF,FR,Yds,TD,Status,Brian Griese,GrieBr00
85,81,2003,2003-09-07,1,1,,MIA,,HOU,L 20-21,Inactive,Inactive,Inactive,Inactive,Inactive,Inactive,Inactive,Inactive,Inactive,Inactive,Inactive,Inactive,Inactive,Inactive,Inactive,Inactive,Inactive,Inactive,Inactive,Inactive,Inactive,Inactive,Inactive,Inactive,Inactive,Inactive,Inactive,Inactive,Inactive,Inactive,Inactive,Inactive,Brian Griese,GrieBr00
86,82,2003,2003-09-14,2,2,,MIA,@,NYJ,W 21-10,Inactive,Inactive,Inactive,Inactive,Inactive,Inactive,Inactive,Inactive,Inactive,Inactive,Inactive,Inactive,Inactive,Inactive,Inactive,Inactive,Inactive,Inactive,Inactive,Inactive,Inactive,Inactive,Inactive,Inactive,Inactive,Inactive,Inactive,Inactive,Inactive,Inactive,Inactive,Inactive,Brian Griese,GrieBr00
87,83,2003,2003-09-21,3,3,,MIA,,BUF,W 17-7,Inactive,Inactive,Inactive,Inactive,Inactive,Inactive,Inactive,Inactive,Inactive,Inactive,Inactive,Inactive,Inactive,Inactive,Inactive,Inactive,Inactive,Inactive,Inactive,Inactive,Inactive,Inactive,Inactive,Inactive,Inactive,Inactive,Inactive,Inactive,Inactive,Inactive,Inactive,Inactive,Brian Griese,GrieBr00
88,84,2003,2003-10-05,4,5,,MIA,@,NYG,W 23-10,Inactive,Inactive,Inactive,Inactive,Inactive,Inactive,Inactive,Inactive,Inactive,Inactive,Inactive,Inactive,Inactive,Inactive,Inactive,Inactive,Inactive,Inactive,Inactive,Inactive,Inactive,Inactive,Inactive,Inactive,Inactive,Inactive,Inactive,Inactive,Inactive,Inactive,Inactive,Inactive,Brian Griese,GrieBr00
89,85,2003,2003-10-12,5,6,,MIA,@,JAX,W 24-10,Did Not Play,Did Not Play,Did Not Play,Did Not Play,Did Not Play,Did Not Play,Did Not Play,Did Not Play,Did Not Play,Did Not Play,Did Not Play,Did Not Play,Did Not Play,Did Not Play,Did Not Play,Did Not Play,Did Not Play,Did Not Play,Did Not Play,Did Not Play,Did Not Play,Did Not Play,Did Not Play,Did Not Play,Did Not Play,Did Not Play,Did Not Play,Did Not Play,Did Not Play,Did Not Play,Did Not Play,Did Not Play,Brian Griese,GrieBr00
90,86,2003,2003-10-19,6,7,,MIA,,NWE,L 13-19,Did Not Play,Did Not Play,Did Not Play,Did Not Play,Did Not Play,Did Not Play,Did Not Play,Did Not Play,Did Not Play,Did Not Play,Did Not Play,Did Not Play,Did Not Play,Did Not Play,Did Not Play,Did Not Play,Did Not Play,Did Not Play,Did Not Play,Did Not Play,Did Not Play,Did Not Play,Did Not Play,Did Not Play,Did Not Play,Did Not Play,Did Not Play,Did Not Play,Did Not Play,Did Not Play,Did Not Play,Did Not Play,Brian Griese,GrieBr00
91,87,2003,2003-10-27,7,8,28.223,MIA,@,SDG,W 26-10,*,20,29,68.97,192,3,0,121.6,1,9,6.62,8.69,2,-2,-1.00,0,0,0,0,,0,0.0%,,0,0,0,,0,0,0,0,,Brian Griese,GrieBr00
92,88,2003,2003-11-02,8,9,28.229,MIA,,IND,L 17-23,*,18,29,62.07,231,1,0,98.5,5,39,7.97,8.66,0,0,,0,0,0,0,,0,0.0%,,0,0,2,2,0,0,0,0,,Brian Griese,GrieBr00
93,89,2003,2003-11-09,9,10,28.236,MIA,@,TEN,L 7-31,*,15,27,55.56,131,0,3,29.0,4,16,4.85,-0.15,0,0,,0,0,0,0,,0,0.0%,,0,0,2,2,0,0,0,0,,Brian Griese,GrieBr00
94,90,2003,2003-11-16,10,11,28.243,MIA,,BAL,W 9-6,*,13,32,40.63,126,0,1,39.3,0,0,3.94,2.53,1,6,6.00,0,0,0,0,,0,0.0%,,0,0,0,,0,0,0,0,,Brian Griese,GrieBr00
95,91,2003,2003-11-23,11,12,28.250,MIA,,WAS,W 24-23,*,8,13,61.54,133,1,2,82.1,2,19,10.23,4.85,2,11,5.50,0,0,0,0,,0,0.0%,,0,0,0,,0,0,0,0,,Brian Griese,GrieBr00
96,92,2003,2003-11-27,12,13,,MIA,@,DAL,W 40-21,Did Not Play,Did Not Play,Did Not Play,Did Not Play,Did Not Play,Did Not Play,Did Not Play,Did Not Play,Did Not Play,Did Not Play,Did Not Play,Did Not Play,Did Not Play,Did Not Play,Did Not Play,Did Not Play,Did Not Play,Did Not Play,Did Not Play,Did Not Play,Did Not Play,Did Not Play,Did Not Play,Did Not Play,Did Not Play,Did Not Play,Did Not Play,Did Not Play,Did Not Play,Did Not Play,Did Not Play,Did Not Play,Brian Griese,GrieBr00
97,93,2003,2003-12-07,13,14,,MIA,@,NWE,L 0-12,Did Not Play,Did Not Play,Did Not Play,Did Not Play,Did Not Play,Did Not Play,Did Not Play,Did Not Play,Did Not Play,Did Not Play,Did Not Play,Did Not Play,Did Not Play,Did Not Play,Did Not Play,Did Not Play,Did Not Play,Did Not Play,Did Not Play,Did Not Play,Did Not Play,Did Not Play,Did Not Play,Did Not Play,Did Not Play,Did Not Play,Did Not Play,Did Not Play,Did Not Play,Did Not Play,Did Not Play,Did Not Play,Brian Griese,GrieBr00
98,94,2003,2003-12-15,14,15,,MIA,,PHI,L 27-34,Did Not Play,Did Not Play,Did Not Play,Did Not Play,Did Not Play,Did Not Play,Did Not Play,Did Not Play,Did Not Play,Did Not Play,Did Not Play,Did Not Play,Did Not Play,Did Not Play,Did Not Play,Did Not Play,Did Not Play,Did Not Play,Did Not Play,Did Not Play,Did Not Play,Did Not Play,Did Not Play,Did Not Play,Did Not Play,Did Not Play,Did Not Play,Did Not Play,Did Not Play,Did Not Play,Did Not Play,Did Not Play,Brian Griese,GrieBr00
99,95,2003,2003-12-21,15,16,,MIA,@,BUF,W 20-3,Did Not Play,Did Not Play,Did Not Play,Did Not Play,Did Not Play,Did Not Play,Did Not Play,Did Not Play,Did Not Play,Did Not Play,Did Not Play,Did Not Play,Did Not Play,Did Not Play,Did Not Play,Did Not Play,Did Not Play,Did Not Play,Did Not Play,Did Not Play,Did Not Play,Did Not Play,Did Not Play,Did Not Play,Did Not Play,Did Not Play,Did Not Play,Did Not Play,Did Not Play,Did Not Play,Did Not Play,Did Not Play,Brian Griese,GrieBr00
100,96,2003,2003-12-28,16,17,,MIA,,NYJ,W 23-21,Did Not Play,Did Not Play,Did Not Play,Did Not Play,Did Not Play,Did Not Play,Did Not Play,Did Not Play,Did Not Play,Did Not Play,Did Not Play,Did Not Play,Did Not Play,Did Not Play,Did Not Play,Did Not Play,Did Not Play,Did Not Play,Did Not Play,Did Not Play,Did Not Play,Did Not Play,Did Not Play,Did Not Play,Did Not Play,Did Not Play,Did Not Play,Did Not Play,Did Not Play,Did Not Play,Did Not Play,Did Not Play,Brian Griese,GrieBr00
101,Rk,Year,Date,G#,Week,Age,Tm,,Opp,Result,GS,Cmp,Att,Cmp%,Yds,TD,Int,Rate,Sk,Yds,Y/A,AY/A,Att,Yds,Y/A,TD,Tgt,Rec,Yds,Y/R,TD,Ctch%,Y/Tgt,TD,Pts,Fmb,FL,FF,FR,Yds,TD,Status,Brian Griese,GrieBr00
102,97,2004,2004-09-12,1,1,,TAM,@,WAS,L 10-16,Did Not Play,Did Not Play,Did Not Play,Did Not Play,Did Not Play,Did Not Play,Did Not Play,Did Not Play,Did Not Play,Did Not Play,Did Not Play,Did Not Play,Did Not Play,Did Not Play,Did Not Play,Did Not Play,Did Not Play,Did Not Play,Did Not Play,Did Not Play,Did Not Play,Did Not Play,Did Not Play,Did Not Play,Did Not Play,Did Not Play,Did Not Play,Did Not Play,Did Not Play,Did Not Play,Did Not Play,Did Not Play,Brian Griese,GrieBr00
103,98,2004,2004-09-19,2,2,,TAM,,SEA,L 6-10,Inactive,Inactive,Inactive,Inactive,Inactive,Inactive,Inactive,Inactive,Inactive,Inactive,Inactive,Inactive,Inactive,Inactive,Inactive,Inactive,Inactive,Inactive,Inactive,Inactive,Inactive,Inactive,Inactive,Inactive,Inactive,Inactive,Inactive,Inactive,Inactive,Inactive,Inactive,Inactive,Brian Griese,GrieBr00
104,99,2004,2004-09-26,3,3,,TAM,@,OAK,L 20-30,Inactive,Inactive,Inactive,Inactive,Inactive,Inactive,Inactive,Inactive,Inactive,Inactive,Inactive,Inactive,Inactive,Inactive,Inactive,Inactive,Inactive,Inactive,Inactive,Inactive,Inactive,Inactive,Inactive,Inactive,Inactive,Inactive,Inactive,Inactive,Inactive,Inactive,Inactive,Inactive,Brian Griese,GrieBr00
105,100,2004,2004-10-03,4,4,,TAM,,DEN,L 13-16,Did Not Play,Did Not Play,Did Not Play,Did Not Play,Did Not Play,Did Not Play,Did Not Play,Did Not Play,Did Not Play,Did Not Play,Did Not Play,Did Not Play,Did Not Play,Did Not Play,Did Not Play,Did Not Play,Did Not Play,Did Not Play,Did Not Play,Did Not Play,Did Not Play,Did Not Play,Did Not Play,Did Not Play,Did Not Play,Did Not Play,Did Not Play,Did Not Play,Did Not Play,Did Not Play,Did Not Play,Did Not Play,Brian Griese,GrieBr00
106,101,2004,2004-10-10,5,5,29.206,TAM,@,NOR,W 20-17,,16,19,84.21,194,1,0,126.8,3,16,10.21,11.26,5,-2,-0.40,0,0,0,0,,0,0.0%,,0,0,1,0,0,1,0,0,,Brian Griese,GrieBr00
107,102,2004,2004-10-18,6,6,29.214,TAM,@,STL,L 21-28,*,27,40,67.50,286,2,1,94.4,2,9,7.15,7.03,4,1,0.25,0,0,0,0,,0,0.0%,,0,0,0,0,0,0,0,0,,Brian Griese,GrieBr00
108,103,2004,2004-10-24,7,7,29.220,TAM,,CHI,W 19-7,*,15,23,65.22,163,1,0,100.5,1,8,7.09,7.96,2,-1,-0.50,0,0,0,0,,0,0.0%,,0,0,0,,0,0,0,0,,Brian Griese,GrieBr00
109,104,2004,2004-11-07,8,9,29.234,TAM,,KAN,W 34-31,*,22,34,64.71,296,2,0,111.9,1,8,8.71,9.88,4,1,0.25,0,0,0,0,,0,0.0%,,0,0,0,,0,0,0,0,,Brian Griese,GrieBr00
110,105,2004,2004-11-14,9,10,29.241,TAM,@,ATL,L 14-24,*,19,26,73.08,174,2,1,100.5,7,49,6.69,6.50,1,1,1.00,0,0,0,0,,0,0.0%,,0,0,0,,0,0,0,0,,Brian Griese,GrieBr00
111,106,2004,2004-11-21,10,11,29.248,TAM,,SFO,W 35-3,*,15,21,71.43,210,2,2,95.4,1,7,10.00,7.62,3,5,1.67,0,0,0,0,,0,0.0%,,0,0,1,0,0,1,-3,0,,Brian Griese,GrieBr00
112,107,2004,2004-11-28,11,12,29.255,TAM,@,CAR,L 14-21,*,27,39,69.23,347,2,1,103.3,2,11,8.90,8.77,2,9,4.50,0,0,0,0,,0,0.0%,,0,0,0,,0,0,0,0,,Brian Griese,GrieBr00
113,108,2004,2004-12-05,12,13,29.262,TAM,,ATL,W 27-0,*,13,21,61.90,131,1,1,75.7,3,16,6.24,5.05,4,-3,-0.75,0,0,0,0,,0,0.0%,,0,0,1,0,0,0,-2,0,,Brian Griese,GrieBr00
114,109,2004,2004-12-12,13,14,29.269,TAM,@,SDG,L 24-31,*,36,50,72.00,392,3,3,89.7,3,19,7.84,6.34,1,3,3.00,0,1,1,-4,-4.00,0,100.0%,-4.00,0,0,1,1,0,0,0,0,,Brian Griese,GrieBr00
115,110,2004,2004-12-19,14,15,29.276,TAM,,NOR,L 17-21,*,13,22,59.09,118,1,1,69.9,1,4,5.36,4.23,2,0,0.00,0,0,0,0,,0,0.0%,,0,0,1,1,0,0,0,0,,Brian Griese,GrieBr00
116,111,2004,2004-12-26,15,16,29.283,TAM,,CAR,L 20-37,*,30,41,73.17,321,3,2,99.7,2,22,7.83,7.10,2,3,1.50,0,0,0,0,,0,0.0%,,0,0,1,1,0,0,-2,0,,Brian Griese,GrieBr00
117,112,2004,2005-01-02,16,17,,TAM,@,ARI,L 7-12,Inactive,Inactive,Inactive,Inactive,Inactive,Inactive,Inactive,Inactive,Inactive,Inactive,Inactive,Inactive,Inactive,Inactive,Inactive,Inactive,Inactive,Inactive,Inactive,Inactive,Inactive,Inactive,Inactive,Inactive,Inactive,Inactive,Inactive,Inactive,Inactive,Inactive,Inactive,Inactive,Brian Griese,GrieBr00
118,Rk,Year,Date,G#,Week,Age,Tm,,Opp,Result,GS,Cmp,Att,Cmp%,Yds,TD,Int,Rate,Sk,Yds,Y/A,AY/A,Att,Yds,Y/A,TD,Tgt,Rec,Yds,Y/R,TD,Ctch%,Y/Tgt,TD,Pts,Fmb,FL,FF,FR,Yds,TD,Status,Brian Griese,GrieBr00
119,113,2005,2005-09-11,1,1,30.177,TAM,@,MIN,W 24-13,*,18,29,62.07,213,2,2,78.7,2,14,7.34,5.62,2,-2,-1.00,0,0,0,0,,0,0.0%,,0,0,0,,0,0,0,0,,Brian Griese,GrieBr00
120,114,2005,2005-09-18,2,2,30.184,TAM,,BUF,W 19-3,*,16,22,72.73,136,0,0,88.4,1,9,6.18,6.18,3,-2,-0.67,0,0,0,0,,0,0.0%,,0,0,0,,0,0,0,0,,Brian Griese,GrieBr00
121,115,2005,2005-09-25,3,3,30.191,TAM,@,GNB,W 17-16,*,17,26,65.38,139,2,1,88.5,2,7,5.35,5.15,3,0,0.00,0,0,0,0,,0,0.0%,,0,0,1,0,0,1,0,0,,Brian Griese,GrieBr00
122,116,2005,2005-10-02,4,4,30.198,TAM,,DET,W 17-13,*,22,39,56.41,302,2,3,66.4,3,18,7.74,5.31,1,7,7.00,0,0,0,0,,0,0.0%,,0,0,1,1,0,0,0,0,,Brian Griese,GrieBr00
123,117,2005,2005-10-09,5,5,30.205,TAM,@,NYJ,L 12-14,*,27,42,64.29,226,0,1,68.2,3,25,5.38,4.31,3,8,2.67,0,0,0,0,,0,0.0%,,0,0,0,,0,0,0,0,,Brian Griese,GrieBr00
124,118,2005,2005-10-16,6,6,30.212,TAM,,MIA,W 27-13,*,12,16,75.00,120,1,0,116.7,1,3,7.50,8.75,1,1,1.00,0,0,0,0,,0,0.0%,,0,0,0,,0,0,0,0,,Brian Griese,GrieBr00
125,119,2005,2005-10-30,7,8,,TAM,@,SFO,L 10-15,Injured Reserve,Injured Reserve,Injured Reserve,Injured Reserve,Injured Reserve,Injured Reserve,Injured Reserve,Injured Reserve,Injured Reserve,Injured Reserve,Injured Reserve,Injured Reserve,Injured Reserve,Injured Reserve,Injured Reserve,Injured Reserve,Injured Reserve,Injured Reserve,Injured Reserve,Injured Reserve,Injured Reserve,Injured Reserve,Injured Reserve,Injured Reserve,Injured Reserve,Injured Reserve,Injured Reserve,Injured Reserve,Injured Reserve,Injured Reserve,Injured Reserve,Injured Reserve,Brian Griese,GrieBr00
126,120,2005,2005-11-06,8,9,,TAM,,CAR,L 14-34,Injured Reserve,Injured Reserve,Injured Reserve,Injured Reserve,Injured Reserve,Injured Reserve,Injured Reserve,Injured Reserve,Injured Reserve,Injured Reserve,Injured Reserve,Injured Reserve,Injured Reserve,Injured Reserve,Injured Reserve,Injured Reserve,Injured Reserve,Injured Reserve,Injured Reserve,Injured Reserve,Injured Reserve,Injured Reserve,Injured Reserve,Injured Reserve,Injured Reserve,Injured Reserve,Injured Reserve,Injured Reserve,Injured Reserve,Injured Reserve,Injured Reserve,Injured Reserve,Brian Griese,GrieBr00
127,121,2005,2005-11-13,9,10,,TAM,,WAS,W 36-35,Injured Reserve,Injured Reserve,Injured Reserve,Injured Reserve,Injured Reserve,Injured Reserve,Injured Reserve,Injured Reserve,Injured Reserve,Injured Reserve,Injured Reserve,Injured Reserve,Injured Reserve,Injured Reserve,Injured Reserve,Injured Reserve,Injured Reserve,Injured Reserve,Injured Reserve,Injured Reserve,Injured Reserve,Injured Reserve,Injured Reserve,Injured Reserve,Injured Reserve,Injured Reserve,Injured Reserve,Injured Reserve,Injured Reserve,Injured Reserve,Injured Reserve,Injured Reserve,Brian Griese,GrieBr00
128,122,2005,2005-11-20,10,11,,TAM,@,ATL,W 30-27,Injured Reserve,Injured Reserve,Injured Reserve,Injured Reserve,Injured Reserve,Injured Reserve,Injured Reserve,Injured Reserve,Injured Reserve,Injured Reserve,Injured Reserve,Injured Reserve,Injured Reserve,Injured Reserve,Injured Reserve,Injured Reserve,Injured Reserve,Injured Reserve,Injured Reserve,Injured Reserve,Injured Reserve,Injured Reserve,Injured Reserve,Injured Reserve,Injured Reserve,Injured Reserve,Injured Reserve,Injured Reserve,Injured Reserve,Injured Reserve,Injured Reserve,Injured Reserve,Brian Griese,GrieBr00
129,123,2005,2005-11-27,11,12,,TAM,,CHI,L 10-13,Injured Reserve,Injured Reserve,Injured Reserve,Injured Reserve,Injured Reserve,Injured Reserve,Injured Reserve,Injured Reserve,Injured Reserve,Injured Reserve,Injured Reserve,Injured Reserve,Injured Reserve,Injured Reserve,Injured Reserve,Injured Reserve,Injured Reserve,Injured Reserve,Injured Reserve,Injured Reserve,Injured Reserve,Injured Reserve,Injured Reserve,Injured Reserve,Injured Reserve,Injured Reserve,Injured Reserve,Injured Reserve,Injured Reserve,Injured Reserve,Injured Reserve,Injured Reserve,Brian Griese,GrieBr00
130,124,2005,2005-12-04,12,13,,TAM,@,NOR,W 10-3,Injured Reserve,Injured Reserve,Injured Reserve,Injured Reserve,Injured Reserve,Injured Reserve,Injured Reserve,Injured Reserve,Injured Reserve,Injured Reserve,Injured Reserve,Injured Reserve,Injured Reserve,Injured Reserve,Injured Reserve,Injured Reserve,Injured Reserve,Injured Reserve,Injured Reserve,Injured Reserve,Injured Reserve,Injured Reserve,Injured Reserve,Injured Reserve,Injured Reserve,Injured Reserve,Injured Reserve,Injured Reserve,Injured Reserve,Injured Reserve,Injured Reserve,Injured Reserve,Brian Griese,GrieBr00
131,125,2005,2005-12-11,13,14,,TAM,@,CAR,W 20-10,Injured Reserve,Injured Reserve,Injured Reserve,Injured Reserve,Injured Reserve,Injured Reserve,Injured Reserve,Injured Reserve,Injured Reserve,Injured Reserve,Injured Reserve,Injured Reserve,Injured Reserve,Injured Reserve,Injured Reserve,Injured Reserve,Injured Reserve,Injured Reserve,Injured Reserve,Injured Reserve,Injured Reserve,Injured Reserve,Injured Reserve,Injured Reserve,Injured Reserve,Injured Reserve,Injured Reserve,Injured Reserve,Injured Reserve,Injured Reserve,Injured Reserve,Injured Reserve,Brian Griese,GrieBr00
132,126,2005,2005-12-17,14,15,,TAM,@,NWE,L 0-28,Injured Reserve,Injured Reserve,Injured Reserve,Injured Reserve,Injured Reserve,Injured Reserve,Injured Reserve,Injured Reserve,Injured Reserve,Injured Reserve,Injured Reserve,Injured Reserve,Injured Reserve,Injured Reserve,Injured Reserve,Injured Reserve,Injured Reserve,Injured Reserve,Injured Reserve,Injured Reserve,Injured Reserve,Injured Reserve,Injured Reserve,Injured Reserve,Injured Reserve,Injured Reserve,Injured Reserve,Injured Reserve,Injured Reserve,Injured Reserve,Injured Reserve,Injured Reserve,Brian Griese,GrieBr00
133,127,2005,2005-12-24,15,16,,TAM,,ATL,W 27-24,Injured Reserve,Injured Reserve,Injured Reserve,Injured Reserve,Injured Reserve,Injured Reserve,Injured Reserve,Injured Reserve,Injured Reserve,Injured Reserve,Injured Reserve,Injured Reserve,Injured Reserve,Injured Reserve,Injured Reserve,Injured Reserve,Injured Reserve,Injured Reserve,Injured Reserve,Injured Reserve,Injured Reserve,Injured Reserve,Injured Reserve,Injured Reserve,Injured Reserve,Injured Reserve,Injured Reserve,Injured Reserve,Injured Reserve,Injured Reserve,Injured Reserve,Injured Reserve,Brian Griese,GrieBr00
134,128,2005,2006-01-01,16,17,,TAM,,NOR,W 27-13,Injured Reserve,Injured Reserve,Injured Reserve,Injured Reserve,Injured Reserve,Injured Reserve,Injured Reserve,Injured Reserve,Injured Reserve,Injured Reserve,Injured Reserve,Injured Reserve,Injured Reserve,Injured Reserve,Injured Reserve,Injured Reserve,Injured Reserve,Injured Reserve,Injured Reserve,Injured Reserve,Injured Reserve,Injured Reserve,Injured Reserve,Injured Reserve,Injured Reserve,Injured Reserve,Injured Reserve,Injured Reserve,Injured Reserve,Injured Reserve,Injured Reserve,Injured Reserve,Brian Griese,GrieBr00
135,Rk,Year,Date,G#,Week,Age,Tm,,Opp,Result,GS,Cmp,Att,Cmp%,Yds,TD,Int,Rate,Sk,Yds,Y/A,AY/A,Att,Yds,Y/A,TD,Tgt,Rec,Yds,Y/R,TD,Ctch%,Y/Tgt,TD,Pts,Fmb,FL,FF,FR,Yds,TD,Status,Brian Griese,GrieBr00
136,129,2006,2006-09-10,1,1,,CHI,@,GNB,W 26-0,Did Not Play,Did Not Play,Did Not Play,Did Not Play,Did Not Play,Did Not Play,Did Not Play,Did Not Play,Did Not Play,Did Not Play,Did Not Play,Did Not Play,Did Not Play,Did Not Play,Did Not Play,Did Not Play,Did Not Play,Did Not Play,Did Not Play,Did Not Play,Did Not Play,Did Not Play,Did Not Play,Did Not Play,Did Not Play,Did Not Play,Did Not Play,Did Not Play,Did Not Play,Did Not Play,Did Not Play,Did Not Play,Brian Griese,GrieBr00
137,130,2006,2006-09-17,2,2,31.183,CHI,,DET,W 34-7,,1,1,100.00,5,0,0,87.5,0,0,5.00,5.00,1,-1,-1.00,0,0,0,0,,0,0.0%,,0,0,0,,0,0,0,0,,Brian Griese,GrieBr00
138,131,2006,2006-09-24,3,3,,CHI,@,MIN,W 19-16,Did Not Play,Did Not Play,Did Not Play,Did Not Play,Did Not Play,Did Not Play,Did Not Play,Did Not Play,Did Not Play,Did Not Play,Did Not Play,Did Not Play,Did Not Play,Did Not Play,Did Not Play,Did Not Play,Did Not Play,Did Not Play,Did Not Play,Did Not Play,Did Not Play,Did Not Play,Did Not Play,Did Not Play,Did Not Play,Did Not Play,Did Not Play,Did Not Play,Did Not Play,Did Not Play,Did Not Play,Did Not Play,Brian Griese,GrieBr00
139,132,2006,2006-10-01,4,4,31.197,CHI,,SEA,W 37-6,,0,0,,0,0,0,,0,,,,0,0,,0,,0,0,,0,0.0%,,0,0,0,,0,0,0,0,,Brian Griese,GrieBr00
140,133,2006,2006-10-08,5,5,31.204,CHI,,BUF,W 40-7,,4,4,100.00,29,0,0,96.9,1,8,7.25,7.25,3,-2,-0.67,0,0,0,0,,0,0.0%,,0,0,1,1,0,0,0,0,,Brian Griese,GrieBr00
141,134,2006,2006-10-16,6,6,,CHI,@,ARI,W 24-23,Did Not Play,Did Not Play,Did Not Play,Did Not Play,Did Not Play,Did Not Play,Did Not Play,Did Not Play,Did Not Play,Did Not Play,Did Not Play,Did Not Play,Did Not Play,Did Not Play,Did Not Play,Did Not Play,Did Not Play,Did Not Play,Did Not Play,Did Not Play,Did Not Play,Did Not Play,Did Not Play,Did Not Play,Did Not Play,Did Not Play,Did Not Play,Did Not Play,Did Not Play,Did Not Play,Did Not Play,Did Not Play,Brian Griese,GrieBr00
142,135,2006,2006-10-29,7,8,31.225,CHI,,SFO,W 41-10,,2,3,66.67,11,0,0,72.9,1,6,3.67,3.67,2,-2,-1.00,0,0,0,0,,0,0.0%,,0,0,0,,0,0,0,0,,Brian Griese,GrieBr00
143,136,2006,2006-11-05,8,9,,CHI,,MIA,L 13-31,Did Not Play,Did Not Play,Did Not Play,Did Not Play,Did Not Play,Did Not Play,Did Not Play,Did Not Play,Did Not Play,Did Not Play,Did Not Play,Did Not Play,Did Not Play,Did Not Play,Did Not Play,Did Not Play,Did Not Play,Did Not Play,Did Not Play,Did Not Play,Did Not Play,Did Not Play,Did Not Play,Did Not Play,Did Not Play,Did Not Play,Did Not Play,Did Not Play,Did Not Play,Did Not Play,Did Not Play,Did Not Play,Brian Griese,GrieBr00
144,137,2006,2006-11-12,9,10,,CHI,@,NYG,W 38-20,Did Not Play,Did Not Play,Did Not Play,Did Not Play,Did Not Play,Did Not Play,Did Not Play,Did Not Play,Did Not Play,Did Not Play,Did Not Play,Did Not Play,Did Not Play,Did Not Play,Did Not Play,Did Not Play,Did Not Play,Did Not Play,Did Not Play,Did Not Play,Did Not Play,Did Not Play,Did Not Play,Did Not Play,Did Not Play,Did Not Play,Did Not Play,Did Not Play,Did Not Play,Did Not Play,Did Not Play,Did Not Play,Brian Griese,GrieBr00
145,138,2006,2006-11-19,10,11,,CHI,@,NYJ,W 10-0,Did Not Play,Did Not Play,Did Not Play,Did Not Play,Did Not Play,Did Not Play,Did Not Play,Did Not Play,Did Not Play,Did Not Play,Did Not Play,Did Not Play,Did Not Play,Did Not Play,Did Not Play,Did Not Play,Did Not Play,Did Not Play,Did Not Play,Did Not Play,Did Not Play,Did Not Play,Did Not Play,Did Not Play,Did Not Play,Did Not Play,Did Not Play,Did Not Play,Did Not Play,Did Not Play,Did Not Play,Did Not Play,Brian Griese,GrieBr00
146,139,2006,2006-11-26,11,12,,CHI,@,NWE,L 13-17,Did Not Play,Did Not Play,Did Not Play,Did Not Play,Did Not Play,Did Not Play,Did Not Play,Did Not Play,Did Not Play,Did Not Play,Did Not Play,Did Not Play,Did Not Play,Did Not Play,Did Not Play,Did Not Play,Did Not Play,Did Not Play,Did Not Play,Did Not Play,Did Not Play,Did Not Play,Did Not Play,Did Not Play,Did Not Play,Did Not Play,Did Not Play,Did Not Play,Did Not Play,Did Not Play,Did Not Play,Did Not Play,Brian Griese,GrieBr00
147,140,2006,2006-12-03,12,13,,CHI,,MIN,W 23-13,Did Not Play,Did Not Play,Did Not Play,Did Not Play,Did Not Play,Did Not Play,Did Not Play,Did Not Play,Did Not Play,Did Not Play,Did Not Play,Did Not Play,Did Not Play,Did Not Play,Did Not Play,Did Not Play,Did Not Play,Did Not Play,Did Not Play,Did Not Play,Did Not Play,Did Not Play,Did Not Play,Did Not Play,Did Not Play,Did Not Play,Did Not Play,Did Not Play,Did Not Play,Did Not Play,Did Not Play,Did Not Play,Brian Griese,GrieBr00
148,141,2006,2006-12-11,13,14,,CHI,@,STL,W 42-27,Did Not Play,Did Not Play,Did Not Play,Did Not Play,Did Not Play,Did Not Play,Did Not Play,Did Not Play,Did Not Play,Did Not Play,Did Not Play,Did Not Play,Did Not Play,Did Not Play,Did Not Play,Did Not Play,Did Not Play,Did Not Play,Did Not Play,Did Not Play,Did Not Play,Did Not Play,Did Not Play,Did Not Play,Did Not Play,Did Not Play,Did Not Play,Did Not Play,Did Not Play,Did Not Play,Did Not Play,Did Not Play,Brian Griese,GrieBr00
149,142,2006,2006-12-17,14,15,,CHI,,TAM,W 34-31,Did Not Play,Did Not Play,Did Not Play,Did Not Play,Did Not Play,Did Not Play,Did Not Play,Did Not Play,Did Not Play,Did Not Play,Did Not Play,Did Not Play,Did Not Play,Did Not Play,Did Not Play,Did Not Play,Did Not Play,Did Not Play,Did Not Play,Did Not Play,Did Not Play,Did Not Play,Did Not Play,Did Not Play,Did Not Play,Did Not Play,Did Not Play,Did Not Play,Did Not Play,Did Not Play,Did Not Play,Did Not Play,Brian Griese,GrieBr00
150,143,2006,2006-12-24,15,16,31.281,CHI,@,DET,W 26-21,,6,9,66.67,51,0,0,81.2,0,0,5.67,5.67,0,0,,0,0,0,0,,0,0.0%,,0,0,0,,0,0,0,0,,Brian Griese,GrieBr00
151,144,2006,2006-12-31,16,17,31.288,CHI,,GNB,L 7-26,,5,15,33.33,124,1,2,46.9,1,8,8.27,3.60,0,0,,0,0,0,0,,0,0.0%,,0,0,0,,0,0,0,0,,Brian Griese,GrieBr00
152,Rk,Year,Date,G#,Week,Age,Tm,,Opp,Result,GS,Cmp,Att,Cmp%,Yds,TD,Int,Rate,Sk,Yds,Y/A,AY/A,Att,Yds,Y/A,TD,Tgt,Rec,Yds,Y/R,TD,Ctch%,Y/Tgt,TD,Pts,Fmb,FL,FF,FR,Yds,TD,Status,Brian Griese,GrieBr00
153,145,2007,2007-09-09,1,1,,CHI,@,SDG,L 3-14,Did Not Play,Did Not Play,Did Not Play,Did Not Play,Did Not Play,Did Not Play,Did Not Play,Did Not Play,Did Not Play,Did Not Play,Did Not Play,Did Not Play,Did Not Play,Did Not Play,Did Not Play,Did Not Play,Did Not Play,Did Not Play,Did Not Play,Did Not Play,Did Not Play,Did Not Play,Did Not Play,Did Not Play,Did Not Play,Did Not Play,Did Not Play,Did Not Play,Did Not Play,Did Not Play,Did Not Play,Did Not Play,Brian Griese,GrieBr00
154,146,2007,2007-09-16,2,2,,CHI,,KAN,W 20-10,Did Not Play,Did Not Play,Did Not Play,Did Not Play,Did Not Play,Did Not Play,Did Not Play,Did Not Play,Did Not Play,Did Not Play,Did Not Play,Did Not Play,Did Not Play,Did Not Play,Did Not Play,Did Not Play,Did Not Play,Did Not Play,Did Not Play,Did Not Play,Did Not Play,Did Not Play,Did Not Play,Did Not Play,Did Not Play,Did Not Play,Did Not Play,Did Not Play,Did Not Play,Did Not Play,Did Not Play,Did Not Play,Brian Griese,GrieBr00
155,147,2007,2007-09-23,3,3,,CHI,,DAL,L 10-34,Did Not Play,Did Not Play,Did Not Play,Did Not Play,Did Not Play,Did Not Play,Did Not Play,Did Not Play,Did Not Play,Did Not Play,Did Not Play,Did Not Play,Did Not Play,Did Not Play,Did Not Play,Did Not Play,Did Not Play,Did Not Play,Did Not Play,Did Not Play,Did Not Play,Did Not Play,Did Not Play,Did Not Play,Did Not Play,Did Not Play,Did Not Play,Did Not Play,Did Not Play,Did Not Play,Did Not Play,Did Not Play,Brian Griese,GrieBr00
156,148,2007,2007-09-30,4,4,32.196,CHI,@,DET,L 27-37,*,34,52,65.38,286,2,3,68.3,6,52,5.50,3.67,2,8,4.00,0,0,0,0,,0,0.0%,,0,0,2,0,0,1,0,0,,Brian Griese,GrieBr00
157,149,2007,2007-10-07,5,5,32.203,CHI,@,GNB,W 27-20,*,15,25,60.00,214,2,1,97.7,2,11,8.56,8.36,1,-1,-1.00,0,0,0,0,,0,0.0%,,0,0,0,,0,0,0,0,,Brian Griese,GrieBr00
158,150,2007,2007-10-14,6,6,32.210,CHI,,MIN,L 31-34,*,26,45,57.78,381,3,2,89.2,1,6,8.47,7.80,1,1,1.00,0,0,0,0,,0,0.0%,,0,0,1,1,0,0,0,0,,Brian Griese,GrieBr00
159,151,2007,2007-10-21,7,7,32.217,CHI,@,PHI,W 19-16,*,27,41,65.85,322,1,0,97.8,1,8,7.85,8.34,1,0,0.00,0,0,0,0,,0,0.0%,,0,0,1,0,0,1,-3,0,,Brian Griese,GrieBr00
160,152,2007,2007-10-28,8,8,32.224,CHI,,DET,L 7-16,*,22,40,55.00,208,1,4,38.3,2,16,5.20,1.20,3,8,2.67,0,0,0,0,,0,0.0%,,0,0,1,0,0,0,-1,0,,Brian Griese,GrieBr00
161,153,2007,2007-11-11,9,10,32.238,CHI,@,OAK,W 17-6,*,10,14,71.43,97,0,0,90.5,1,8,6.93,6.93,1,0,0.00,0,0,0,0,,0,0.0%,,0,0,1,0,0,0,0,0,,Brian Griese,GrieBr00
162,154,2007,2007-11-18,10,11,,CHI,@,SEA,L 23-30,Inactive,Inactive,Inactive,Inactive,Inactive,Inactive,Inactive,Inactive,Inactive,Inactive,Inactive,Inactive,Inactive,Inactive,Inactive,Inactive,Inactive,Inactive,Inactive,Inactive,Inactive,Inactive,Inactive,Inactive,Inactive,Inactive,Inactive,Inactive,Inactive,Inactive,Inactive,Inactive,Brian Griese,GrieBr00
163,155,2007,2007-11-25,11,12,,CHI,,DEN,W 37-34,Did Not Play,Did Not Play,Did Not Play,Did Not Play,Did Not Play,Did Not Play,Did Not Play,Did Not Play,Did Not Play,Did Not Play,Did Not Play,Did Not Play,Did Not Play,Did Not Play,Did Not Play,Did Not Play,Did Not Play,Did Not Play,Did Not Play,Did Not Play,Did Not Play,Did Not Play,Did Not Play,Did Not Play,Did Not Play,Did Not Play,Did Not Play,Did Not Play,Did Not Play,Did Not Play,Did Not Play,Did Not Play,Brian Griese,GrieBr00
164,156,2007,2007-12-02,12,13,,CHI,,NYG,L 16-21,Did Not Play,Did Not Play,Did Not Play,Did Not Play,Did Not Play,Did Not Play,Did Not Play,Did Not Play,Did Not Play,Did Not Play,Did Not Play,Did Not Play,Did Not Play,Did Not Play,Did Not Play,Did Not Play,Did Not Play,Did Not Play,Did Not Play,Did Not Play,Did Not Play,Did Not Play,Did Not Play,Did Not Play,Did Not Play,Did Not Play,Did Not Play,Did Not Play,Did Not Play,Did Not Play,Did Not Play,Did Not Play,Brian Griese,GrieBr00
165,157,2007,2007-12-06,13,14,32.263,CHI,@,WAS,L 16-24,,27,45,60.00,295,1,2,68.3,2,13,6.56,5.00,4,12,3.00,0,0,0,0,,0,0.0%,,0,0,0,,0,0,0,0,,Brian Griese,GrieBr00
166,158,2007,2007-12-17,14,15,,CHI,@,MIN,L 13-20,Did Not Play,Did Not Play,Did Not Play,Did Not Play,Did Not Play,Did Not Play,Did Not Play,Did Not Play,Did Not Play,Did Not Play,Did Not Play,Did Not Play,Did Not Play,Did Not Play,Did Not Play,Did Not Play,Did Not Play,Did Not Play,Did Not Play,Did Not Play,Did Not Play,Did Not Play,Did Not Play,Did Not Play,Did Not Play,Did Not Play,Did Not Play,Did Not Play,Did Not Play,Did Not Play,Did Not Play,Did Not Play,Brian Griese,GrieBr00
167,159,2007,2007-12-23,15,16,,CHI,,GNB,W 35-7,Did Not Play,Did Not Play,Did Not Play,Did Not Play,Did Not Play,Did Not Play,Did Not Play,Did Not Play,Did Not Play,Did Not Play,Did Not Play,Did Not Play,Did Not Play,Did Not Play,Did Not Play,Did Not Play,Did Not Play,Did Not Play,Did Not Play,Did Not Play,Did Not Play,Did Not Play,Did Not Play,Did Not Play,Did Not Play,Did Not Play,Did Not Play,Did Not Play,Did Not Play,Did Not Play,Did Not Play,Did Not Play,Brian Griese,GrieBr00
168,160,2007,2007-12-30,16,17,,CHI,,NOR,W 33-25,Did Not Play,Did Not Play,Did Not Play,Did Not Play,Did Not Play,Did Not Play,Did Not Play,Did Not Play,Did Not Play,Did Not Play,Did Not Play,Did Not Play,Did Not Play,Did Not Play,Did Not Play,Did Not Play,Did Not Play,Did Not Play,Did Not Play,Did Not Play,Did Not Play,Did Not Play,Did Not Play,Did Not Play,Did Not Play,Did Not Play,Did Not Play,Did Not Play,Did Not Play,Did Not Play,Did Not Play,Did Not Play,Brian Griese,GrieBr00
169,Rk,Year,Date,G#,Week,Age,Tm,,Opp,Result,GS,Cmp,Att,Cmp%,Yds,TD,Int,Rate,Sk,Yds,Y/A,AY/A,Att,Yds,Y/A,TD,Tgt,Rec,Yds,Y/R,TD,Ctch%,Y/Tgt,TD,Pts,Fmb,FL,FF,FR,Yds,TD,Status,Brian Griese,GrieBr00
170,161,2008,2008-09-07,1,1,,TAM,@,NOR,L 20-24,Did Not Play,Did Not Play,Did Not Play,Did Not Play,Did Not Play,Did Not Play,Did Not Play,Did Not Play,Did Not Play,Did Not Play,Did Not Play,Did Not Play,Did Not Play,Did Not Play,Did Not Play,Did Not Play,Did Not Play,Did Not Play,Did Not Play,Did Not Play,Did Not Play,Did Not Play,Did Not Play,Did Not Play,Did Not Play,Did Not Play,Did Not Play,Did Not Play,Did Not Play,Did Not Play,Did Not Play,Did Not Play,Brian Griese,GrieBr00
171,162,2008,2008-09-14,2,2,33.180,TAM,,ATL,W 24-9,*,18,31,58.06,160,1,0,82.7,2,13,5.16,5.81,1,-1,-1.00,0,0,0,0,,0,0.0%,,0,0,1,1,0,0,0,0,,Brian Griese,GrieBr00
172,163,2008,2008-09-21,3,3,33.187,TAM,@,CHI,W 27-24,*,38,67,56.72,407,2,3,66.0,0,0,6.07,4.66,0,0,,0,0,0,0,,0,0.0%,,0,0,0,,0,0,0,0,,Brian Griese,GrieBr00
173,164,2008,2008-09-28,4,4,33.194,TAM,,GNB,W 30-21,*,15,30,50.00,149,1,3,36.0,0,0,4.97,1.13,4,0,0.00,0,0,0,0,,0,0.0%,,0,0,0,,0,0,0,0,,Brian Griese,GrieBr00
174,165,2008,2008-10-05,5,5,33.201,TAM,@,DEN,L 13-16,*,13,19,68.42,88,0,0,78.4,3,13,4.63,4.63,0,0,,0,0,0,0,,0,0.0%,,0,0,0,,0,0,0,0,,Brian Griese,GrieBr00
175,166,2008,2008-10-12,6,6,,TAM,,CAR,W 27-3,Inactive,Inactive,Inactive,Inactive,Inactive,Inactive,Inactive,Inactive,Inactive,Inactive,Inactive,Inactive,Inactive,Inactive,Inactive,Inactive,Inactive,Inactive,Inactive,Inactive,Inactive,Inactive,Inactive,Inactive,Inactive,Inactive,Inactive,Inactive,Inactive,Inactive,Inactive,Inactive,Brian Griese,GrieBr00
176,167,2008,2008-10-19,7,7,,TAM,,SEA,W 20-10,Inactive,Inactive,Inactive,Inactive,Inactive,Inactive,Inactive,Inactive,Inactive,Inactive,Inactive,Inactive,Inactive,Inactive,Inactive,Inactive,Inactive,Inactive,Inactive,Inactive,Inactive,Inactive,Inactive,Inactive,Inactive,Inactive,Inactive,Inactive,Inactive,Inactive,Inactive,Inactive,Brian Griese,GrieBr00
177,168,2008,2008-10-26,8,8,,TAM,@,DAL,L 9-13,Inactive,Inactive,Inactive,Inactive,Inactive,Inactive,Inactive,Inactive,Inactive,Inactive,Inactive,Inactive,Inactive,Inactive,Inactive,Inactive,Inactive,Inactive,Inactive,Inactive,Inactive,Inactive,Inactive,Inactive,Inactive,Inactive,Inactive,Inactive,Inactive,Inactive,Inactive,Inactive,Brian Griese,GrieBr00
178,169,2008,2008-11-02,9,9,,TAM,@,KAN,W 30-27,Inactive,Inactive,Inactive,Inactive,Inactive,Inactive,Inactive,Inactive,Inactive,Inactive,Inactive,Inactive,Inactive,Inactive,Inactive,Inactive,Inactive,Inactive,Inactive,Inactive,Inactive,Inactive,Inactive,Inactive,Inactive,Inactive,Inactive,Inactive,Inactive,Inactive,Inactive,Inactive,Brian Griese,GrieBr00
179,170,2008,2008-11-16,10,11,,TAM,,MIN,W 19-13,Inactive,Inactive,Inactive,Inactive,Inactive,Inactive,Inactive,Inactive,Inactive,Inactive,Inactive,Inactive,Inactive,Inactive,Inactive,Inactive,Inactive,Inactive,Inactive,Inactive,Inactive,Inactive,Inactive,Inactive,Inactive,Inactive,Inactive,Inactive,Inactive,Inactive,Inactive,Inactive,Brian Griese,GrieBr00
180,171,2008,2008-11-23,11,12,,TAM,@,DET,W 38-20,Inactive,Inactive,Inactive,Inactive,Inactive,Inactive,Inactive,Inactive,Inactive,Inactive,Inactive,Inactive,Inactive,Inactive,Inactive,Inactive,Inactive,Inactive,Inactive,Inactive,Inactive,Inactive,Inactive,Inactive,Inactive,Inactive,Inactive,Inactive,Inactive,Inactive,Inactive,Inactive,Brian Griese,GrieBr00
181,172,2008,2008-11-30,12,13,,TAM,,NOR,W 23-20,Inactive,Inactive,Inactive,Inactive,Inactive,Inactive,Inactive,Inactive,Inactive,Inactive,Inactive,Inactive,Inactive,Inactive,Inactive,Inactive,Inactive,Inactive,Inactive,Inactive,Inactive,Inactive,Inactive,Inactive,Inactive,Inactive,Inactive,Inactive,Inactive,Inactive,Inactive,Inactive,Brian Griese,GrieBr00
182,173,2008,2008-12-08,13,14,,TAM,@,CAR,L 23-38,Inactive,Inactive,Inactive,Inactive,Inactive,Inactive,Inactive,Inactive,Inactive,Inactive,Inactive,Inactive,Inactive,Inactive,Inactive,Inactive,Inactive,Inactive,Inactive,Inactive,Inactive,Inactive,Inactive,Inactive,Inactive,Inactive,Inactive,Inactive,Inactive,Inactive,Inactive,Inactive,Brian Griese,GrieBr00
183,174,2008,2008-12-14,14,15,33.271,TAM,@,ATL,L 10-13,*,26,37,70.27,269,1,1,88.7,4,43,7.27,6.59,0,0,,0,0,0,0,,0,0.0%,,0,0,0,,0,0,0,0,,Brian Griese,GrieBr00
184,175,2008,2008-12-21,15,16,,TAM,,SDG,L 24-41,Inactive,Inactive,Inactive,Inactive,Inactive,Inactive,Inactive,Inactive,Inactive,Inactive,Inactive,Inactive,Inactive,Inactive,Inactive,Inactive,Inactive,Inactive,Inactive,Inactive,Inactive,Inactive,Inactive,Inactive,Inactive,Inactive,Inactive,Inactive,Inactive,Inactive,Inactive,Inactive,Brian Griese,GrieBr00
185,176,2008,2008-12-28,16,17,,TAM,,OAK,L 24-31,Inactive,Inactive,Inactive,Inactive,Inactive,Inactive,Inactive,Inactive,Inactive,Inactive,Inactive,Inactive,Inactive,Inactive,Inactive,Inactive,Inactive,Inactive,Inactive,Inactive,Inactive,Inactive,Inactive,Inactive,Inactive,Inactive,Inactive,Inactive,Inactive,Inactive,Inactive,Inactive,Brian Griese,GrieBr00
186,,,93 Games,,,,,,,53-40-0,,1752,2796,62.66,19440,119,99,82.7,193,1326,6.95,6.21,238,582,2.45,5,2,2,-10,-5.00,0,100.0%,-5.00,5,30,51,18,0,19,-70,0,,Brian Griese,GrieBr00
